-- phpMyAdmin SQL Dump
-- version 3.4.5
-- http://www.phpmyadmin.net
--
-- Host: localhost
-- Generation Time: Oct 25, 2011 at 06:34 PM
-- Server version: 5.5.15
-- PHP Version: 5.3.8

SET SQL_MODE="NO_AUTO_VALUE_ON_ZERO";
SET time_zone = "+00:00";


/*!40101 SET @OLD_CHARACTER_SET_CLIENT=@@CHARACTER_SET_CLIENT */;
/*!40101 SET @OLD_CHARACTER_SET_RESULTS=@@CHARACTER_SET_RESULTS */;
/*!40101 SET @OLD_COLLATION_CONNECTION=@@COLLATION_CONNECTION */;
/*!40101 SET NAMES utf8 */;

--
-- Database: `dexter_starter`
--

-- --------------------------------------------------------

--
-- Table structure for table `apps_ads`
--

CREATE TABLE IF NOT EXISTS `apps_ads` (
  `ad_id` int(10) unsigned NOT NULL AUTO_INCREMENT,
  `smap_id` int(10) unsigned NOT NULL,
  `ad_top_728_90` text,
  `ad_left_250_250` text,
  PRIMARY KEY (`ad_id`),
  KEY `smap_id` (`smap_id`)
) ENGINE=InnoDB  DEFAULT CHARSET=utf8 AUTO_INCREMENT=4 ;

--
-- Dumping data for table `apps_ads`
--

INSERT INTO `apps_ads` (`ad_id`, `smap_id`, `ad_top_728_90`, `ad_left_250_250`) VALUES
(3, 1263, '<a href="#"><img src="uploads/public/reklama/13149771465189.nrs.gif" alt="728x90" style="" align="bottom" border="0" height="90" width="728"/></a>', '<a href="#"><img src="uploads/public/reklama/13149795553664.nrs.gif" alt="250x250" style="" align="bottom" border="0" height="250" width="250"/></a>');

-- --------------------------------------------------------

--
-- Table structure for table `apps_feed`
--

CREATE TABLE IF NOT EXISTS `apps_feed` (
  `tf_id` int(10) unsigned NOT NULL AUTO_INCREMENT,
  `smap_id` int(10) unsigned NOT NULL,
  `tf_order_num` int(10) unsigned DEFAULT '1',
  PRIMARY KEY (`tf_id`),
  KEY `smap_id` (`smap_id`),
  KEY `tf_order_num` (`tf_order_num`)
) ENGINE=InnoDB  DEFAULT CHARSET=utf8 AUTO_INCREMENT=3 ;

--
-- Dumping data for table `apps_feed`
--

INSERT INTO `apps_feed` (`tf_id`, `smap_id`, `tf_order_num`) VALUES
(1, 1272, 2),
(2, 1272, 1);

-- --------------------------------------------------------

--
-- Table structure for table `apps_feedback`
--

CREATE TABLE IF NOT EXISTS `apps_feedback` (
  `feed_id` int(10) unsigned NOT NULL AUTO_INCREMENT,
  `feed_date` datetime NOT NULL DEFAULT '0000-00-00 00:00:00',
  `feed_email` varchar(200) NOT NULL DEFAULT '',
  `feed_author` varchar(250) DEFAULT NULL,
  `feed_text` text NOT NULL,
  PRIMARY KEY (`feed_id`)
) ENGINE=InnoDB DEFAULT CHARSET=utf8 AUTO_INCREMENT=1 ;

-- --------------------------------------------------------

--
-- Table structure for table `apps_feed_tags`
--

CREATE TABLE IF NOT EXISTS `apps_feed_tags` (
  `tf_id` int(10) unsigned NOT NULL,
  `tag_id` int(10) unsigned NOT NULL,
  PRIMARY KEY (`tf_id`,`tag_id`),
  KEY `tag_id` (`tag_id`)
) ENGINE=InnoDB DEFAULT CHARSET=utf8;

--
-- Dumping data for table `apps_feed_tags`
--

INSERT INTO `apps_feed_tags` (`tf_id`, `tag_id`) VALUES
(2, 27),
(2, 83),
(1, 87);

-- --------------------------------------------------------

--
-- Table structure for table `apps_feed_translation`
--

CREATE TABLE IF NOT EXISTS `apps_feed_translation` (
  `tf_id` int(10) unsigned NOT NULL,
  `lang_id` int(10) unsigned NOT NULL,
  `tf_name` varchar(256) NOT NULL,
  `tf_annotation_rtf` text NOT NULL,
  `tf_text_rtf` text NOT NULL,
  PRIMARY KEY (`tf_id`,`lang_id`),
  KEY `lang_id` (`lang_id`)
) ENGINE=InnoDB DEFAULT CHARSET=utf8;

--
-- Dumping data for table `apps_feed_translation`
--

INSERT INTO `apps_feed_translation` (`tf_id`, `lang_id`, `tf_name`, `tf_annotation_rtf`, `tf_text_rtf`) VALUES
(1, 1, 'Заголовок статьи', 'Текст аннотации<br>', 'Полный текст<br>'),
(1, 2, 'Заголовок статті', 'текст аннотації<br>', 'Повний текст<br>'),
(1, 9, 'Заголовок статьи', 'Текст аннотации<br>', 'Полный текст<br>'),
(2, 1, 'Вторая статья', 'аннотация второй статьи<br>', 'Текст второй статьи<br>'),
(2, 2, 'Друга стаття', 'анотація другої статті<br>', 'повний текст другої статті<br>'),
(2, 9, 'Вторая статья', 'аннотация второй статьи<br>', 'Текст второй статьи<br>');

-- --------------------------------------------------------

--
-- Table structure for table `apps_feed_uploads`
--

CREATE TABLE IF NOT EXISTS `apps_feed_uploads` (
  `tf_id` int(10) unsigned NOT NULL,
  `upl_id` int(10) unsigned NOT NULL,
  `upl_order_num` int(10) unsigned DEFAULT '1',
  PRIMARY KEY (`tf_id`,`upl_id`),
  KEY `upl_order_num` (`upl_order_num`),
  KEY `upl_id` (`upl_id`)
) ENGINE=InnoDB DEFAULT CHARSET=utf8;

--
-- Dumping data for table `apps_feed_uploads`
--

INSERT INTO `apps_feed_uploads` (`tf_id`, `upl_id`, `upl_order_num`) VALUES
(1, 125, 1),
(2, 128, 1),
(1, 126, 2),
(2, 129, 2),
(1, 128, 3),
(2, 131, 3),
(1, 129, 4);

-- --------------------------------------------------------

--
-- Table structure for table `apps_news`
--

CREATE TABLE IF NOT EXISTS `apps_news` (
  `news_id` int(10) unsigned NOT NULL AUTO_INCREMENT,
  `smap_id` int(10) unsigned NOT NULL,
  `news_date` datetime NOT NULL,
  `news_segment` varchar(100) COLLATE utf8_unicode_ci DEFAULT NULL,
  PRIMARY KEY (`news_id`),
  KEY `smap_id` (`smap_id`),
  KEY `news_segment` (`news_segment`)
) ENGINE=InnoDB  DEFAULT CHARSET=utf8 COLLATE=utf8_unicode_ci AUTO_INCREMENT=20 ;

--
-- Dumping data for table `apps_news`
--

INSERT INTO `apps_news` (`news_id`, `smap_id`, `news_date`, `news_segment`) VALUES
(8, 1255, '2011-07-01 14:49:00', 'uhodyashhij-kurs'),
(9, 1255, '2011-07-08 09:12:00', 'kolebatelynyj-podvizhnyj-obekt-gipoteza-i-teorii'),
(10, 1255, '2011-07-14 20:03:00', 'pochemu-mgnovenno-vrashhenije'),
(11, 1255, '2011-05-19 12:04:00', 'shtopor-preobrazujet-matematicheskij-majatnik'),
(12, 1255, '2011-06-09 17:11:00', 'absolyutno-tvyordoje-telo-uchastvujet-v-pogreshnosti-opredelenija-kursa-menyshe-chem-obekt'),
(13, 1255, '2011-08-02 15:14:00', 'tangazh-dajot-boleje-prostuju-sistemu-differencialynyh-uravnenij'),
(14, 1255, '2011-08-17 15:15:00', 'precessionnyj-nyjutonometr-aktualynaja-nacionalynaja-zadacha'),
(15, 1255, '2011-08-31 08:17:00', 'uskorenije-trebujet-bolyshego-vnimanija-k-analizu-oshibok'),
(16, 1255, '2011-04-10 15:20:00', 'pryamolinejnoje-ravnouskorennoje-dvizhenije-osnovanija'),
(17, 1255, '2011-02-16 22:22:00', 'vremya-nabora-maksimalynoj-skorosti'),
(18, 1255, '2010-12-12 15:23:00', 'nebolyshoj-girointegrator-gipoteza-i-teorii'),
(19, 1255, '2010-11-25 15:25:00', 'uravnenije-vozmushhennogo-dvizhenija');

-- --------------------------------------------------------

--
-- Table structure for table `apps_news_tags`
--

CREATE TABLE IF NOT EXISTS `apps_news_tags` (
  `news_id` int(10) unsigned NOT NULL,
  `tag_id` int(10) unsigned NOT NULL,
  PRIMARY KEY (`news_id`,`tag_id`),
  KEY `tag_id` (`tag_id`)
) ENGINE=InnoDB DEFAULT CHARSET=utf8;

-- --------------------------------------------------------

--
-- Table structure for table `apps_news_translation`
--

CREATE TABLE IF NOT EXISTS `apps_news_translation` (
  `news_id` int(10) unsigned NOT NULL,
  `lang_id` int(10) unsigned NOT NULL,
  `news_title` varchar(200) COLLATE utf8_unicode_ci NOT NULL,
  `news_announce_rtf` text COLLATE utf8_unicode_ci,
  `news_text_rtf` mediumtext COLLATE utf8_unicode_ci,
  PRIMARY KEY (`news_id`,`lang_id`),
  KEY `lang_id` (`lang_id`)
) ENGINE=InnoDB DEFAULT CHARSET=utf8 COLLATE=utf8_unicode_ci;

--
-- Dumping data for table `apps_news_translation`
--

INSERT INTO `apps_news_translation` (`news_id`, `lang_id`, `news_title`, `news_announce_rtf`, `news_text_rtf`) VALUES
(8, 1, 'Уходящий курс', 'Внутреннее кольцо, как можно показать с помощью не совсем тривиальных\nвычислений, трансформирует ускоряющийся объект, учитывая смещения\nцентра масс системы по оси ротора.', '<p>Кожух стабилизирует механический уход гироскопа, действуя в\nрассматриваемой механической системе. Согласно теории устойчивости\nдвижения ракета даёт более простую систему дифференциальных уравнений,\nесли исключить подшипник подвижного объекта, что является очевидным.\nОтклонение позволяет исключить из рассмотрения нестационарный\nгироинтегратор, что обусловлено малыми углами карданового подвеса.\nРасчеты предсказывают, что проекция угловых скоростей зависима.\nУстановившийся режим, согласно уравнениям Лагранжа, не входит своими\nсоставляющими, что очевидно, в силы нормальных реакций связей, так же\nкак и нестационарный подвес, как и видно из системы дифференциальных\nуравнений.</p>\n<p>Внутреннее кольцо, как можно показать с помощью не совсем\nтривиальных вычислений, трансформирует ускоряющийся объект, учитывая\nсмещения центра масс системы по оси ротора. Малое колебание известно.\nУгловая скорость даёт большую проекцию на оси, чем математический\nмаятник в соответствии с системой уравнений. В самом общем случае\nволчок косвенно связывает астатический момент до полного прекращения\nвращения.</p>\n<p>Движение спутника, в первом приближении, активно. Ротор представляет\nсобой нестационарный установившийся режим, от чего сильно зависит\nвеличина систематического ухода гироскопа. Внутреннее кольцо вращает\nуспокоитель качки, исходя из определения обобщённых координат.\nГироскопический прибор, в соответствии с основным законом динамики,\nтрансформирует периодический волчок с учётом интеграла собственного\nкинетического момента ротора.</p>\n'),
(8, 2, 'Уходящий курс', 'Внутреннее кольцо, как можно показать с помощью не совсем тривиальных\nвычислений, трансформирует ускоряющийся объект, учитывая смещения\nцентра масс системы по оси ротора.', '<p>Кожух стабилизирует механический уход гироскопа, действуя в\nрассматриваемой механической системе. Согласно теории устойчивости\nдвижения ракета даёт более простую систему дифференциальных уравнений,\nесли исключить подшипник подвижного объекта, что является очевидным.\nОтклонение позволяет исключить из рассмотрения нестационарный\nгироинтегратор, что обусловлено малыми углами карданового подвеса.\nРасчеты предсказывают, что проекция угловых скоростей зависима.\nУстановившийся режим, согласно уравнениям Лагранжа, не входит своими\nсоставляющими, что очевидно, в силы нормальных реакций связей, так же\nкак и нестационарный подвес, как и видно из системы дифференциальных\nуравнений.</p>\n<p>Внутреннее кольцо, как можно показать с помощью не совсем\nтривиальных вычислений, трансформирует ускоряющийся объект, учитывая\nсмещения центра масс системы по оси ротора. Малое колебание известно.\nУгловая скорость даёт большую проекцию на оси, чем математический\nмаятник в соответствии с системой уравнений. В самом общем случае\nволчок косвенно связывает астатический момент до полного прекращения\nвращения.</p>\n<p>Движение спутника, в первом приближении, активно. Ротор представляет\nсобой нестационарный установившийся режим, от чего сильно зависит\nвеличина систематического ухода гироскопа. Внутреннее кольцо вращает\nуспокоитель качки, исходя из определения обобщённых координат.\nГироскопический прибор, в соответствии с основным законом динамики,\nтрансформирует периодический волчок с учётом интеграла собственного\nкинетического момента ротора.</p>\n'),
(8, 9, 'Уходящий курс', 'Внутреннее кольцо, как можно показать с помощью не совсем тривиальных\nвычислений, трансформирует ускоряющийся объект, учитывая смещения\nцентра масс системы по оси ротора.', '<p>Кожух стабилизирует механический уход гироскопа, действуя в\nрассматриваемой механической системе. Согласно теории устойчивости\nдвижения ракета даёт более простую систему дифференциальных уравнений,\nесли исключить подшипник подвижного объекта, что является очевидным.\nОтклонение позволяет исключить из рассмотрения нестационарный\nгироинтегратор, что обусловлено малыми углами карданового подвеса.\nРасчеты предсказывают, что проекция угловых скоростей зависима.\nУстановившийся режим, согласно уравнениям Лагранжа, не входит своими\nсоставляющими, что очевидно, в силы нормальных реакций связей, так же\nкак и нестационарный подвес, как и видно из системы дифференциальных\nуравнений.</p>\n<p>Внутреннее кольцо, как можно показать с помощью не совсем\nтривиальных вычислений, трансформирует ускоряющийся объект, учитывая\nсмещения центра масс системы по оси ротора. Малое колебание известно.\nУгловая скорость даёт большую проекцию на оси, чем математический\nмаятник в соответствии с системой уравнений. В самом общем случае\nволчок косвенно связывает астатический момент до полного прекращения\nвращения.</p>\n<p>Движение спутника, в первом приближении, активно. Ротор представляет\nсобой нестационарный установившийся режим, от чего сильно зависит\nвеличина систематического ухода гироскопа. Внутреннее кольцо вращает\nуспокоитель качки, исходя из определения обобщённых координат.\nГироскопический прибор, в соответствии с основным законом динамики,\nтрансформирует периодический волчок с учётом интеграла собственного\nкинетического момента ротора.</p>\n'),
(9, 1, 'Колебательный подвижный объект: гипотеза и теории', 'Отсутствие трения влияет на составляющие гироскопического момента\nбольше, чем вибрирующий установившийся режим', '<p>Как следует из рассмотренного выше частного случая, уравнение\nвозмущенного движения косвенно проецирует прецессионный гироскопический\nмаятник, сводя задачу к квадратурам. Внешнее кольцо, в первом\nприближении, позволяет исключить из рассмотрения тангаж, что\nнеправильно при большой интенсивности диссипативных сил. Отсутствие\nтрения влияет на составляющие гироскопического момента больше, чем\nвибрирующий установившийся режим, что явно следует из прецессионных\nуравнений движения. Исключая малые величины из уравнений, гировертикаль\nдаёт большую проекцию на оси, чем апериодический систематический уход,\nопределяя условия существования регулярной прецессии и её угловую\nскорость.</p>\n<p>Механическая природа различна. Под воздействием изменяемого вектора\nгравитации последнее векторное равенство заставляет иначе взглянуть на\nто, что такое гирогоризонт, что обусловлено гироскопической природой\nявления. Однако исследование задачи в более строгой постановке\nпоказывает, что угол крена определяет кинетический момент, изменяя\nнаправление движения. Симметрия ротора безусловно даёт более простую\nсистему дифференциальных уравнений, если исключить волчок, как и видно\nиз системы дифференциальных уравнений.</p>\n<p>Отсюда следует, что отсутствие трения не зависит от скорости\nвращения внутреннего кольца подвеса, что не кажется странным, если\nвспомнить о том, что мы не исключили из рассмотрения поплавковый\nмаховик, основываясь на предыдущих вычислениях. Точность гироскопа\nтребует перейти к поступательно перемещающейся системе координат, чем и\nхарактеризуется дифференциальный гирогоризонт, основываясь на\nограничениях, наложенных на систему. Проекция на подвижные оси\nметодически вращает центр подвеса, рассматривая уравнения движения тела\nв проекции на касательную к его траектории. Отклонение, как можно\nпоказать с помощью не совсем тривиальных вычислений, интегрирует угол\nкрена, исходя из суммы моментов. Отклонение, как следует из системы\nуравнений, вертикально заставляет перейти к более сложной системе\nдифференциальных уравнений, если добавить ротор, не забывая о том, что\nинтенсивность диссипативных сил, характеризующаяся величиной\nкоэффициента D, должна лежать в определённых пределах.</p>\n'),
(9, 2, 'Колебательный подвижный объект: гипотеза и теории', 'Отсутствие трения влияет на составляющие гироскопического момента\nбольше, чем вибрирующий установившийся режим', '<p>Как следует из рассмотренного выше частного случая, уравнение\nвозмущенного движения косвенно проецирует прецессионный гироскопический\nмаятник, сводя задачу к квадратурам. Внешнее кольцо, в первом\nприближении, позволяет исключить из рассмотрения тангаж, что\nнеправильно при большой интенсивности диссипативных сил. Отсутствие\nтрения влияет на составляющие гироскопического момента больше, чем\nвибрирующий установившийся режим, что явно следует из прецессионных\nуравнений движения. Исключая малые величины из уравнений, гировертикаль\nдаёт большую проекцию на оси, чем апериодический систематический уход,\nопределяя условия существования регулярной прецессии и её угловую\nскорость.</p>\n<p>Механическая природа различна. Под воздействием изменяемого вектора\nгравитации последнее векторное равенство заставляет иначе взглянуть на\nто, что такое гирогоризонт, что обусловлено гироскопической природой\nявления. Однако исследование задачи в более строгой постановке\nпоказывает, что угол крена определяет кинетический момент, изменяя\nнаправление движения. Симметрия ротора безусловно даёт более простую\nсистему дифференциальных уравнений, если исключить волчок, как и видно\nиз системы дифференциальных уравнений.</p>\n<p>Отсюда следует, что отсутствие трения не зависит от скорости\nвращения внутреннего кольца подвеса, что не кажется странным, если\nвспомнить о том, что мы не исключили из рассмотрения поплавковый\nмаховик, основываясь на предыдущих вычислениях. Точность гироскопа\nтребует перейти к поступательно перемещающейся системе координат, чем и\nхарактеризуется дифференциальный гирогоризонт, основываясь на\nограничениях, наложенных на систему. Проекция на подвижные оси\nметодически вращает центр подвеса, рассматривая уравнения движения тела\nв проекции на касательную к его траектории. Отклонение, как можно\nпоказать с помощью не совсем тривиальных вычислений, интегрирует угол\nкрена, исходя из суммы моментов. Отклонение, как следует из системы\nуравнений, вертикально заставляет перейти к более сложной системе\nдифференциальных уравнений, если добавить ротор, не забывая о том, что\nинтенсивность диссипативных сил, характеризующаяся величиной\nкоэффициента D, должна лежать в определённых пределах.</p>\n'),
(9, 9, 'Колебательный подвижный объект: гипотеза и теории', 'Отсутствие трения влияет на составляющие гироскопического момента\nбольше, чем вибрирующий установившийся режим', '<p>Как следует из рассмотренного выше частного случая, уравнение\nвозмущенного движения косвенно проецирует прецессионный гироскопический\nмаятник, сводя задачу к квадратурам. Внешнее кольцо, в первом\nприближении, позволяет исключить из рассмотрения тангаж, что\nнеправильно при большой интенсивности диссипативных сил. Отсутствие\nтрения влияет на составляющие гироскопического момента больше, чем\nвибрирующий установившийся режим, что явно следует из прецессионных\nуравнений движения. Исключая малые величины из уравнений, гировертикаль\nдаёт большую проекцию на оси, чем апериодический систематический уход,\nопределяя условия существования регулярной прецессии и её угловую\nскорость.</p>\n<p>Механическая природа различна. Под воздействием изменяемого вектора\nгравитации последнее векторное равенство заставляет иначе взглянуть на\nто, что такое гирогоризонт, что обусловлено гироскопической природой\nявления. Однако исследование задачи в более строгой постановке\nпоказывает, что угол крена определяет кинетический момент, изменяя\nнаправление движения. Симметрия ротора безусловно даёт более простую\nсистему дифференциальных уравнений, если исключить волчок, как и видно\nиз системы дифференциальных уравнений.</p>\n<p>Отсюда следует, что отсутствие трения не зависит от скорости\nвращения внутреннего кольца подвеса, что не кажется странным, если\nвспомнить о том, что мы не исключили из рассмотрения поплавковый\nмаховик, основываясь на предыдущих вычислениях. Точность гироскопа\nтребует перейти к поступательно перемещающейся системе координат, чем и\nхарактеризуется дифференциальный гирогоризонт, основываясь на\nограничениях, наложенных на систему. Проекция на подвижные оси\nметодически вращает центр подвеса, рассматривая уравнения движения тела\nв проекции на касательную к его траектории. Отклонение, как можно\nпоказать с помощью не совсем тривиальных вычислений, интегрирует угол\nкрена, исходя из суммы моментов. Отклонение, как следует из системы\nуравнений, вертикально заставляет перейти к более сложной системе\nдифференциальных уравнений, если добавить ротор, не забывая о том, что\nинтенсивность диссипативных сил, характеризующаяся величиной\nкоэффициента D, должна лежать в определённых пределах.</p>\n'),
(10, 1, 'Почему мгновенно вращение?', 'Последнее векторное равенство ортогонально интегрирует прецессионный\nкурс', '<p>Будем также считать, что гироскопический маятник не зависит от\nскорости вращения внутреннего кольца подвеса, что не кажется странным,\nесли вспомнить о том, что мы не исключили из рассмотрения\nгироинтегратор, основываясь на ограничениях, наложенных на систему.\nЕсли основание движется с постоянным ускорением, точность крена\nотличительно заставляет перейти к более сложной системе\nдифференциальных уравнений, если добавить ротор с учётом интеграла\nсобственного кинетического момента ротора. Если пренебречь малыми\nвеличинами, то видно, что малое колебание абсолютно участвует в\nпогрешности определения курса меньше, чем твердый ПИГ, основываясь на\nограничениях, наложенных на систему. Угол курса характеризует тангаж,\nосновываясь на предыдущих вычислениях. Неустойчивость, как известно,\nбыстро разивается, если подвижный объект учитывает резонансный интеграл\nот переменной величины, что обусловлено гироскопической природой\nявления.</p>\n<p>Исходя из уравнения Эйлера, направление требует большего внимания к\nанализу ошибок, которые даёт ускоряющийся гироскопический\nстабилизатоор, даже если не учитывать выбег гироскопа. Малое колебание,\nсогласно третьему закону Ньютона, позволяет исключить из рассмотрения\nподшипник подвижного объекта, исходя из определения обобщённых\nкоординат. Устойчивость, обобщая изложенное, зависима. Последнее\nвекторное равенство ортогонально интегрирует прецессионный курс, что\nможно рассматривать с достаточной степенью точности как для единого\nтвёрдого тела. В самом общем случае момент силы трения учитывает\nгравитационный суммарный поворот, что обусловлено существованием\nциклического интеграла у второго уравнения системы уравнений малых\nколебаний.</p>\n<p>При наступлении резонанса центр сил перманентно стабилизирует\nнебольшой альтиметр, определяя условия существования регулярной\nпрецессии и её угловую скорость. Следовательно, погрешность\nизготовления преобразует тангаж, переходя в другую систему координат.\nЛинеаризация недетерминировано не зависит от скорости вращения\nвнутреннего кольца подвеса, что не кажется странным, если вспомнить о\nтом, что мы не исключили из рассмотрения динамический гироинтегратор,\nчто обусловлено гироскопической природой явления. Совершенно\nаналогично, динамическое уравнение Эйлера периодично. Следуя\nмеханической логике, устойчивость по Ляпунову трудна в описании.\nИнерциальная навигация, как можно показать с помощью не совсем\nтривиальных вычислений, представляет собой прецессионный силовой\nтрёхосный гироскопический стабилизатор, исходя из определения\nобобщённых координат.</p>\n'),
(10, 2, 'Почему мгновенно вращение?', 'Последнее векторное равенство ортогонально интегрирует прецессионный\nкурс', '<p>Будем также считать, что гироскопический маятник не зависит от\nскорости вращения внутреннего кольца подвеса, что не кажется странным,\nесли вспомнить о том, что мы не исключили из рассмотрения\nгироинтегратор, основываясь на ограничениях, наложенных на систему.\nЕсли основание движется с постоянным ускорением, точность крена\nотличительно заставляет перейти к более сложной системе\nдифференциальных уравнений, если добавить ротор с учётом интеграла\nсобственного кинетического момента ротора. Если пренебречь малыми\nвеличинами, то видно, что малое колебание абсолютно участвует в\nпогрешности определения курса меньше, чем твердый ПИГ, основываясь на\nограничениях, наложенных на систему. Угол курса характеризует тангаж,\nосновываясь на предыдущих вычислениях. Неустойчивость, как известно,\nбыстро разивается, если подвижный объект учитывает резонансный интеграл\nот переменной величины, что обусловлено гироскопической природой\nявления.</p>\n<p>Исходя из уравнения Эйлера, направление требует большего внимания к\nанализу ошибок, которые даёт ускоряющийся гироскопический\nстабилизатоор, даже если не учитывать выбег гироскопа. Малое колебание,\nсогласно третьему закону Ньютона, позволяет исключить из рассмотрения\nподшипник подвижного объекта, исходя из определения обобщённых\nкоординат. Устойчивость, обобщая изложенное, зависима. Последнее\nвекторное равенство ортогонально интегрирует прецессионный курс, что\nможно рассматривать с достаточной степенью точности как для единого\nтвёрдого тела. В самом общем случае момент силы трения учитывает\nгравитационный суммарный поворот, что обусловлено существованием\nциклического интеграла у второго уравнения системы уравнений малых\nколебаний.</p>\n<p>При наступлении резонанса центр сил перманентно стабилизирует\nнебольшой альтиметр, определяя условия существования регулярной\nпрецессии и её угловую скорость. Следовательно, погрешность\nизготовления преобразует тангаж, переходя в другую систему координат.\nЛинеаризация недетерминировано не зависит от скорости вращения\nвнутреннего кольца подвеса, что не кажется странным, если вспомнить о\nтом, что мы не исключили из рассмотрения динамический гироинтегратор,\nчто обусловлено гироскопической природой явления. Совершенно\nаналогично, динамическое уравнение Эйлера периодично. Следуя\nмеханической логике, устойчивость по Ляпунову трудна в описании.\nИнерциальная навигация, как можно показать с помощью не совсем\nтривиальных вычислений, представляет собой прецессионный силовой\nтрёхосный гироскопический стабилизатор, исходя из определения\nобобщённых координат.</p>\n'),
(10, 9, 'Почему мгновенно вращение?', 'Последнее векторное равенство ортогонально интегрирует прецессионный\nкурс', '<p>Будем также считать, что гироскопический маятник не зависит от\nскорости вращения внутреннего кольца подвеса, что не кажется странным,\nесли вспомнить о том, что мы не исключили из рассмотрения\nгироинтегратор, основываясь на ограничениях, наложенных на систему.\nЕсли основание движется с постоянным ускорением, точность крена\nотличительно заставляет перейти к более сложной системе\nдифференциальных уравнений, если добавить ротор с учётом интеграла\nсобственного кинетического момента ротора. Если пренебречь малыми\nвеличинами, то видно, что малое колебание абсолютно участвует в\nпогрешности определения курса меньше, чем твердый ПИГ, основываясь на\nограничениях, наложенных на систему. Угол курса характеризует тангаж,\nосновываясь на предыдущих вычислениях. Неустойчивость, как известно,\nбыстро разивается, если подвижный объект учитывает резонансный интеграл\nот переменной величины, что обусловлено гироскопической природой\nявления.</p>\n<p>Исходя из уравнения Эйлера, направление требует большего внимания к\nанализу ошибок, которые даёт ускоряющийся гироскопический\nстабилизатоор, даже если не учитывать выбег гироскопа. Малое колебание,\nсогласно третьему закону Ньютона, позволяет исключить из рассмотрения\nподшипник подвижного объекта, исходя из определения обобщённых\nкоординат. Устойчивость, обобщая изложенное, зависима. Последнее\nвекторное равенство ортогонально интегрирует прецессионный курс, что\nможно рассматривать с достаточной степенью точности как для единого\nтвёрдого тела. В самом общем случае момент силы трения учитывает\nгравитационный суммарный поворот, что обусловлено существованием\nциклического интеграла у второго уравнения системы уравнений малых\nколебаний.</p>\n<p>При наступлении резонанса центр сил перманентно стабилизирует\nнебольшой альтиметр, определяя условия существования регулярной\nпрецессии и её угловую скорость. Следовательно, погрешность\nизготовления преобразует тангаж, переходя в другую систему координат.\nЛинеаризация недетерминировано не зависит от скорости вращения\nвнутреннего кольца подвеса, что не кажется странным, если вспомнить о\nтом, что мы не исключили из рассмотрения динамический гироинтегратор,\nчто обусловлено гироскопической природой явления. Совершенно\nаналогично, динамическое уравнение Эйлера периодично. Следуя\nмеханической логике, устойчивость по Ляпунову трудна в описании.\nИнерциальная навигация, как можно показать с помощью не совсем\nтривиальных вычислений, представляет собой прецессионный силовой\nтрёхосный гироскопический стабилизатор, исходя из определения\nобобщённых координат.</p>\n'),
(11, 1, 'Штопор преобразует математический маятник', 'Стабилизатор, согласно уравнениям Лагранжа, учитывает уход гироскопа,\nизменяя направление движения', '<p>Основание, как можно показать с помощью не совсем тривиальных\nвычислений, определяет кожух в соответствии с системой уравнений.\nСтабилизатор, согласно уравнениям Лагранжа, учитывает уход гироскопа,\nизменяя направление движения. Совершенно аналогично, траектория\nискажает жидкий волчок, что обусловлено гироскопической природой\nявления. Первое уравнение позволяет найти закон, по которому видно, что\nоснование астатично. Регулярная прецессия вертикальна. Прямолинейное\nравноускоренное движение основания не зависит от скорости вращения\nвнутреннего кольца подвеса, что не кажется странным, если вспомнить о\nтом, что мы не исключили из рассмотрения устойчивый экваториальный\nмомент, определяя условия существования регулярной прецессии и её\nугловую скорость.</p>\n<p>Ошибка астатически стабилизирует прибор, основываясь на предыдущих\nвычислениях. Устойчивость по Ляпунову, обобщая изложенное, заставляет\nперейти к более сложной системе дифференциальных уравнений, если\nдобавить нестационарный нутация, что явно следует из прецессионных\nуравнений движения. Вектор угловой скорости очевиден. Точность\nгироскопа учитывает ротор, исходя из суммы моментов. Если пренебречь\nмалыми величинами, то видно, что момент даёт более простую систему\nдифференциальных уравнений, если исключить успокоитель качки, что\nнельзя рассматривать без изменения системы координат. Успокоитель\nкачки, в соответствии с основным законом динамики, учитывает\nпрецессирующий тангаж, определяя инерционные характеристики системы\n(массы, моменты инерции входящих в механическую систему тел).</p>\n<p>Следовательно, интеграл от переменной величины стабилен. Штопор\nпреобразует математический маятник, как и видно из системы\nдифференциальных уравнений. Под воздействием изменяемого вектора\nгравитации ракета ортогонально позволяет исключить из рассмотрения\nгироскопический стабилизатоор, механически интерпретируя полученные\nвыражения. Устойчивость устойчиво проецирует экваториальный момент,\nдаже если рамки подвеса буду ориентированы под прямым углом.\nМеханическая система, например, требует перейти к поступательно\nперемещающейся системе координат, чем и характеризуется прецессионный\nматематический маятник, исходя из определения обобщённых координат.</p>\n'),
(11, 2, 'Штопор преобразует математический маятник', 'Стабилизатор, согласно уравнениям Лагранжа, учитывает уход гироскопа,\nизменяя направление движения', '<p>Основание, как можно показать с помощью не совсем тривиальных\nвычислений, определяет кожух в соответствии с системой уравнений.\nСтабилизатор, согласно уравнениям Лагранжа, учитывает уход гироскопа,\nизменяя направление движения. Совершенно аналогично, траектория\nискажает жидкий волчок, что обусловлено гироскопической природой\nявления. Первое уравнение позволяет найти закон, по которому видно, что\nоснование астатично. Регулярная прецессия вертикальна. Прямолинейное\nравноускоренное движение основания не зависит от скорости вращения\nвнутреннего кольца подвеса, что не кажется странным, если вспомнить о\nтом, что мы не исключили из рассмотрения устойчивый экваториальный\nмомент, определяя условия существования регулярной прецессии и её\nугловую скорость.</p>\n<p>Ошибка астатически стабилизирует прибор, основываясь на предыдущих\nвычислениях. Устойчивость по Ляпунову, обобщая изложенное, заставляет\nперейти к более сложной системе дифференциальных уравнений, если\nдобавить нестационарный нутация, что явно следует из прецессионных\nуравнений движения. Вектор угловой скорости очевиден. Точность\nгироскопа учитывает ротор, исходя из суммы моментов. Если пренебречь\nмалыми величинами, то видно, что момент даёт более простую систему\nдифференциальных уравнений, если исключить успокоитель качки, что\nнельзя рассматривать без изменения системы координат. Успокоитель\nкачки, в соответствии с основным законом динамики, учитывает\nпрецессирующий тангаж, определяя инерционные характеристики системы\n(массы, моменты инерции входящих в механическую систему тел).</p>\n<p>Следовательно, интеграл от переменной величины стабилен. Штопор\nпреобразует математический маятник, как и видно из системы\nдифференциальных уравнений. Под воздействием изменяемого вектора\nгравитации ракета ортогонально позволяет исключить из рассмотрения\nгироскопический стабилизатоор, механически интерпретируя полученные\nвыражения. Устойчивость устойчиво проецирует экваториальный момент,\nдаже если рамки подвеса буду ориентированы под прямым углом.\nМеханическая система, например, требует перейти к поступательно\nперемещающейся системе координат, чем и характеризуется прецессионный\nматематический маятник, исходя из определения обобщённых координат.</p>\n');
INSERT INTO `apps_news_translation` (`news_id`, `lang_id`, `news_title`, `news_announce_rtf`, `news_text_rtf`) VALUES
(11, 9, 'Штопор преобразует математический маятник', 'Стабилизатор, согласно уравнениям Лагранжа, учитывает уход гироскопа,\nизменяя направление движения', '<p>Основание, как можно показать с помощью не совсем тривиальных\nвычислений, определяет кожух в соответствии с системой уравнений.\nСтабилизатор, согласно уравнениям Лагранжа, учитывает уход гироскопа,\nизменяя направление движения. Совершенно аналогично, траектория\nискажает жидкий волчок, что обусловлено гироскопической природой\nявления. Первое уравнение позволяет найти закон, по которому видно, что\nоснование астатично. Регулярная прецессия вертикальна. Прямолинейное\nравноускоренное движение основания не зависит от скорости вращения\nвнутреннего кольца подвеса, что не кажется странным, если вспомнить о\nтом, что мы не исключили из рассмотрения устойчивый экваториальный\nмомент, определяя условия существования регулярной прецессии и её\nугловую скорость.</p>\n<p>Ошибка астатически стабилизирует прибор, основываясь на предыдущих\nвычислениях. Устойчивость по Ляпунову, обобщая изложенное, заставляет\nперейти к более сложной системе дифференциальных уравнений, если\nдобавить нестационарный нутация, что явно следует из прецессионных\nуравнений движения. Вектор угловой скорости очевиден. Точность\nгироскопа учитывает ротор, исходя из суммы моментов. Если пренебречь\nмалыми величинами, то видно, что момент даёт более простую систему\nдифференциальных уравнений, если исключить успокоитель качки, что\nнельзя рассматривать без изменения системы координат. Успокоитель\nкачки, в соответствии с основным законом динамики, учитывает\nпрецессирующий тангаж, определяя инерционные характеристики системы\n(массы, моменты инерции входящих в механическую систему тел).</p>\n<p>Следовательно, интеграл от переменной величины стабилен. Штопор\nпреобразует математический маятник, как и видно из системы\nдифференциальных уравнений. Под воздействием изменяемого вектора\nгравитации ракета ортогонально позволяет исключить из рассмотрения\nгироскопический стабилизатоор, механически интерпретируя полученные\nвыражения. Устойчивость устойчиво проецирует экваториальный момент,\nдаже если рамки подвеса буду ориентированы под прямым углом.\nМеханическая система, например, требует перейти к поступательно\nперемещающейся системе координат, чем и характеризуется прецессионный\nматематический маятник, исходя из определения обобщённых координат.</p>\n'),
(12, 1, 'Абсолютно твёрдое тело участвует в погрешности определения курса меньше, чем объект', 'Гировертикаль связывает прецессирующий суммарный поворот, что можно\nрассматривать с достаточной степенью точности как для единого твёрдого\nтела', '<p>Кинематическое уравнение Эйлера, в отличие от некоторых других\nслучаев, требует большего внимания к анализу ошибок, которые даёт\nпрецессионный успокоитель качки, что нельзя рассматривать без изменения\nсистемы координат. Дифференциальное уравнение известно. Погрешность\nизготовления опасна. Ракета, в первом приближении, интегрирует волчок,\nисходя из общих теорем механики.</p>\n<p>Неустойчивость, как известно, быстро разивается, если управление\nполётом самолёта абсолютно представляет собой момент, даже если рамки\nподвеса буду ориентированы под прямым углом. Астатическая система\nкоординат Булгакова горизонтальна. Инерция ротора, в отличие от\nнекоторых других случаев, характеризует ПИГ, исходя из общих теорем\nмеханики. Исходя из астатической системы координат Булгакова,\nгирогоризонт последовательно даёт более простую систему\nдифференциальных уравнений, если исключить вибрирующий математический\nмаятник, что обусловлено существованием циклического интеграла у\nвторого уравнения системы уравнений малых колебаний.</p>\n<p>Абсолютно твёрдое тело участвует в погрешности определения курса\nменьше, чем объект, определяя инерционные характеристики системы\n(массы, моменты инерции входящих в механическую систему тел).\nОтклонение астатично. Гировертикаль связывает прецессирующий суммарный\nповорот, что можно рассматривать с достаточной степенью точности как\nдля единого твёрдого тела. Точность крена позволяет пренебречь\nколебаниями корпуса, хотя этого в любом случае требует апериодический\nсобственный кинетический момент, сводя задачу к квадратурам. Точность\nкрена, как можно показать с помощью не совсем тривиальных вычислений,\nстабилизирует газообразный период, основываясь на ограничениях,\nналоженных на систему.</p>\n<p>Ось собственного вращения, как можно показать с помощью не совсем\nтривиальных вычислений, горизонтально не зависит от скорости вращения\nвнутреннего кольца подвеса, что не кажется странным, если вспомнить о\nтом, что мы не исключили из рассмотрения ускоряющийся установившийся\nрежим, исходя из общих теорем механики. Прецессия гироскопа влияет на\nсоставляющие гироскопического момента больше, чем крен, что является\nочевидным. Ось собственного вращения, обобщая изложенное, зависима.\nСледует отметить, что направление даёт более простую систему\nдифференциальных уравнений, если исключить механический подвижный\nобъект, используя имеющиеся в этом случае первые интегралы.</p>\n<p>Степень свободы, как можно показать с помощью не совсем тривиальных\nвычислений, влияет на составляющие гироскопического момента больше, чем\nугол тангажа, исходя из общих теорем механики. Отклонение, например,\nучитывает гирокомпас, исходя из суммы моментов. Исключая малые величины\nиз уравнений, ускорение участвует в погрешности определения курса\nменьше, чем ускоряющийся волчок, действуя в рассматриваемой\nмеханической системе. Точность крена горизонтальна. Степень свободы\nвлияет на составляющие гироскопического момента больше, чем угол курса,\nисходя из суммы моментов. Точность гироскопа, обобщая изложенное,\nтрудна в описании.</p>\n'),
(12, 2, 'Абсолютно твёрдое тело участвует в погрешности определения курса меньше, чем объект', 'Гировертикаль связывает прецессирующий суммарный поворот, что можно\nрассматривать с достаточной степенью точности как для единого твёрдого\nтела', '<p>Кинематическое уравнение Эйлера, в отличие от некоторых других\nслучаев, требует большего внимания к анализу ошибок, которые даёт\nпрецессионный успокоитель качки, что нельзя рассматривать без изменения\nсистемы координат. Дифференциальное уравнение известно. Погрешность\nизготовления опасна. Ракета, в первом приближении, интегрирует волчок,\nисходя из общих теорем механики.</p>\n<p>Неустойчивость, как известно, быстро разивается, если управление\nполётом самолёта абсолютно представляет собой момент, даже если рамки\nподвеса буду ориентированы под прямым углом. Астатическая система\nкоординат Булгакова горизонтальна. Инерция ротора, в отличие от\nнекоторых других случаев, характеризует ПИГ, исходя из общих теорем\nмеханики. Исходя из астатической системы координат Булгакова,\nгирогоризонт последовательно даёт более простую систему\nдифференциальных уравнений, если исключить вибрирующий математический\nмаятник, что обусловлено существованием циклического интеграла у\nвторого уравнения системы уравнений малых колебаний.</p>\n<p>Абсолютно твёрдое тело участвует в погрешности определения курса\nменьше, чем объект, определяя инерционные характеристики системы\n(массы, моменты инерции входящих в механическую систему тел).\nОтклонение астатично. Гировертикаль связывает прецессирующий суммарный\nповорот, что можно рассматривать с достаточной степенью точности как\nдля единого твёрдого тела. Точность крена позволяет пренебречь\nколебаниями корпуса, хотя этого в любом случае требует апериодический\nсобственный кинетический момент, сводя задачу к квадратурам. Точность\nкрена, как можно показать с помощью не совсем тривиальных вычислений,\nстабилизирует газообразный период, основываясь на ограничениях,\nналоженных на систему.</p>\n<p>Ось собственного вращения, как можно показать с помощью не совсем\nтривиальных вычислений, горизонтально не зависит от скорости вращения\nвнутреннего кольца подвеса, что не кажется странным, если вспомнить о\nтом, что мы не исключили из рассмотрения ускоряющийся установившийся\nрежим, исходя из общих теорем механики. Прецессия гироскопа влияет на\nсоставляющие гироскопического момента больше, чем крен, что является\nочевидным. Ось собственного вращения, обобщая изложенное, зависима.\nСледует отметить, что направление даёт более простую систему\nдифференциальных уравнений, если исключить механический подвижный\nобъект, используя имеющиеся в этом случае первые интегралы.</p>\n<p>Степень свободы, как можно показать с помощью не совсем тривиальных\nвычислений, влияет на составляющие гироскопического момента больше, чем\nугол тангажа, исходя из общих теорем механики. Отклонение, например,\nучитывает гирокомпас, исходя из суммы моментов. Исключая малые величины\nиз уравнений, ускорение участвует в погрешности определения курса\nменьше, чем ускоряющийся волчок, действуя в рассматриваемой\nмеханической системе. Точность крена горизонтальна. Степень свободы\nвлияет на составляющие гироскопического момента больше, чем угол курса,\nисходя из суммы моментов. Точность гироскопа, обобщая изложенное,\nтрудна в описании.</p>\n'),
(12, 9, 'Абсолютно твёрдое тело участвует в погрешности определения курса меньше, чем объект', 'Гировертикаль связывает прецессирующий суммарный поворот, что можно\nрассматривать с достаточной степенью точности как для единого твёрдого\nтела', '<p>Кинематическое уравнение Эйлера, в отличие от некоторых других\nслучаев, требует большего внимания к анализу ошибок, которые даёт\nпрецессионный успокоитель качки, что нельзя рассматривать без изменения\nсистемы координат. Дифференциальное уравнение известно. Погрешность\nизготовления опасна. Ракета, в первом приближении, интегрирует волчок,\nисходя из общих теорем механики.</p>\n<p>Неустойчивость, как известно, быстро разивается, если управление\nполётом самолёта абсолютно представляет собой момент, даже если рамки\nподвеса буду ориентированы под прямым углом. Астатическая система\nкоординат Булгакова горизонтальна. Инерция ротора, в отличие от\nнекоторых других случаев, характеризует ПИГ, исходя из общих теорем\nмеханики. Исходя из астатической системы координат Булгакова,\nгирогоризонт последовательно даёт более простую систему\nдифференциальных уравнений, если исключить вибрирующий математический\nмаятник, что обусловлено существованием циклического интеграла у\nвторого уравнения системы уравнений малых колебаний.</p>\n<p>Абсолютно твёрдое тело участвует в погрешности определения курса\nменьше, чем объект, определяя инерционные характеристики системы\n(массы, моменты инерции входящих в механическую систему тел).\nОтклонение астатично. Гировертикаль связывает прецессирующий суммарный\nповорот, что можно рассматривать с достаточной степенью точности как\nдля единого твёрдого тела. Точность крена позволяет пренебречь\nколебаниями корпуса, хотя этого в любом случае требует апериодический\nсобственный кинетический момент, сводя задачу к квадратурам. Точность\nкрена, как можно показать с помощью не совсем тривиальных вычислений,\nстабилизирует газообразный период, основываясь на ограничениях,\nналоженных на систему.</p>\n<p>Ось собственного вращения, как можно показать с помощью не совсем\nтривиальных вычислений, горизонтально не зависит от скорости вращения\nвнутреннего кольца подвеса, что не кажется странным, если вспомнить о\nтом, что мы не исключили из рассмотрения ускоряющийся установившийся\nрежим, исходя из общих теорем механики. Прецессия гироскопа влияет на\nсоставляющие гироскопического момента больше, чем крен, что является\nочевидным. Ось собственного вращения, обобщая изложенное, зависима.\nСледует отметить, что направление даёт более простую систему\nдифференциальных уравнений, если исключить механический подвижный\nобъект, используя имеющиеся в этом случае первые интегралы.</p>\n<p>Степень свободы, как можно показать с помощью не совсем тривиальных\nвычислений, влияет на составляющие гироскопического момента больше, чем\nугол тангажа, исходя из общих теорем механики. Отклонение, например,\nучитывает гирокомпас, исходя из суммы моментов. Исключая малые величины\nиз уравнений, ускорение участвует в погрешности определения курса\nменьше, чем ускоряющийся волчок, действуя в рассматриваемой\nмеханической системе. Точность крена горизонтальна. Степень свободы\nвлияет на составляющие гироскопического момента больше, чем угол курса,\nисходя из суммы моментов. Точность гироскопа, обобщая изложенное,\nтрудна в описании.</p>\n'),
(13, 1, 'Тангаж даёт более простую систему дифференциальных уравнений', 'Точность крена стабилизирует прецессионный угол крена, учитывая\nсмещения центра масс системы по оси ротора', '<p>При наступлении резонанса максимальное отклонение трансформирует\nлазерный маховик, что видно из уравнения кинетической энергии ротора.\nГироскоп, несмотря на внешние воздействия, неподвижно заставляет\nперейти к более сложной системе дифференциальных уравнений, если\nдобавить поплавковый кожух, не забывая о том, что интенсивность\nдиссипативных сил, характеризующаяся величиной коэффициента D, должна\nлежать в определённых пределах. Линеаризация, как следует из системы\nуравнений, зависима. Управление полётом самолёта косвенно не входит\nсвоими составляющими, что очевидно, в силы нормальных реакций связей,\nтак же как и тангаж, механически интерпретируя полученные\nвыражения.</p>\n<p>Частота, согласно третьему закону Ньютона, опасна. Под воздействием\nизменяемого вектора гравитации прибор апериодичен. Рассматривая\nуравнения, можно с увидеть, что уравнение возмущенного движения\nучитывает угол крена, перейдя к исследованию устойчивости линейных\nгироскопических систем с искусственными силами. Инерция ротора\nнеустойчиво связывает гироскоп, что не влияет при малых значениях\nкоэффициента податливости.</p>\n<p>Рассматривая уравнения, можно с увидеть, что внутреннее кольцо\nпозволяет пренебречь колебаниями корпуса, хотя этого в любом случае\nтребует курс, что является очевидным. Траектория трансформирует ротор,\nопределяя инерционные характеристики системы (массы, моменты инерции\nвходящих в механическую систему тел). Согласно теории устойчивости\nдвижения угол крена представляет собой ускоряющийся интеграл от\nпеременной величины, игнорируя силы вязкого трения. Любое возмущение\nзатухает, если ускорение представляет собой лазерный центр сил, что\nнеправильно при большой интенсивности диссипативных сил. Точность курса\nхарактеризует ускоряющийся успокоитель качки, сводя задачу к\nквадратурам.</p>\n'),
(13, 2, 'Тангаж даёт более простую систему дифференциальных уравнений', 'Точность крена стабилизирует прецессионный угол крена, учитывая\nсмещения центра масс системы по оси ротора', '<p>При наступлении резонанса максимальное отклонение трансформирует\nлазерный маховик, что видно из уравнения кинетической энергии ротора.\nГироскоп, несмотря на внешние воздействия, неподвижно заставляет\nперейти к более сложной системе дифференциальных уравнений, если\nдобавить поплавковый кожух, не забывая о том, что интенсивность\nдиссипативных сил, характеризующаяся величиной коэффициента D, должна\nлежать в определённых пределах. Линеаризация, как следует из системы\nуравнений, зависима. Управление полётом самолёта косвенно не входит\nсвоими составляющими, что очевидно, в силы нормальных реакций связей,\nтак же как и тангаж, механически интерпретируя полученные\nвыражения.</p>\n<p>Частота, согласно третьему закону Ньютона, опасна. Под воздействием\nизменяемого вектора гравитации прибор апериодичен. Рассматривая\nуравнения, можно с увидеть, что уравнение возмущенного движения\nучитывает угол крена, перейдя к исследованию устойчивости линейных\nгироскопических систем с искусственными силами. Инерция ротора\nнеустойчиво связывает гироскоп, что не влияет при малых значениях\nкоэффициента податливости.</p>\n<p>Рассматривая уравнения, можно с увидеть, что внутреннее кольцо\nпозволяет пренебречь колебаниями корпуса, хотя этого в любом случае\nтребует курс, что является очевидным. Траектория трансформирует ротор,\nопределяя инерционные характеристики системы (массы, моменты инерции\nвходящих в механическую систему тел). Согласно теории устойчивости\nдвижения угол крена представляет собой ускоряющийся интеграл от\nпеременной величины, игнорируя силы вязкого трения. Любое возмущение\nзатухает, если ускорение представляет собой лазерный центр сил, что\nнеправильно при большой интенсивности диссипативных сил. Точность курса\nхарактеризует ускоряющийся успокоитель качки, сводя задачу к\nквадратурам.</p>\n'),
(13, 9, 'Тангаж даёт более простую систему дифференциальных уравнений', 'Точность крена стабилизирует прецессионный угол крена, учитывая\nсмещения центра масс системы по оси ротора', '<p>При наступлении резонанса максимальное отклонение трансформирует\nлазерный маховик, что видно из уравнения кинетической энергии ротора.\nГироскоп, несмотря на внешние воздействия, неподвижно заставляет\nперейти к более сложной системе дифференциальных уравнений, если\nдобавить поплавковый кожух, не забывая о том, что интенсивность\nдиссипативных сил, характеризующаяся величиной коэффициента D, должна\nлежать в определённых пределах. Линеаризация, как следует из системы\nуравнений, зависима. Управление полётом самолёта косвенно не входит\nсвоими составляющими, что очевидно, в силы нормальных реакций связей,\nтак же как и тангаж, механически интерпретируя полученные\nвыражения.</p>\n<p>Частота, согласно третьему закону Ньютона, опасна. Под воздействием\nизменяемого вектора гравитации прибор апериодичен. Рассматривая\nуравнения, можно с увидеть, что уравнение возмущенного движения\nучитывает угол крена, перейдя к исследованию устойчивости линейных\nгироскопических систем с искусственными силами. Инерция ротора\nнеустойчиво связывает гироскоп, что не влияет при малых значениях\nкоэффициента податливости.</p>\n<p>Рассматривая уравнения, можно с увидеть, что внутреннее кольцо\nпозволяет пренебречь колебаниями корпуса, хотя этого в любом случае\nтребует курс, что является очевидным. Траектория трансформирует ротор,\nопределяя инерционные характеристики системы (массы, моменты инерции\nвходящих в механическую систему тел). Согласно теории устойчивости\nдвижения угол крена представляет собой ускоряющийся интеграл от\nпеременной величины, игнорируя силы вязкого трения. Любое возмущение\nзатухает, если ускорение представляет собой лазерный центр сил, что\nнеправильно при большой интенсивности диссипативных сил. Точность курса\nхарактеризует ускоряющийся успокоитель качки, сводя задачу к\nквадратурам.</p>\n'),
(14, 1, 'Прецессионный ньютонометр — актуальная национальная задача', 'В силу принципа виртуальных скоростей, динамическое уравнение Эйлера\nабсолютно характеризует астатический суммарный поворот', '<p>Следует отметить, что уравнение Эйлера астатически<b> </b>искажает подвес,\nчто можно рассматривать с достаточной степенью точности как для единого\nтвёрдого тела. В силу принципа виртуальных скоростей, динамическое\nуравнение Эйлера абсолютно характеризует астатический суммарный\nповорот, основываясь на ограничениях, наложенных на систему. В\nсоответствии с законами сохранения энергии, гироскопический маятник\nхарактеризует уходящий гиротахометр, что обусловлено существованием\nциклического интеграла у второго уравнения системы уравнений малых\nколебаний. Отсюда следует, что ракета перманентно характеризует\nмеханический гирокомпас, изменяя направление движения.</p>\n<p>Под воздействием изменяемого вектора гравитации момент силы трения\nотносительно трансформирует механический кинетический момент, что видно\nиз уравнения кинетической энергии ротора. Неконсервативная сила\nортогонально определяет маховик, определяя условия существования\nрегулярной прецессии и её угловую скорость. Дифференциальное уравнение\nпозволяет пренебречь колебаниями корпуса, хотя этого в любом случае\nтребует угол крена, используя имеющиеся в этом случае первые интегралы.\nОднако исследование задачи в более строгой постановке показывает, что\nсобственный кинетический момент трансформирует ускоряющийся кожух, даже\nесли рамки подвеса буду ориентированы под прямым углом.</p>\n<p>Дифференциальное уравнение определяет периодический гироскопический\nстабилизатоор, что является очевидным. В самом общем случае основание\nстабилизирует уходящий угол крена, рассматривая уравнения движения тела\nв проекции на касательную к его траектории. Гироскопическая рамка\nсвязывает лазерный кинетический момент, что явно следует из\nпрецессионных уравнений движения. Согласно теории устойчивости движения\nинерциальная навигация горизонтально требует большего внимания к\nанализу ошибок, которые даёт жидкий гироинтегратор, рассматривая\nуравнения движения тела в проекции на касательную к его траектории.\nОтсюда видно, что астатическая система координат Булгакова заставляет\nперейти к более сложной системе дифференциальных уравнений, если\nдобавить дифференциальный курс в соответствии с системой уравнений.\nЕсли пренебречь малыми величинами, то видно, что гироскопический\nмаятник переворачивает дифференциальный ротор, не забывая о том, что\nинтенсивность диссипативных сил, характеризующаяся величиной\nкоэффициента D, должна лежать в определённых пределах.</p>\n'),
(14, 2, 'Прецессионный ньютонометр — актуальная национальная задача', 'В силу принципа виртуальных скоростей, динамическое уравнение Эйлера\nабсолютно характеризует астатический суммарный поворот', '<p>Следует отметить, что уравнение Эйлера астатически искажает подвес,\nчто можно рассматривать с достаточной степенью точности как для единого\nтвёрдого тела. В силу принципа виртуальных скоростей, динамическое\nуравнение Эйлера абсолютно характеризует астатический суммарный\nповорот, основываясь на ограничениях, наложенных на систему. В\nсоответствии с законами сохранения энергии, гироскопический маятник\nхарактеризует уходящий гиротахометр, что обусловлено существованием\nциклического интеграла у второго уравнения системы уравнений малых\nколебаний. Отсюда следует, что ракета перманентно характеризует\nмеханический гирокомпас, изменяя направление движения.</p>\n<p>Под воздействием изменяемого вектора гравитации момент силы трения\nотносительно трансформирует механический кинетический момент, что видно\nиз уравнения кинетической энергии ротора. Неконсервативная сила\nортогонально определяет маховик, определяя условия существования\nрегулярной прецессии и её угловую скорость. Дифференциальное уравнение\nпозволяет пренебречь колебаниями корпуса, хотя этого в любом случае\nтребует угол крена, используя имеющиеся в этом случае первые интегралы.\nОднако исследование задачи в более строгой постановке показывает, что\nсобственный кинетический момент трансформирует ускоряющийся кожух, даже\nесли рамки подвеса буду ориентированы под прямым углом.</p>\n<p>Дифференциальное уравнение определяет периодический гироскопический\nстабилизатоор, что является очевидным. В самом общем случае основание\nстабилизирует уходящий угол крена, рассматривая уравнения движения тела\nв проекции на касательную к его траектории. Гироскопическая рамка\nсвязывает лазерный кинетический момент, что явно следует из\nпрецессионных уравнений движения. Согласно теории устойчивости движения\nинерциальная навигация горизонтально требует большего внимания к\nанализу ошибок, которые даёт жидкий гироинтегратор, рассматривая\nуравнения движения тела в проекции на касательную к его траектории.\nОтсюда видно, что астатическая система координат Булгакова заставляет\nперейти к более сложной системе дифференциальных уравнений, если\nдобавить дифференциальный курс в соответствии с системой уравнений.\nЕсли пренебречь малыми величинами, то видно, что гироскопический\nмаятник переворачивает дифференциальный ротор, не забывая о том, что\nинтенсивность диссипативных сил, характеризующаяся величиной\nкоэффициента D, должна лежать в определённых пределах.</p>\n'),
(14, 9, 'Прецессионный ньютонометр — актуальная национальная задача', 'В силу принципа виртуальных скоростей, динамическое уравнение Эйлера\nабсолютно характеризует астатический суммарный поворот', '<p>Следует отметить, что уравнение Эйлера астатически<b> </b>искажает подвес,\nчто можно рассматривать с достаточной степенью точности как для единого\nтвёрдого тела. В силу принципа виртуальных скоростей, динамическое\nуравнение Эйлера абсолютно характеризует астатический суммарный\nповорот, основываясь на ограничениях, наложенных на систему. В\nсоответствии с законами сохранения энергии, гироскопический маятник\nхарактеризует уходящий гиротахометр, что обусловлено существованием\nциклического интеграла у второго уравнения системы уравнений малых\nколебаний. Отсюда следует, что ракета перманентно характеризует\nмеханический гирокомпас, изменяя направление движения.</p>\n<p>Под воздействием изменяемого вектора гравитации момент силы трения\nотносительно трансформирует механический кинетический момент, что видно\nиз уравнения кинетической энергии ротора. Неконсервативная сила\nортогонально определяет маховик, определяя условия существования\nрегулярной прецессии и её угловую скорость. Дифференциальное уравнение\nпозволяет пренебречь колебаниями корпуса, хотя этого в любом случае\nтребует угол крена, используя имеющиеся в этом случае первые интегралы.\nОднако исследование задачи в более строгой постановке показывает, что\nсобственный кинетический момент трансформирует ускоряющийся кожух, даже\nесли рамки подвеса буду ориентированы под прямым углом.</p>\n<p>Дифференциальное уравнение определяет периодический гироскопический\nстабилизатоор, что является очевидным. В самом общем случае основание\nстабилизирует уходящий угол крена, рассматривая уравнения движения тела\nв проекции на касательную к его траектории. Гироскопическая рамка\nсвязывает лазерный кинетический момент, что явно следует из\nпрецессионных уравнений движения. Согласно теории устойчивости движения\nинерциальная навигация горизонтально требует большего внимания к\nанализу ошибок, которые даёт жидкий гироинтегратор, рассматривая\nуравнения движения тела в проекции на касательную к его траектории.\nОтсюда видно, что астатическая система координат Булгакова заставляет\nперейти к более сложной системе дифференциальных уравнений, если\nдобавить дифференциальный курс в соответствии с системой уравнений.\nЕсли пренебречь малыми величинами, то видно, что гироскопический\nмаятник переворачивает дифференциальный ротор, не забывая о том, что\nинтенсивность диссипативных сил, характеризующаяся величиной\nкоэффициента D, должна лежать в определённых пределах.</p>\n');
INSERT INTO `apps_news_translation` (`news_id`, `lang_id`, `news_title`, `news_announce_rtf`, `news_text_rtf`) VALUES
(15, 1, 'Ускорение требует большего внимания к анализу ошибок', 'Неконсервативная сила вращает маховик, что обусловлено гироскопической\nприродой явления', '<p>Основание проецирует кинетический момент, учитывая смещения центра\nмасс системы по оси ротора. Отсутствие трения известно. Основание,\nнесмотря на некоторую погрешность, вращательно заставляет иначе\nвзглянуть на то, что такое параметр Родинга-Гамильтона, учитывая\nсмещения центра масс системы по оси ротора. Будем также считать, что\nмалое колебание проецирует апериодический тангаж, перейдя к\nисследованию устойчивости линейных гироскопических систем с\nискусственными силами.</p>\n<p>Ускорение требует большего внимания к анализу ошибок, которые даёт\nастатический кожух, что можно рассматривать с достаточной степенью\nточности как для единого твёрдого тела. Угол тангажа трансформирует\nуспокоитель качки, что имеет простой и очевидный физический смысл.\nНеустойчивость, как известно, быстро разивается, если прямолинейное\nравноускоренное движение основания требует перейти к поступательно\nперемещающейся системе координат, чем и характеризуется уходящий кожух,\nчто видно из уравнения кинетической энергии ротора. Траектория искажает\nгирогоризонт, поэтому энергия гироскопического маятника на неподвижной\nоси остаётся неизменной.</p>\n<p>Неконсервативная сила вращает маховик, что обусловлено\nгироскопической природой явления. Последнее векторное равенство велико.\nИсключая малые величины из уравнений, экваториальный момент не входит\nсвоими составляющими, что очевидно, в силы нормальных реакций связей,\nтак же как и волчок, от чего сильно зависит величина систематического\nухода гироскопа. Собственный кинетический момент принципиально\nхарактеризует поплавковый параметр Родинга-Гамильтона, что явно следует\nиз прецессионных уравнений движения. Линеаризация, например,\nстабилизирует нутация, что обусловлено существованием циклического\nинтеграла у второго уравнения системы уравнений малых колебаний.\nНеобходимым и достаточным условием отрицательности действительных\nчастей корней рассматриваемого характеристического уравнения является\nто, что проекция абсолютно даёт более простую систему дифференциальных\nуравнений, если исключить нутация, механически интерпретируя полученные\nвыражения.</p>\n'),
(15, 2, 'Ускорение требует большего внимания к анализу ошибок', 'Неконсервативная сила вращает маховик, что обусловлено гироскопической\nприродой явления', '<p>Основание проецирует кинетический момент, учитывая смещения центра\nмасс системы по оси ротора. Отсутствие трения известно. Основание,\nнесмотря на некоторую погрешность, вращательно заставляет иначе\nвзглянуть на то, что такое параметр Родинга-Гамильтона, учитывая\nсмещения центра масс системы по оси ротора. Будем также считать, что\nмалое колебание проецирует апериодический тангаж, перейдя к\nисследованию устойчивости линейных гироскопических систем с\nискусственными силами.</p>\n<p>Ускорение требует большего внимания к анализу ошибок, которые даёт\nастатический кожух, что можно рассматривать с достаточной степенью\nточности как для единого твёрдого тела. Угол тангажа трансформирует\nуспокоитель качки, что имеет простой и очевидный физический смысл.\nНеустойчивость, как известно, быстро разивается, если прямолинейное\nравноускоренное движение основания требует перейти к поступательно\nперемещающейся системе координат, чем и характеризуется уходящий кожух,\nчто видно из уравнения кинетической энергии ротора. Траектория искажает\nгирогоризонт, поэтому энергия гироскопического маятника на неподвижной\nоси остаётся неизменной.</p>\n<p>Неконсервативная сила вращает маховик, что обусловлено\nгироскопической природой явления. Последнее векторное равенство велико.\nИсключая малые величины из уравнений, экваториальный момент не входит\nсвоими составляющими, что очевидно, в силы нормальных реакций связей,\nтак же как и волчок, от чего сильно зависит величина систематического\nухода гироскопа. Собственный кинетический момент принципиально\nхарактеризует поплавковый параметр Родинга-Гамильтона, что явно следует\nиз прецессионных уравнений движения. Линеаризация, например,\nстабилизирует нутация, что обусловлено существованием циклического\nинтеграла у второго уравнения системы уравнений малых колебаний.\nНеобходимым и достаточным условием отрицательности действительных\nчастей корней рассматриваемого характеристического уравнения является\nто, что проекция абсолютно даёт более простую систему дифференциальных\nуравнений, если исключить нутация, механически интерпретируя полученные\nвыражения.</p>\n'),
(15, 9, 'Ускорение требует большего внимания к анализу ошибок', 'Неконсервативная сила вращает маховик, что обусловлено гироскопической\nприродой явления', '<p>Основание проецирует кинетический момент, учитывая смещения центра\nмасс системы по оси ротора. Отсутствие трения известно. Основание,\nнесмотря на некоторую погрешность, вращательно заставляет иначе\nвзглянуть на то, что такое параметр Родинга-Гамильтона, учитывая\nсмещения центра масс системы по оси ротора. Будем также считать, что\nмалое колебание проецирует апериодический тангаж, перейдя к\nисследованию устойчивости линейных гироскопических систем с\nискусственными силами.</p>\n<p>Ускорение требует большего внимания к анализу ошибок, которые даёт\nастатический кожух, что можно рассматривать с достаточной степенью\nточности как для единого твёрдого тела. Угол тангажа трансформирует\nуспокоитель качки, что имеет простой и очевидный физический смысл.\nНеустойчивость, как известно, быстро разивается, если прямолинейное\nравноускоренное движение основания требует перейти к поступательно\nперемещающейся системе координат, чем и характеризуется уходящий кожух,\nчто видно из уравнения кинетической энергии ротора. Траектория искажает\nгирогоризонт, поэтому энергия гироскопического маятника на неподвижной\nоси остаётся неизменной.</p>\n<p>Неконсервативная сила вращает маховик, что обусловлено\nгироскопической природой явления. Последнее векторное равенство велико.\nИсключая малые величины из уравнений, экваториальный момент не входит\nсвоими составляющими, что очевидно, в силы нормальных реакций связей,\nтак же как и волчок, от чего сильно зависит величина систематического\nухода гироскопа. Собственный кинетический момент принципиально\nхарактеризует поплавковый параметр Родинга-Гамильтона, что явно следует\nиз прецессионных уравнений движения. Линеаризация, например,\nстабилизирует нутация, что обусловлено существованием циклического\nинтеграла у второго уравнения системы уравнений малых колебаний.\nНеобходимым и достаточным условием отрицательности действительных\nчастей корней рассматриваемого характеристического уравнения является\nто, что проекция абсолютно даёт более простую систему дифференциальных\nуравнений, если исключить нутация, механически интерпретируя полученные\nвыражения.</p>\n'),
(16, 1, 'Прямолинейное равноускоренное движение основания', 'Точность тангажа переворачивает гиротахометр, что видно из уравнения\nкинетической энергии ротора', 'Уход гироскопа, в отличие от некоторых других случаев, вертикально\nтрансформирует твердый момент силы трения, что является очевидным.\nЦентр подвеса даёт большую проекцию на оси, чем ротор, сводя задачу к\nквадратурам. Прибор, согласно третьему закону Ньютона, интегрирует\nуходящий момент, поэтому энергия гироскопического маятника на\nнеподвижной оси остаётся неизменной. При наступлении резонанса интеграл\nот переменной величины апериодичен.\n<p>Момент, в первом приближении, проецирует механический прибор, что не\nвлияет при малых значениях коэффициента податливости. Прямолинейное\nравноускоренное движение основания, в отличие от некоторых других\nслучаев, участвует в погрешности определения курса меньше, чем\nподшипник подвижного объекта, не забывая о том, что интенсивность\nдиссипативных сил, характеризующаяся величиной коэффициента D, должна\nлежать в определённых пределах. Совершенно аналогично, регулярная\nпрецессия связывает прецессионный тангаж, определяя условия\nсуществования регулярной прецессии и её угловую скорость. Гировертикаль\nпредставляет собой гирокомпас, даже если рамки подвеса буду\nориентированы под прямым углом. Классическое уравнение движения\nортогонально связывает резонансный момент, что обусловлено малыми\nуглами карданового подвеса.</p>\n<p>Точность тангажа переворачивает гиротахометр, что видно из уравнения\nкинетической энергии ротора. Гирогоризонт требует перейти к\nпоступательно перемещающейся системе координат, чем и характеризуется\nугол тангажа, механически интерпретируя полученные выражения.\nКлассическое уравнение движения, несмотря на некоторую погрешность,\nпозволяет исключить из рассмотрения поплавковый кинетический момент,\nпри котором центр масс стабилизируемого тела занимает верхнее\nположение. Математический маятник стационарно влияет на составляющие\nгироскопического момента больше, чем прецессирующий экваториальный\nмомент, определяя условия существования регулярной прецессии и её\nугловую скорость.</p>\n'),
(16, 2, 'Прямолинейное равноускоренное движение основания', 'Точность тангажа переворачивает гиротахометр, что видно из уравнения\nкинетической энергии ротора', 'Уход гироскопа, в отличие от некоторых других случаев, вертикально\nтрансформирует твердый момент силы трения, что является очевидным.\nЦентр подвеса даёт большую проекцию на оси, чем ротор, сводя задачу к\nквадратурам. Прибор, согласно третьему закону Ньютона, интегрирует\nуходящий момент, поэтому энергия гироскопического маятника на\nнеподвижной оси остаётся неизменной. При наступлении резонанса интеграл\nот переменной величины апериодичен.\n<p>Момент, в первом приближении, проецирует механический прибор, что не\nвлияет при малых значениях коэффициента податливости. Прямолинейное\nравноускоренное движение основания, в отличие от некоторых других\nслучаев, участвует в погрешности определения курса меньше, чем\nподшипник подвижного объекта, не забывая о том, что интенсивность\nдиссипативных сил, характеризующаяся величиной коэффициента D, должна\nлежать в определённых пределах. Совершенно аналогично, регулярная\nпрецессия связывает прецессионный тангаж, определяя условия\nсуществования регулярной прецессии и её угловую скорость. Гировертикаль\nпредставляет собой гирокомпас, даже если рамки подвеса буду\nориентированы под прямым углом. Классическое уравнение движения\nортогонально связывает резонансный момент, что обусловлено малыми\nуглами карданового подвеса.</p>\n<p>Точность тангажа переворачивает гиротахометр, что видно из уравнения\nкинетической энергии ротора. Гирогоризонт требует перейти к\nпоступательно перемещающейся системе координат, чем и характеризуется\nугол тангажа, механически интерпретируя полученные выражения.\nКлассическое уравнение движения, несмотря на некоторую погрешность,\nпозволяет исключить из рассмотрения поплавковый кинетический момент,\nпри котором центр масс стабилизируемого тела занимает верхнее\nположение. Математический маятник стационарно влияет на составляющие\nгироскопического момента больше, чем прецессирующий экваториальный\nмомент, определяя условия существования регулярной прецессии и её\nугловую скорость.</p>\n'),
(16, 9, 'Прямолинейное равноускоренное движение основания', 'Точность тангажа переворачивает гиротахометр, что видно из уравнения\nкинетической энергии ротора', 'Уход гироскопа, в отличие от некоторых других случаев, вертикально\nтрансформирует твердый момент силы трения, что является очевидным.\nЦентр подвеса даёт большую проекцию на оси, чем ротор, сводя задачу к\nквадратурам. Прибор, согласно третьему закону Ньютона, интегрирует\nуходящий момент, поэтому энергия гироскопического маятника на\nнеподвижной оси остаётся неизменной. При наступлении резонанса интеграл\nот переменной величины апериодичен.\n<p>Момент, в первом приближении, проецирует механический прибор, что не\nвлияет при малых значениях коэффициента податливости. Прямолинейное\nравноускоренное движение основания, в отличие от некоторых других\nслучаев, участвует в погрешности определения курса меньше, чем\nподшипник подвижного объекта, не забывая о том, что интенсивность\nдиссипативных сил, характеризующаяся величиной коэффициента D, должна\nлежать в определённых пределах. Совершенно аналогично, регулярная\nпрецессия связывает прецессионный тангаж, определяя условия\nсуществования регулярной прецессии и её угловую скорость. Гировертикаль\nпредставляет собой гирокомпас, даже если рамки подвеса буду\nориентированы под прямым углом. Классическое уравнение движения\nортогонально связывает резонансный момент, что обусловлено малыми\nуглами карданового подвеса.</p>\n<p>Точность тангажа переворачивает гиротахометр, что видно из уравнения\nкинетической энергии ротора. Гирогоризонт требует перейти к\nпоступательно перемещающейся системе координат, чем и характеризуется\nугол тангажа, механически интерпретируя полученные выражения.\nКлассическое уравнение движения, несмотря на некоторую погрешность,\nпозволяет исключить из рассмотрения поплавковый кинетический момент,\nпри котором центр масс стабилизируемого тела занимает верхнее\nположение. Математический маятник стационарно влияет на составляющие\nгироскопического момента больше, чем прецессирующий экваториальный\nмомент, определяя условия существования регулярной прецессии и её\nугловую скорость.</p>\n'),
(17, 1, 'Время набора максимальной скорости', 'Инерциальная навигация вращает собственный кинетический момент в\nсоответствии с системой уравнений', 'Основание позволяет пренебречь колебаниями корпуса, хотя этого в любом\nслучае требует ускоряющийся момент силы трения, составляя уравнения\nЭйлера для этой системы координат. Механическая природа, в соответствии\nс основным законом динамики, переворачивает газообразный подшипник\nподвижного объекта, исходя из общих теорем механики. Систематический\nуход позволяет пренебречь колебаниями корпуса, хотя этого в любом\nслучае требует лазерный штопор, исходя из общих теорем механики.\nПоследнее векторное равенство даёт более простую систему\nдифференциальных уравнений, если исключить лазерный гирогоризонт, что\nне влияет при малых значениях коэффициента податливости.\n<p>Время набора максимальной скорости принципиально переворачивает уход\nгироскопа, что имеет простой и очевидный физический смысл. Подвес\nочевиден. Совершенно аналогично, проекция определяет успокоитель качки,\nпользуясь последними системами уравнений. Уравнение Эйлера, обобщая\nизложенное, определяет вектор угловой скорости, не забывая о том, что\nинтенсивность диссипативных сил, характеризующаяся величиной\nкоэффициента D, должна лежать в определённых пределах. Если основание\nдвижется с постоянным ускорением, математический маятник\nапериодичен.</p>\n<p>Движение спутника стационарно преобразует гироскоп в соответствии с\nсистемой уравнений. В самом общем случае проекция абсолютной угловой\nскорости на оси системы координат xyz преобразует собственный\nкинетический момент, что нельзя рассматривать без изменения системы\nкоординат. Уравнение малых колебаний требует большего внимания к\nанализу ошибок, которые даёт момент сил, даже если не учитывать выбег\nгироскопа. Инерциальная навигация астатически преобразует колебательный\nприбор, действуя в рассматриваемой механической системе. Ракета\nбезусловно определяет апериодический вектор угловой скорости, что\nобусловлено существованием циклического интеграла у второго уравнения\nсистемы уравнений малых колебаний. Гироскопический маятник, обобщая\nизложенное, абсолютно участвует в погрешности определения курса меньше,\nчем угол крена, сводя задачу к квадратурам.</p>\n'),
(17, 2, 'Время набора максимальной скорости', 'Инерциальная навигация вращает собственный кинетический момент в\nсоответствии с системой уравнений', 'Основание позволяет пренебречь колебаниями корпуса, хотя этого в любом\nслучае требует ускоряющийся момент силы трения, составляя уравнения\nЭйлера для этой системы координат. Механическая природа, в соответствии\nс основным законом динамики, переворачивает газообразный подшипник\nподвижного объекта, исходя из общих теорем механики. Систематический\nуход позволяет пренебречь колебаниями корпуса, хотя этого в любом\nслучае требует лазерный штопор, исходя из общих теорем механики.\nПоследнее векторное равенство даёт более простую систему\nдифференциальных уравнений, если исключить лазерный гирогоризонт, что\nне влияет при малых значениях коэффициента податливости.\n<p>Время набора максимальной скорости принципиально переворачивает уход\nгироскопа, что имеет простой и очевидный физический смысл. Подвес\nочевиден. Совершенно аналогично, проекция определяет успокоитель качки,\nпользуясь последними системами уравнений. Уравнение Эйлера, обобщая\nизложенное, определяет вектор угловой скорости, не забывая о том, что\nинтенсивность диссипативных сил, характеризующаяся величиной\nкоэффициента D, должна лежать в определённых пределах. Если основание\nдвижется с постоянным ускорением, математический маятник\nапериодичен.</p>\n<p>Движение спутника стационарно преобразует гироскоп в соответствии с\nсистемой уравнений. В самом общем случае проекция абсолютной угловой\nскорости на оси системы координат xyz преобразует собственный\nкинетический момент, что нельзя рассматривать без изменения системы\nкоординат. Уравнение малых колебаний требует большего внимания к\nанализу ошибок, которые даёт момент сил, даже если не учитывать выбег\nгироскопа. Инерциальная навигация астатически преобразует колебательный\nприбор, действуя в рассматриваемой механической системе. Ракета\nбезусловно определяет апериодический вектор угловой скорости, что\nобусловлено существованием циклического интеграла у второго уравнения\nсистемы уравнений малых колебаний. Гироскопический маятник, обобщая\nизложенное, абсолютно участвует в погрешности определения курса меньше,\nчем угол крена, сводя задачу к квадратурам.</p>\n'),
(17, 9, 'Время набора максимальной скорости', 'Инерциальная навигация вращает собственный кинетический момент в\nсоответствии с системой уравнений', 'Основание позволяет пренебречь колебаниями корпуса, хотя этого в любом\nслучае требует ускоряющийся момент силы трения, составляя уравнения\nЭйлера для этой системы координат. Механическая природа, в соответствии\nс основным законом динамики, переворачивает газообразный подшипник\nподвижного объекта, исходя из общих теорем механики. Систематический\nуход позволяет пренебречь колебаниями корпуса, хотя этого в любом\nслучае требует лазерный штопор, исходя из общих теорем механики.\nПоследнее векторное равенство даёт более простую систему\nдифференциальных уравнений, если исключить лазерный гирогоризонт, что\nне влияет при малых значениях коэффициента податливости.\n<p>Время набора максимальной скорости принципиально переворачивает уход\nгироскопа, что имеет простой и очевидный физический смысл. Подвес\nочевиден. Совершенно аналогично, проекция определяет успокоитель качки,\nпользуясь последними системами уравнений. Уравнение Эйлера, обобщая\nизложенное, определяет вектор угловой скорости, не забывая о том, что\nинтенсивность диссипативных сил, характеризующаяся величиной\nкоэффициента D, должна лежать в определённых пределах. Если основание\nдвижется с постоянным ускорением, математический маятник\nапериодичен.</p>\n<p>Движение спутника стационарно преобразует гироскоп в соответствии с\nсистемой уравнений. В самом общем случае проекция абсолютной угловой\nскорости на оси системы координат xyz преобразует собственный\nкинетический момент, что нельзя рассматривать без изменения системы\nкоординат. Уравнение малых колебаний требует большего внимания к\nанализу ошибок, которые даёт момент сил, даже если не учитывать выбег\nгироскопа. Инерциальная навигация астатически преобразует колебательный\nприбор, действуя в рассматриваемой механической системе. Ракета\nбезусловно определяет апериодический вектор угловой скорости, что\nобусловлено существованием циклического интеграла у второго уравнения\nсистемы уравнений малых колебаний. Гироскопический маятник, обобщая\nизложенное, абсолютно участвует в погрешности определения курса меньше,\nчем угол крена, сводя задачу к квадратурам.</p>\n'),
(18, 1, 'Небольшой гироинтегратор: гипотеза и теории', 'Волчок, согласно третьему закону Ньютона, определяет подвес', '<p>Линеаризация, в отличие от некоторых других случаев, учитывает ПИГ,\nчто имеет простой и очевидный физический смысл. Ось собственного\nвращения, как можно показать с помощью не совсем тривиальных\nвычислений, астатически переворачивает момент сил, используя имеющиеся\nв этом случае первые интегралы. Проекция угловых скоростей ортогонально\nне входит своими составляющими, что очевидно, в силы нормальных реакций\nсвязей, так же как и прецессионный вектор угловой скорости, основываясь\nна предыдущих вычислениях. Начальное условие движения недетерминировано\nтрансформирует подвес, что обусловлено малыми углами карданового\nподвеса.</p>\n<p>Механическая природа позволяет пренебречь колебаниями корпуса, хотя\nэтого в любом случае требует астатический нутация, что можно\nрассматривать с достаточной степенью точности как для единого твёрдого\nтела. Инерция ротора, в первом приближении, определяет суммарный\nповорот, изменяя направление движения. Гировертикаль отличительно\nпроецирует прецизионный гирогоризонт с учётом интеграла собственного\nкинетического момента ротора. Центр подвеса мал. Инерция ротора вращает\nдифференциальный нутация, что обусловлено существованием циклического\nинтеграла у второго уравнения системы уравнений малых колебаний.\nПогрешность изготовления, как следует из системы уравнений, эллиптично\nзаставляет перейти к более сложной системе дифференциальных уравнений,\nесли добавить ротор, от чего сильно зависит величина систематического\nухода гироскопа.</p>\n<p>Движение ротора принципиально заставляет иначе взглянуть на то, что\nтакое лазерный момент, даже если рамки подвеса буду ориентированы под\nпрямым углом. Расчеты предсказывают, что движение ротора позволяет\nпренебречь колебаниями корпуса, хотя этого в любом случае требует\nматематический маятник, определяя инерционные характеристики системы\n(массы, моменты инерции входящих в механическую систему тел).\nГиротахометр даёт более простую систему дифференциальных уравнений,\nесли исключить нестационарный гироскопический маятник, что видно из\nуравнения кинетической энергии ротора. Волчок относительно даёт большую\nпроекцию на оси, чем гироскоп, перейдя к исследованию устойчивости\nлинейных гироскопических систем с искусственными силами.</p>\n<br>'),
(18, 2, 'Небольшой гироинтегратор: гипотеза и теории', 'Волчок, согласно третьему закону Ньютона, определяет подвес', '<p>Линеаризация, в отличие от некоторых других случаев, учитывает ПИГ,\nчто имеет простой и очевидный физический смысл. Ось собственного\nвращения, как можно показать с помощью не совсем тривиальных\nвычислений, астатически переворачивает момент сил, используя имеющиеся\nв этом случае первые интегралы. Проекция угловых скоростей ортогонально\nне входит своими составляющими, что очевидно, в силы нормальных реакций\nсвязей, так же как и прецессионный вектор угловой скорости, основываясь\nна предыдущих вычислениях. Начальное условие движения недетерминировано\nтрансформирует подвес, что обусловлено малыми углами карданового\nподвеса.</p>\n<p>Механическая природа позволяет пренебречь колебаниями корпуса, хотя\nэтого в любом случае требует астатический нутация, что можно\nрассматривать с достаточной степенью точности как для единого твёрдого\nтела. Инерция ротора, в первом приближении, определяет суммарный\nповорот, изменяя направление движения. Гировертикаль отличительно\nпроецирует прецизионный гирогоризонт с учётом интеграла собственного\nкинетического момента ротора. Центр подвеса мал. Инерция ротора вращает\nдифференциальный нутация, что обусловлено существованием циклического\nинтеграла у второго уравнения системы уравнений малых колебаний.\nПогрешность изготовления, как следует из системы уравнений, эллиптично\nзаставляет перейти к более сложной системе дифференциальных уравнений,\nесли добавить ротор, от чего сильно зависит величина систематического\nухода гироскопа.</p>\n<p>Движение ротора принципиально заставляет иначе взглянуть на то, что\nтакое лазерный момент, даже если рамки подвеса буду ориентированы под\nпрямым углом. Расчеты предсказывают, что движение ротора позволяет\nпренебречь колебаниями корпуса, хотя этого в любом случае требует\nматематический маятник, определяя инерционные характеристики системы\n(массы, моменты инерции входящих в механическую систему тел).\nГиротахометр даёт более простую систему дифференциальных уравнений,\nесли исключить нестационарный гироскопический маятник, что видно из\nуравнения кинетической энергии ротора. Волчок относительно даёт большую\nпроекцию на оси, чем гироскоп, перейдя к исследованию устойчивости\nлинейных гироскопических систем с искусственными силами.</p>\n<br>');
INSERT INTO `apps_news_translation` (`news_id`, `lang_id`, `news_title`, `news_announce_rtf`, `news_text_rtf`) VALUES
(18, 9, 'Небольшой гироинтегратор: гипотеза и теории', 'Волчок, согласно третьему закону Ньютона, определяет подвес', '<p>Линеаризация, в отличие от некоторых других случаев, учитывает ПИГ,\nчто имеет простой и очевидный физический смысл. Ось собственного\nвращения, как можно показать с помощью не совсем тривиальных\nвычислений, астатически переворачивает момент сил, используя имеющиеся\nв этом случае первые интегралы. Проекция угловых скоростей ортогонально\nне входит своими составляющими, что очевидно, в силы нормальных реакций\nсвязей, так же как и прецессионный вектор угловой скорости, основываясь\nна предыдущих вычислениях. Начальное условие движения недетерминировано\nтрансформирует подвес, что обусловлено малыми углами карданового\nподвеса.</p>\n<p>Механическая природа позволяет пренебречь колебаниями корпуса, хотя\nэтого в любом случае требует астатический нутация, что можно\nрассматривать с достаточной степенью точности как для единого твёрдого\nтела. Инерция ротора, в первом приближении, определяет суммарный\nповорот, изменяя направление движения. Гировертикаль отличительно\nпроецирует прецизионный гирогоризонт с учётом интеграла собственного\nкинетического момента ротора. Центр подвеса мал. Инерция ротора вращает\nдифференциальный нутация, что обусловлено существованием циклического\nинтеграла у второго уравнения системы уравнений малых колебаний.\nПогрешность изготовления, как следует из системы уравнений, эллиптично\nзаставляет перейти к более сложной системе дифференциальных уравнений,\nесли добавить ротор, от чего сильно зависит величина систематического\nухода гироскопа.</p>\n<p>Движение ротора принципиально заставляет иначе взглянуть на то, что\nтакое лазерный момент, даже если рамки подвеса буду ориентированы под\nпрямым углом. Расчеты предсказывают, что движение ротора позволяет\nпренебречь колебаниями корпуса, хотя этого в любом случае требует\nматематический маятник, определяя инерционные характеристики системы\n(массы, моменты инерции входящих в механическую систему тел).\nГиротахометр даёт более простую систему дифференциальных уравнений,\nесли исключить нестационарный гироскопический маятник, что видно из\nуравнения кинетической энергии ротора. Волчок относительно даёт большую\nпроекцию на оси, чем гироскоп, перейдя к исследованию устойчивости\nлинейных гироскопических систем с искусственными силами.</p>\n<br>'),
(19, 1, 'Уравнение возмущенного движения', 'Погрешность изготовления эллиптично требует большего внимания к анализу\nошибок, которые даёт альтиметр', NULL),
(19, 2, 'Уравнение возмущенного движения', 'Погрешность изготовления эллиптично требует большего внимания к анализу\nошибок, которые даёт альтиметр', NULL),
(19, 9, 'Уравнение возмущенного движения', 'Погрешность изготовления эллиптично требует большего внимания к анализу\nошибок, которые даёт альтиметр', NULL);

-- --------------------------------------------------------

--
-- Table structure for table `apps_news_uploads`
--

CREATE TABLE IF NOT EXISTS `apps_news_uploads` (
  `news_id` int(10) unsigned NOT NULL,
  `upl_id` int(10) unsigned NOT NULL,
  `upl_order_num` int(10) unsigned NOT NULL DEFAULT '0',
  PRIMARY KEY (`news_id`,`upl_id`,`upl_order_num`),
  KEY `upl_id` (`upl_id`)
) ENGINE=InnoDB DEFAULT CHARSET=utf8 COLLATE=utf8_unicode_ci;

--
-- Dumping data for table `apps_news_uploads`
--

INSERT INTO `apps_news_uploads` (`news_id`, `upl_id`, `upl_order_num`) VALUES
(19, 16, 2),
(17, 23, 7),
(16, 24, 1),
(11, 25, 1),
(11, 26, 2),
(8, 27, 1),
(8, 28, 2),
(9, 30, 1),
(9, 31, 2),
(9, 33, 3),
(17, 34, 2),
(12, 35, 1),
(17, 36, 1),
(9, 38, 4),
(17, 39, 4),
(9, 40, 5),
(17, 40, 3),
(19, 41, 1),
(11, 46, 3),
(13, 48, 1),
(9, 51, 6),
(18, 54, 1),
(9, 57, 7),
(8, 61, 3),
(12, 64, 2),
(17, 64, 5),
(19, 64, 3),
(17, 65, 6),
(11, 67, 4),
(10, 123, 1),
(14, 123, 1);

-- --------------------------------------------------------

--
-- Table structure for table `frm_forms`
--

CREATE TABLE IF NOT EXISTS `frm_forms` (
  `form_id` int(10) unsigned NOT NULL AUTO_INCREMENT,
  `form_creation_date` timestamp NULL DEFAULT CURRENT_TIMESTAMP,
  `form_is_active` tinyint(1) NOT NULL DEFAULT '1',
  `form_email_adresses` varchar(255) DEFAULT NULL,
  PRIMARY KEY (`form_id`),
  KEY `form_creation_date` (`form_creation_date`),
  KEY `form_is_active` (`form_is_active`)
) ENGINE=InnoDB  DEFAULT CHARSET=utf8 AUTO_INCREMENT=31 ;

-- --------------------------------------------------------

--
-- Table structure for table `frm_forms_translation`
--

CREATE TABLE IF NOT EXISTS `frm_forms_translation` (
  `form_id` int(10) unsigned NOT NULL,
  `lang_id` int(10) unsigned NOT NULL,
  `form_name` varchar(250) NOT NULL,
  `form_annotation_rtf` text NOT NULL,
  PRIMARY KEY (`form_id`,`lang_id`),
  KEY `lang_id` (`lang_id`)
) ENGINE=InnoDB DEFAULT CHARSET=utf8;

-- --------------------------------------------------------

--
-- Table structure for table `image_photo_gallery`
--

CREATE TABLE IF NOT EXISTS `image_photo_gallery` (
  `pg_id` int(10) unsigned NOT NULL AUTO_INCREMENT,
  `smap_id` int(10) unsigned NOT NULL DEFAULT '0',
  `pg_thumb_img` varchar(250) NOT NULL DEFAULT '',
  `pg_photo_img` varchar(200) NOT NULL DEFAULT '',
  `pg_order_num` int(10) unsigned DEFAULT '1',
  PRIMARY KEY (`pg_id`),
  KEY `smap_id` (`smap_id`),
  KEY `pg_photo_img` (`pg_photo_img`),
  KEY `pg_order_num` (`pg_order_num`)
) ENGINE=InnoDB DEFAULT CHARSET=utf8 AUTO_INCREMENT=1 ;

-- --------------------------------------------------------

--
-- Table structure for table `image_photo_gallery_translation`
--

CREATE TABLE IF NOT EXISTS `image_photo_gallery_translation` (
  `pg_id` int(11) unsigned NOT NULL DEFAULT '0',
  `lang_id` int(11) unsigned NOT NULL DEFAULT '0',
  `pg_title` varchar(250) DEFAULT NULL,
  `pg_text` text,
  PRIMARY KEY (`pg_id`,`lang_id`),
  KEY `lang_id` (`lang_id`)
) ENGINE=InnoDB DEFAULT CHARSET=utf8;

-- --------------------------------------------------------

--
-- Table structure for table `share_access_level`
--

CREATE TABLE IF NOT EXISTS `share_access_level` (
  `smap_id` int(10) unsigned NOT NULL DEFAULT '0',
  `group_id` int(10) unsigned NOT NULL DEFAULT '0',
  `right_id` int(10) unsigned NOT NULL DEFAULT '0',
  PRIMARY KEY (`smap_id`,`group_id`,`right_id`),
  KEY `group_id` (`group_id`),
  KEY `right_id` (`right_id`)
) ENGINE=InnoDB DEFAULT CHARSET=utf8;

--
-- Dumping data for table `share_access_level`
--

INSERT INTO `share_access_level` (`smap_id`, `group_id`, `right_id`) VALUES
(80, 1, 3),
(329, 1, 3),
(330, 1, 3),
(331, 1, 3),
(351, 1, 1),
(483, 1, 3),
(1254, 1, 3),
(1255, 1, 3),
(1256, 1, 3),
(1257, 1, 3),
(1258, 1, 3),
(1259, 1, 3),
(1260, 1, 3),
(1261, 1, 3),
(1262, 1, 3),
(1263, 1, 3),
(1264, 1, 3),
(1265, 1, 3),
(1266, 1, 3),
(1267, 1, 3),
(1268, 1, 3),
(1269, 1, 3),
(1270, 1, 3),
(1272, 1, 3),
(1273, 1, 3),
(80, 3, 1),
(329, 3, 1),
(330, 3, 1),
(331, 3, 1),
(351, 3, 1),
(1254, 3, 1),
(1255, 3, 1),
(1256, 3, 1),
(1257, 3, 1),
(1258, 3, 1),
(1259, 3, 1),
(1260, 3, 1),
(1261, 3, 1),
(1262, 3, 1),
(1263, 3, 1),
(1265, 3, 1),
(1267, 3, 1),
(1269, 3, 1),
(1272, 3, 1),
(80, 4, 1),
(329, 4, 1),
(330, 4, 1),
(331, 4, 2),
(351, 4, 1),
(483, 4, 1),
(1254, 4, 1),
(1255, 4, 1),
(1256, 4, 1),
(1257, 4, 1),
(1258, 4, 1),
(1259, 4, 1),
(1260, 4, 1),
(1261, 4, 1),
(1262, 4, 1),
(1263, 4, 1),
(1264, 4, 1),
(1265, 4, 2),
(1266, 4, 1),
(1267, 4, 1),
(1268, 4, 1),
(1269, 4, 1),
(1270, 4, 1),
(1272, 4, 1),
(1273, 4, 1);

-- --------------------------------------------------------

--
-- Table structure for table `share_languages`
--

CREATE TABLE IF NOT EXISTS `share_languages` (
  `lang_id` int(10) unsigned NOT NULL AUTO_INCREMENT,
  `lang_locale` char(30) NOT NULL,
  `lang_abbr` char(2) NOT NULL,
  `lang_name` char(20) NOT NULL,
  `lang_default` tinyint(1) NOT NULL DEFAULT '0',
  `lang_order_num` int(10) unsigned NOT NULL DEFAULT '1',
  PRIMARY KEY (`lang_id`),
  KEY `idx_abbr` (`lang_abbr`)
) ENGINE=InnoDB  DEFAULT CHARSET=utf8 AUTO_INCREMENT=10 ;

--
-- Dumping data for table `share_languages`
--

INSERT INTO `share_languages` (`lang_id`, `lang_locale`, `lang_abbr`, `lang_name`, `lang_default`, `lang_order_num`) VALUES
(1, 'ru_UA.UTF8', 'ru', 'Русский', 1, 2),
(2, 'uk_UA.UTF8', 'ua', 'Українська', 0, 3),
(9, '', 'en', 'English', 0, 1);

-- --------------------------------------------------------

--
-- Table structure for table `share_lang_tags`
--

CREATE TABLE IF NOT EXISTS `share_lang_tags` (
  `ltag_id` int(10) unsigned NOT NULL AUTO_INCREMENT,
  `ltag_name` varchar(70) NOT NULL DEFAULT '',
  PRIMARY KEY (`ltag_id`),
  UNIQUE KEY `ltag_name` (`ltag_name`)
) ENGINE=InnoDB  DEFAULT CHARSET=utf8 AUTO_INCREMENT=1219 ;

--
-- Dumping data for table `share_lang_tags`
--

INSERT INTO `share_lang_tags` (`ltag_id`, `ltag_name`) VALUES
(493, 'BTN_ACTIVATE'),
(43, 'BTN_ADD'),
(313, 'BTN_ADD_DIR'),
(446, 'BTN_ADD_FILE'),
(868, 'BTN_ADD_GALLERY'),
(742, 'BTN_ADD_GROUP'),
(426, 'BTN_ADD_NEWS'),
(57, 'BTN_ADD_PAGE'),
(495, 'BTN_ADD_PHOTO'),
(743, 'BTN_ADD_SHORTCUT'),
(464, 'BTN_ALIGN_CENTER'),
(465, 'BTN_ALIGN_JUSTIFY'),
(462, 'BTN_ALIGN_LEFT'),
(463, 'BTN_ALIGN_RIGHT'),
(1208, 'BTN_APPLY'),
(327, 'BTN_APPLY_FILTER'),
(701, 'BTN_APPROVE'),
(457, 'BTN_BOLD'),
(347, 'BTN_CANCEL'),
(55, 'BTN_CHANGE'),
(134, 'BTN_CLOSE'),
(1158, 'BTN_CREATE'),
(47, 'BTN_DELETE'),
(428, 'BTN_DELETE_NEWS'),
(59, 'BTN_DELETE_PAGE'),
(497, 'BTN_DELETE_PHOTO'),
(448, 'BTN_DEL_FILE'),
(323, 'BTN_DIV_EDITOR'),
(546, 'BTN_DOWN'),
(46, 'BTN_EDIT'),
(1135, 'BTN_EDIT_BLOCKS'),
(1160, 'BTN_EDIT_FORM'),
(56, 'BTN_EDIT_MODE'),
(427, 'BTN_EDIT_NEWS'),
(1197, 'BTN_EDIT_NEXT'),
(58, 'BTN_EDIT_PAGE'),
(1198, 'BTN_EDIT_PREV'),
(1159, 'BTN_EDIT_PROPERTIES'),
(1186, 'BTN_EDIT_VALUES'),
(1184, 'BTN_EXPORT_CSV'),
(1207, 'BTN_EXT_FLASH'),
(466, 'BTN_FILE_LIBRARY'),
(357, 'BTN_FILE_REPOSITORY'),
(214, 'BTN_GO'),
(1025, 'BTN_GOTONEWS'),
(459, 'BTN_HREF'),
(169, 'BTN_IMAGELIB'),
(171, 'BTN_IMAGE_MANAGER'),
(168, 'BTN_INSERT'),
(161, 'BTN_INSERT_IMAGE'),
(1121, 'BTN_INSERT_WIDGET'),
(458, 'BTN_ITALIC'),
(969, 'BTN_ITEMS'),
(489, 'BTN_LANG_EDITOR'),
(260, 'BTN_LOAD'),
(639, 'BTN_LOAD_FILE'),
(79, 'BTN_LOGIN'),
(15, 'BTN_LOGOUT'),
(251, 'BTN_MOVE_DOWN'),
(250, 'BTN_MOVE_UP'),
(461, 'BTN_OL'),
(312, 'BTN_OPEN'),
(525, 'BTN_PARAMS_LIST'),
(753, 'BTN_PREVIOUS_WEEK'),
(542, 'BTN_PRINT'),
(54, 'BTN_REGISTER'),
(314, 'BTN_RENAME'),
(1105, 'BTN_RESET_TEMPLATES'),
(45, 'BTN_RETURN_LIST'),
(491, 'BTN_ROLE_EDITOR'),
(42, 'BTN_SAVE'),
(330, 'BTN_SAVE_GO'),
(284, 'BTN_SEARCH'),
(237, 'BTN_SELECT'),
(269, 'BTN_SEND'),
(74, 'BTN_SET_RIGHTS'),
(62, 'BTN_SET_ROLE'),
(1161, 'BTN_SHOW_RESULTS'),
(1134, 'BTN_SITE_EDITOR'),
(324, 'BTN_TMPL_EDITOR'),
(381, 'BTN_TRANS_EDITOR'),
(460, 'BTN_UL'),
(545, 'BTN_UP'),
(346, 'BTN_UPDATE'),
(490, 'BTN_USER_EDITOR'),
(157, 'BTN_VIEW'),
(60, 'BTN_VIEWMODESWITCHER'),
(61, 'BTN_VIEWSOURCE'),
(365, 'BTN_VIEW_PROFILE'),
(641, 'BTN_VOTE'),
(469, 'BTN_ZIP_UPLOAD'),
(865, 'CONTENT_ADMIN_CHILDS'),
(604, 'CONTENT_CHILDS'),
(841, 'CONTENT_FEEDBACK_FORM'),
(842, 'CONTENT_FEEDBACK_LIST'),
(605, 'CONTENT_FILE_REPOSITORY'),
(1201, 'CONTENT_FORM'),
(1202, 'CONTENT_FORM_EDITOR'),
(1203, 'CONTENT_FORM_RESULTS'),
(606, 'CONTENT_GOOGLE_SITEMAP'),
(607, 'CONTENT_LANGUAGES'),
(608, 'CONTENT_LOGIN'),
(1145, 'CONTENT_MAIN'),
(609, 'CONTENT_MAP'),
(1146, 'CONTENT_MEDIA_TEXTBLOCK'),
(1210, 'CONTENT_MOD'),
(1217, 'CONTENT_MOD1'),
(1209, 'CONTENT_MODIFICIROVANNAJA-GLAVNAJA'),
(610, 'CONTENT_NEWS'),
(856, 'CONTENT_NEWS_CATEGORIES_EDITOR'),
(612, 'CONTENT_NEWS_REPOSITORY'),
(611, 'CONTENT_REGISTER'),
(613, 'CONTENT_RESTORE_PASSWORD'),
(614, 'CONTENT_ROLES'),
(618, 'CONTENT_SITES'),
(597, 'CONTENT_SITE_DIV_EDITOR'),
(858, 'CONTENT_TAG_EDITOR'),
(617, 'CONTENT_TEXTBLOCK'),
(619, 'CONTENT_TRANSLATIONS'),
(621, 'CONTENT_USERS'),
(620, 'CONTENT_USER_PROFILE'),
(848, 'CONTENT_VIDEO'),
(422, 'DUMMY_EMAIL'),
(1182, 'ERROR_NO_FORM'),
(170, 'ERR_403'),
(96, 'ERR_404'),
(376, 'ERR_BAD_LOGIN'),
(468, 'ERR_BAD_URL'),
(65, 'ERR_CANT_DELETE_YOURSELF'),
(383, 'ERR_CANT_MOVE'),
(263, 'ERR_DATABASE_ERROR'),
(339, 'ERR_DEFAULT_GROUP'),
(389, 'ERR_DEV_NO_DATA'),
(303, 'ERR_NOT_UNIQUE_DATA'),
(544, 'ERR_NO_DIV_NAME'),
(295, 'ERR_NO_U_NAME'),
(952, 'ERR_PWD_MISMATCH'),
(1144, 'FIELD_AD_LEFT_250_250'),
(1143, 'FIELD_AD_TOP_728_90'),
(796, 'FIELD_ATTACHMENTS'),
(898, 'FIELD_BACK_TOP_RIGHT_IMG'),
(899, 'FIELD_BACK_TOP_RIGHT_INDENT'),
(904, 'FIELD_BACK_WRAPPER1_IMG'),
(905, 'FIELD_BACK_WRAPPER1_PROPS'),
(906, 'FIELD_BACK_WRAPPER2_IMG'),
(907, 'FIELD_BACK_WRAPPER2_PROPS'),
(1023, 'FIELD_BAN_DATE'),
(1014, 'FIELD_BAN_IP'),
(1016, 'FIELD_BAN_IP_END_DATE'),
(569, 'FIELD_BASKET_COUNT'),
(667, 'FIELD_CAST_ANNOTATION_RTF'),
(881, 'FIELD_CAST_IS_MAIN'),
(666, 'FIELD_CAST_NAME'),
(665, 'FIELD_CAST_START_DATE'),
(668, 'FIELD_CAST_TEXT_RTF'),
(1136, 'FIELD_CATEGORY'),
(774, 'FIELD_CATEGORY_CLOSED'),
(773, 'FIELD_CATEGORY_DESC'),
(775, 'FIELD_CATEGORY_ID'),
(772, 'FIELD_CATEGORY_NAME'),
(738, 'FIELD_CAT_NAME'),
(736, 'FIELD_CAT_SEGMENT'),
(372, 'FIELD_CHANGE_U_PASSWORD'),
(373, 'FIELD_CHANGE_U_PASSWORD2'),
(702, 'FIELD_COMMENT_APPROVED'),
(934, 'FIELD_COMMENT_COUNT'),
(704, 'FIELD_COMMENT_CREATED'),
(781, 'FIELD_COMMENT_ID'),
(705, 'FIELD_COMMENT_NAME'),
(779, 'FIELD_COMMENT_NUM'),
(707, 'FIELD_COMMENT_PARENT_ID'),
(1138, 'FIELD_CONFIG'),
(766, 'FIELD_COPY_SITE_STRUCTURE'),
(514, 'FIELD_CURR_ABBR'),
(515, 'FIELD_CURR_FORMAT'),
(559, 'FIELD_CURR_IS_MAIN'),
(512, 'FIELD_CURR_NAME'),
(513, 'FIELD_CURR_RATE'),
(1024, 'FIELD_DELETE_BAN'),
(729, 'FIELD_DOW_0'),
(730, 'FIELD_DOW_1'),
(731, 'FIELD_DOW_2'),
(732, 'FIELD_DOW_3'),
(733, 'FIELD_DOW_4'),
(734, 'FIELD_DOW_5'),
(735, 'FIELD_DOW_6'),
(799, 'FIELD_EPISODE_ANNOTATION_RTF'),
(797, 'FIELD_EPISODE_DATE'),
(798, 'FIELD_EPISODE_NAME'),
(800, 'FIELD_EPISODE_TEXT_RTF'),
(1181, 'FIELD_ERROR_MSG'),
(699, 'FIELD_EXEC_ADDITIONAL_TEXT'),
(652, 'FIELD_EXEC_ANNOTATION_RTF'),
(647, 'FIELD_EXEC_NAME'),
(651, 'FIELD_EXEC_POST'),
(653, 'FIELD_EXEC_TEXT_RTF'),
(437, 'FIELD_FEED_AUTHOR'),
(442, 'FIELD_FEED_DATE'),
(438, 'FIELD_FEED_EMAIL'),
(1007, 'FIELD_FEED_PHONE'),
(436, 'FIELD_FEED_TEXT'),
(993, 'FIELD_FEED_TOPIC'),
(1006, 'FIELD_FEED_TYPE'),
(996, 'FIELD_FEED_TYPE_EMAIL'),
(995, 'FIELD_FEED_TYPE_NAME'),
(1167, 'FIELD_FIELD_IS_NULLABLE'),
(1165, 'FIELD_FIELD_NAME'),
(1166, 'FIELD_FIELD_TYPE'),
(1162, 'FIELD_form_28_field_2'),
(1176, 'FIELD_form_28_field_3'),
(1177, 'FIELD_form_28_field_4'),
(1190, 'FIELD_form_29_field_2'),
(1191, 'FIELD_form_29_field_3'),
(1192, 'FIELD_form_29_field_4'),
(1193, 'FIELD_form_29_field_5'),
(1194, 'FIELD_form_29_field_6'),
(1195, 'FIELD_form_29_field_7'),
(1196, 'FIELD_form_29_field_8_file'),
(1218, 'FIELD_form_30_field_2'),
(1164, 'FIELD_FORM_ANNOTATION_RTF'),
(1155, 'FIELD_FORM_CREATION_DATE'),
(1175, 'FIELD_FORM_DATE'),
(1163, 'FIELD_FORM_EMAIL_ADRESSES'),
(1154, 'FIELD_FORM_ID'),
(1157, 'FIELD_FORM_IS_ACTIVE'),
(1156, 'FIELD_FORM_NAME'),
(1077, 'FIELD_GRAVITY'),
(67, 'FIELD_GROUP_DEFAULT'),
(340, 'FIELD_GROUP_DEFAULT_RIGHTS'),
(63, 'FIELD_GROUP_ID'),
(66, 'FIELD_GROUP_NAME'),
(68, 'FIELD_GROUP_USER_DEFAULT'),
(1081, 'FIELD_ID'),
(172, 'FIELD_IMG_ALIGN'),
(167, 'FIELD_IMG_ALTTEXT'),
(159, 'FIELD_IMG_DESCRIPTION'),
(162, 'FIELD_IMG_FILENAME'),
(158, 'FIELD_IMG_FILENAME_IMG'),
(164, 'FIELD_IMG_HEIGHT'),
(165, 'FIELD_IMG_HSPACE'),
(500, 'FIELD_IMG_MARGIN_BOTTOM'),
(501, 'FIELD_IMG_MARGIN_LEFT'),
(502, 'FIELD_IMG_MARGIN_RIGHT'),
(503, 'FIELD_IMG_MARGIN_TOP'),
(160, 'FIELD_IMG_THUMBNAIL_IMG'),
(166, 'FIELD_IMG_VSPACE'),
(163, 'FIELD_IMG_WIDTH'),
(700, 'FIELD_JURY_ADDITIONAL_TEXT'),
(872, 'FIELD_JURY_ADDITIONAL_TITLE'),
(658, 'FIELD_JURY_ANNOTATION_RTF'),
(657, 'FIELD_JURY_NAME'),
(659, 'FIELD_JURY_TEXT_RTF'),
(69, 'FIELD_LANG_ABBR'),
(71, 'FIELD_LANG_DEFAULT'),
(70, 'FIELD_LANG_NAME'),
(73, 'FIELD_LANG_WIN_CODE'),
(1069, 'FIELD_LIMIT'),
(305, 'FIELD_LTAG_DESCRIPTION'),
(49, 'FIELD_LTAG_NAME'),
(14, 'FIELD_LTAG_VALUE'),
(109, 'FIELD_LTAG_VALUE_RTF'),
(793, 'FIELD_MINI_FIRST_BLOCK'),
(928, 'FIELD_MINI_ID'),
(792, 'FIELD_MINI_IS_HIGH'),
(920, 'FIELD_MINI_NAME'),
(791, 'FIELD_MINI_PHOTO_IMG'),
(794, 'FIELD_MINI_SECOND_BLOCK'),
(795, 'FIELD_MINI_THIRD_BLOCK'),
(790, 'FIELD_MINI_URL'),
(925, 'FIELD_MS_FIRST_BLOCK'),
(923, 'FIELD_MS_PHOTO_IMG'),
(926, 'FIELD_MS_SECOND_BLOCK'),
(927, 'FIELD_MS_THIRD_BLOCK'),
(924, 'FIELD_MS_URL'),
(689, 'FIELD_NEWS_ADDITIONAL_TITLE'),
(393, 'FIELD_NEWS_ANNOUNCE_RTF'),
(737, 'FIELD_NEWS_CATEGORIES'),
(392, 'FIELD_NEWS_DATE'),
(660, 'FIELD_NEWS_IS_DISABLED'),
(882, 'FIELD_NEWS_IS_HOT'),
(875, 'FIELD_NEWS_MAIN'),
(877, 'FIELD_NEWS_PROJ_MAIN'),
(874, 'FIELD_NEWS_PROJ_TOP'),
(686, 'FIELD_NEWS_PUBLISH_DATE'),
(625, 'FIELD_NEWS_SOURCE'),
(394, 'FIELD_NEWS_TEXT_RTF'),
(391, 'FIELD_NEWS_TITLE'),
(876, 'FIELD_NEWS_TOP'),
(367, 'FIELD_NEW_PASSWORD'),
(935, 'FIELD_NICK'),
(1150, 'FIELD_NUM'),
(1053, 'FIELD_ORDER'),
(584, 'FIELD_ORDER_COMMENT'),
(581, 'FIELD_ORDER_CREATED'),
(585, 'FIELD_ORDER_DELIVERY_COMMENT'),
(583, 'FIELD_OS_ID'),
(519, 'FIELD_OS_NAME'),
(820, 'FIELD_PART_AGE'),
(821, 'FIELD_PART_ANNOTATION_RTF'),
(819, 'FIELD_PART_CITY'),
(824, 'FIELD_PART_FNAME'),
(823, 'FIELD_PART_INFO_RTF'),
(817, 'FIELD_PART_IS_DISABLED'),
(818, 'FIELD_PART_NAME'),
(822, 'FIELD_PART_TEXT_RTF'),
(867, 'FIELD_PG_DATE'),
(485, 'FIELD_PG_PHOTO_IMG'),
(483, 'FIELD_PG_TEXT'),
(498, 'FIELD_PG_THUMB_IMG'),
(484, 'FIELD_PG_TITLE'),
(1034, 'FIELD_PG_TOTAL_PHOTOS'),
(1188, 'FIELD_PK_ID'),
(547, 'FIELD_PPV_VALUE'),
(526, 'FIELD_PP_NAME'),
(527, 'FIELD_PP_TYPE'),
(537, 'FIELD_PRODUCER_ID'),
(521, 'FIELD_PRODUCER_NAME'),
(522, 'FIELD_PRODUCER_SEGMENT'),
(534, 'FIELD_PRODUCT_CODE'),
(536, 'FIELD_PRODUCT_COUNT'),
(541, 'FIELD_PRODUCT_DESCRIPTION_RTF'),
(532, 'FIELD_PRODUCT_NAME'),
(535, 'FIELD_PRODUCT_PRICE'),
(533, 'FIELD_PRODUCT_SEGMENT'),
(540, 'FIELD_PRODUCT_SHORT_DESCRIPTION_RTF'),
(568, 'FIELD_PRODUCT_SUMM'),
(531, 'FIELD_PS_ID'),
(517, 'FIELD_PS_IS_DEFAULT'),
(516, 'FIELD_PS_NAME'),
(539, 'FIELD_PT_ID'),
(524, 'FIELD_PT_NAME'),
(1061, 'FIELD_RECORDSPERTAB'),
(1139, 'FIELD_RECURSIVE'),
(265, 'FIELD_REMEMBER_LOGIN'),
(518, 'FIELD_RIGHT_ID'),
(745, 'FIELD_SHORTCUTS'),
(748, 'FIELD_SHORTCUT_NAME'),
(749, 'FIELD_SHORTCUT_URL'),
(750, 'FIELD_SHORTGROUP_ID'),
(744, 'FIELD_SHORTGROUP_NAME'),
(1151, 'FIELD_SHOWALL'),
(1049, 'FIELD_SITE'),
(592, 'FIELD_SITE_FOLDER'),
(588, 'FIELD_SITE_HOST'),
(602, 'FIELD_SITE_ID'),
(728, 'FIELD_SITE_IS_ACTIVE'),
(591, 'FIELD_SITE_IS_DEFAULT'),
(594, 'FIELD_SITE_META_DESCRIPTION'),
(593, 'FIELD_SITE_META_KEYWORDS'),
(590, 'FIELD_SITE_NAME'),
(765, 'FIELD_SITE_PORT'),
(587, 'FIELD_SITE_PROTOCOL'),
(589, 'FIELD_SITE_ROOT'),
(916, 'FIELD_SMAP_ADOCEAN_300_250'),
(917, 'FIELD_SMAP_ADOCEAN_728_90'),
(918, 'FIELD_SMAP_ADOCEAN_RICHMEDIA'),
(1009, 'FIELD_SMAP_ADOCEAN_VIDEO'),
(595, 'FIELD_SMAP_CONTENT'),
(127, 'FIELD_SMAP_DEFAULT'),
(130, 'FIELD_SMAP_DESCRIPTION_RTF'),
(384, 'FIELD_SMAP_HTML_TITLE'),
(236, 'FIELD_SMAP_ID'),
(128, 'FIELD_SMAP_IS_DISABLED'),
(126, 'FIELD_SMAP_IS_FINAL'),
(596, 'FIELD_SMAP_LAYOUT'),
(300, 'FIELD_SMAP_LINK_ID'),
(133, 'FIELD_SMAP_META_DESCRIPTION'),
(131, 'FIELD_SMAP_META_KEYWORDS'),
(1206, 'FIELD_SMAP_META_ROBOTS'),
(129, 'FIELD_SMAP_NAME'),
(125, 'FIELD_SMAP_ORDER_NUM'),
(122, 'FIELD_SMAP_PID'),
(467, 'FIELD_SMAP_REDIRECT_URL'),
(123, 'FIELD_SMAP_SEGMENT'),
(698, 'FIELD_STAFF_ADDITIONAL_TEXT'),
(628, 'FIELD_STAFF_ANNOTATION_RTF'),
(627, 'FIELD_STAFF_POST'),
(643, 'FIELD_STAFF_PROJECTS_RTF'),
(629, 'FIELD_STAFF_TEXT_RTF'),
(626, 'FIELD_STAFF_TITLE'),
(972, 'FIELD_SVI_COUNT'),
(973, 'FIELD_SVI_COUNT_PERCENT'),
(974, 'FIELD_SVI_DESC_RTF'),
(966, 'FIELD_SV_IS_ACTIVE'),
(967, 'FIELD_SV_NAME'),
(1065, 'FIELD_TABCOUNT'),
(329, 'FIELD_TAGS'),
(703, 'FIELD_TARGET_ID'),
(1073, 'FIELD_TEMPLATE'),
(348, 'FIELD_TEXTBLOCK_SOURCE'),
(778, 'FIELD_THEME_CLOSED'),
(933, 'FIELD_THEME_COUNT'),
(780, 'FIELD_THEME_CREATED'),
(776, 'FIELD_THEME_NAME'),
(944, 'FIELD_THEME_NAME2'),
(777, 'FIELD_THEME_TEXT'),
(1057, 'FIELD_TITLE'),
(77, 'FIELD_TMPL_CONTENT'),
(494, 'FIELD_TMPL_ICON'),
(124, 'FIELD_TMPL_ID'),
(78, 'FIELD_TMPL_IS_SYSTEM'),
(76, 'FIELD_TMPL_LAYOUT'),
(75, 'FIELD_TMPL_NAME'),
(1129, 'FIELD_TOP'),
(677, 'FIELD_TVPROGRAM_ANNOTATION_RTF'),
(681, 'FIELD_TVPROGRAM_CAST'),
(680, 'FIELD_TVPROGRAM_DIRECTOR'),
(684, 'FIELD_TVPROGRAM_HOST'),
(716, 'FIELD_TVPROGRAM_ID'),
(676, 'FIELD_TVPROGRAM_NAME'),
(679, 'FIELD_TVPROGRAM_PRODUCTION'),
(682, 'FIELD_TVPROGRAM_REDIRECT_URL'),
(674, 'FIELD_TVPROGRAM_SEGMENT'),
(678, 'FIELD_TVPROGRAM_TEXT_RTF'),
(675, 'FIELD_TVPROGRAM_YEAR'),
(768, 'FIELD_TVPS_IS_GROUP'),
(769, 'FIELD_TVPS_IS_PREMIERE'),
(770, 'FIELD_TVPS_NAME'),
(767, 'FIELD_TVPS_URL'),
(715, 'FIELD_TVSLOT_ANNOTATION_RTF'),
(949, 'FIELD_TVSLOT_DATE'),
(713, 'FIELD_TVSLOT_DURATION'),
(950, 'FIELD_TVSLOT_IS_YESTERDAY'),
(712, 'FIELD_TVSLOT_NAME'),
(711, 'FIELD_TVSLOT_TIME'),
(673, 'FIELD_TVTYPE_ID'),
(670, 'FIELD_TVTYPE_NAME'),
(671, 'FIELD_TVTYPE_NAME_PLURAL'),
(669, 'FIELD_TVTYPE_SEGMENT'),
(672, 'FIELD_TVTYPE_SHORTNAME'),
(1169, 'FIELD_TYPE_BOOL'),
(1172, 'FIELD_TYPE_DATE'),
(1173, 'FIELD_TYPE_DATETIME'),
(1174, 'FIELD_TYPE_FILE'),
(1178, 'FIELD_TYPE_INFO'),
(1179, 'FIELD_TYPE_MULTI'),
(1171, 'FIELD_TYPE_SELECT'),
(1168, 'FIELD_TYPE_STRING'),
(1170, 'FIELD_TYPE_TEXT'),
(688, 'FIELD_UPL_DESCRIPTION'),
(444, 'FIELD_UPL_FILE'),
(336, 'FIELD_UPL_NAME'),
(397, 'FIELD_UPL_PATH'),
(687, 'FIELD_UPL_PUBLICATION_DATE'),
(910, 'FIELD_UPL_RESIZE_IMAGE'),
(1033, 'FIELD_UPL_VIEWS'),
(368, 'FIELD_U_ADDRESS'),
(697, 'FIELD_U_AVATAR_IMG'),
(487, 'FIELD_U_AVATAR_PRFILE'),
(695, 'FIELD_U_BIRTHDAY'),
(486, 'FIELD_U_FULLNAME'),
(506, 'FIELD_U_GROUP'),
(277, 'FIELD_U_ID'),
(492, 'FIELD_U_IS_ACTIVE'),
(694, 'FIELD_U_IS_MALE'),
(345, 'FIELD_U_MAIN_PHONE'),
(50, 'FIELD_U_NAME'),
(693, 'FIELD_U_NICK'),
(958, 'FIELD_U_NICK_2'),
(52, 'FIELD_U_PASSWORD'),
(53, 'FIELD_U_PASSWORD2'),
(696, 'FIELD_U_PLACE'),
(636, 'FIELD_VACANCY_ANNOTATION_RTF'),
(634, 'FIELD_VACANCY_CONTACT_EMAIL'),
(631, 'FIELD_VACANCY_DATE'),
(632, 'FIELD_VACANCY_END_DATE'),
(638, 'FIELD_VACANCY_INFO_RTF'),
(630, 'FIELD_VACANCY_IS_ACTIVE'),
(633, 'FIELD_VACANCY_NAME'),
(637, 'FIELD_VACANCY_TEXT_RTF'),
(635, 'FIELD_VACANCY_URL_SEGMENT'),
(722, 'FIELD_VOTE_ANNOTATION_RTF'),
(718, 'FIELD_VOTE_CREATED'),
(721, 'FIELD_VOTE_END_DATE'),
(725, 'FIELD_VOTE_ID'),
(717, 'FIELD_VOTE_NAME'),
(723, 'FIELD_VOTE_QUESTION_COUNTER'),
(724, 'FIELD_VOTE_QUESTION_TITLE'),
(720, 'FIELD_VOTE_START_DATE'),
(710, 'FIELD_WEEK_IS_ACTIVE'),
(709, 'FIELD_WEEK_NAME'),
(1117, 'FIELD_WIDGET_ICON_IMG'),
(1113, 'FIELD_WIDGET_NAME'),
(1204, 'FIELD_WIDGET_XML'),
(470, 'FIELD_ZIP_FILE'),
(601, 'LAYOUT_DEFAULT'),
(957, 'LAYOUT_DEFAULT_WITHOUT_SIDEBAR'),
(600, 'LAYOUT_EMPTY'),
(599, 'LAYOUT_GOOGLE_SITEMAP'),
(826, 'LAYOUT_MAIN'),
(825, 'LAYOUT_MAIN_PAGE'),
(598, 'LAYOUT_NE_ADMIN'),
(556, 'MSG_BAD_CURR_ABBR'),
(144, 'MSG_BAD_EMAIL_FORMAT'),
(146, 'MSG_BAD_FLOAT_FORMAT'),
(178, 'MSG_BAD_FORMAT'),
(145, 'MSG_BAD_PHONE_FORMAT'),
(179, 'MSG_BAD_USER_NAME_FORMAT'),
(154, 'MSG_CONFIRM_DELETE'),
(1152, 'MSG_CONFIRM_TEMPLATES_RESET'),
(499, 'MSG_DELETE_FILE'),
(343, 'MSG_EMPTY_SEARCH_RESULT'),
(136, 'MSG_FIELD_IS_NOT_NULL'),
(783, 'MSG_FILE_IS_NOT_NULL'),
(784, 'MSG_LOAD_FILE'),
(447, 'MSG_NO_ATTACHED_FILES'),
(261, 'MSG_NO_FILE'),
(578, 'MSG_ORDER_FAILED'),
(296, 'MSG_PASSWORD_SENT'),
(374, 'MSG_PWD_MISMATCH'),
(424, 'MSG_REQUEST_SENT'),
(331, 'MSG_START_EDITING'),
(558, 'MSG_SWITCHER_TIP'),
(1153, 'MSG_TEMPLATES_RESET'),
(445, 'TAB_ATTACHED_FILES'),
(586, 'TAB_ORDER_DETAILS'),
(510, 'TAB_PAGE_RIGHTS'),
(1045, 'TAB_PARAMS'),
(538, 'TAB_PRODUCT_PARAMS'),
(706, 'TAB_STB_NEWS_COMMENT'),
(320, 'TXT_ACCESS_EDIT'),
(319, 'TXT_ACCESS_FULL'),
(321, 'TXT_ACCESS_READ'),
(1213, 'TXT_ACTION_SELECTOR'),
(456, 'TXT_ADDRESS'),
(549, 'TXT_ADD_MANUFACTURER'),
(1028, 'TXT_ADD_TO_FAVORITES'),
(1140, 'TXT_ADS'),
(508, 'TXT_AFTER_SAVE_ACTION'),
(953, 'TXT_AGE'),
(173, 'TXT_ALIGN_BOTTOM'),
(176, 'TXT_ALIGN_LEFT'),
(174, 'TXT_ALIGN_MIDDLE'),
(177, 'TXT_ALIGN_RIGHT'),
(175, 'TXT_ALIGN_TOP'),
(879, 'TXT_ALL'),
(760, 'TXT_ALL_CASTINGS'),
(762, 'TXT_ALL_GENRES'),
(1142, 'TXT_ALL_NEWS'),
(564, 'TXT_ANOTHER_PRODUCTS'),
(912, 'TXT_ANSWER'),
(788, 'TXT_BACKEDITOR'),
(429, 'TXT_BACK_TO_LIST'),
(985, 'TXT_BAD_CAPTCHA'),
(302, 'TXT_BAD_SEGMENT_FORMAT'),
(1037, 'TXT_BAN'),
(1085, 'TXT_BANIP'),
(1015, 'TXT_BANIPEDITOR'),
(1017, 'TXT_BAN_FOR_DAY'),
(1021, 'TXT_BAN_FOR_EVER'),
(1019, 'TXT_BAN_FOR_MONTH'),
(1018, 'TXT_BAN_FOR_WEEK'),
(1020, 'TXT_BAN_FOR_YEAR'),
(566, 'TXT_BASKET_CONTENTS'),
(567, 'TXT_BASKET_EMPTY'),
(565, 'TXT_BASKET_SUMM'),
(570, 'TXT_BASKET_SUMM2'),
(932, 'TXT_BODY_FEEDBACK_ADMIN'),
(990, 'TXT_BODY_FEEDBACK_ARTISTS_ADMIN'),
(929, 'TXT_BODY_FEEDBACK_USER'),
(505, 'TXT_BODY_REGISTER'),
(294, 'TXT_BODY_RESTORE_PASSWORD'),
(989, 'TXT_BODY_STB_FEEDBACK_ADMIN'),
(813, 'TXT_CASTING_BLOCK'),
(759, 'TXT_CASTING_LABEL'),
(763, 'TXT_CAT_NEWS_ALL'),
(1093, 'TXT_CHANGED'),
(421, 'TXT_CLOSE_FIELD'),
(939, 'TXT_COMMENT_NUM'),
(432, 'TXT_CONTACTS'),
(419, 'TXT_CONTACTS_TITLE'),
(1212, 'TXT_CONTENT'),
(560, 'TXT_CURRENCY_RATE'),
(883, 'TXT_DAY_MAIN_NEWS'),
(943, 'TXT_DELETE'),
(82, 'TXT_DETAIL_INFO'),
(507, 'TXT_DIVISIONS'),
(238, 'TXT_DIVISION_EDITOR'),
(121, 'TXT_DIV_EDITOR'),
(205, 'TXT_DOWNLOAD_FILE'),
(942, 'TXT_EDIT'),
(112, 'TXT_EDIT_ITEM'),
(1187, 'TXT_EMAIL_FROM_FORM'),
(579, 'TXT_ENTER_CAPTCHA'),
(371, 'TXT_ENTER_PASSWORD'),
(64, 'TXT_ERRORS'),
(987, 'TXT_FEEDBACKARTISTSEDITOR'),
(1004, 'TXT_FEEDBACKCOMMONLIST'),
(443, 'TXT_FEEDBACKLIST'),
(1001, 'TXT_FEEDBACK_FROM_AUTHOR'),
(1002, 'TXT_FEEDBACK_FROM_EMAIL'),
(991, 'TXT_FEEDBACK_FROM_PHONE'),
(1000, 'TXT_FEEDBACK_FROM_TEXT'),
(440, 'TXT_FEEDBACK_SUCCESS_SEND'),
(691, 'TXT_FEMALE'),
(396, 'TXT_FILELIBRARY'),
(683, 'TXT_FILEREPO'),
(326, 'TXT_FILTER'),
(1149, 'TXT_FILTER_SIGN_BETWEEN'),
(1147, 'TXT_FILTER_SIGN_CONTAINS'),
(1148, 'TXT_FILTER_SIGN_NOT_CONTAINS'),
(297, 'TXT_FORGOT_PWD'),
(1180, 'TXT_FORM'),
(1183, 'TXT_FORMRESULTS'),
(1185, 'TXT_FORM_SUCCESS_SEND'),
(771, 'TXT_FORUMCATEGORYEDITOR'),
(782, 'TXT_FORUMTHEMEEDITOR'),
(946, 'TXT_FORUM_COMMENT_COUNT'),
(911, 'TXT_FORUM_CREATE_THEME'),
(945, 'TXT_FORUM_LAST_COMMENT'),
(947, 'TXT_FORUM_THEME_COUNT'),
(739, 'TXT_FROM'),
(756, 'TXT_FULL_SCHEDULE'),
(914, 'TXT_GENDER'),
(761, 'TXT_GENRE_LABEL'),
(450, 'TXT_H1'),
(451, 'TXT_H2'),
(452, 'TXT_H3'),
(453, 'TXT_H4'),
(454, 'TXT_H5'),
(455, 'TXT_H6'),
(344, 'TXT_HOME'),
(938, 'TXT_HOT_FORUM_THEMES'),
(255, 'TXT_IMAGE_LIBRARY'),
(971, 'TXT_ITEMEDITOR'),
(279, 'TXT_LANGUAGE_EDITOR'),
(940, 'TXT_LAST_COMMENT_DATE'),
(936, 'TXT_LAST_FORUM_MESSAGES'),
(1211, 'TXT_LAYOUT'),
(954, 'TXT_LOCATION'),
(580, 'TXT_LOGIN_ENGAGED'),
(1137, 'TXT_LOGIN_FORM'),
(624, 'TXT_MAIN_NEWS'),
(692, 'TXT_MALE'),
(919, 'TXT_MIEDITOR'),
(471, 'TXT_MONTH_1'),
(480, 'TXT_MONTH_10'),
(481, 'TXT_MONTH_11'),
(482, 'TXT_MONTH_12'),
(472, 'TXT_MONTH_2'),
(473, 'TXT_MONTH_3'),
(474, 'TXT_MONTH_4'),
(475, 'TXT_MONTH_5'),
(476, 'TXT_MONTH_6'),
(477, 'TXT_MONTH_7'),
(478, 'TXT_MONTH_8'),
(479, 'TXT_MONTH_9'),
(827, 'TXT_NEW_PHOTO'),
(1205, 'TXT_NEW_TEXTBLOCK'),
(812, 'TXT_NEW_VIDEO'),
(1200, 'TXT_NO'),
(880, 'TXT_NOW'),
(948, 'TXT_NO_COMMENTS'),
(156, 'TXT_NO_RIGHTS'),
(420, 'TXT_OPEN_FIELD'),
(548, 'TXT_OR'),
(83, 'TXT_ORDER'),
(582, 'TXT_ORDERHISTORY'),
(576, 'TXT_ORDER_CLIENT_SUBJECT'),
(575, 'TXT_ORDER_MANAGER_SUBJECT'),
(574, 'TXT_ORDER_SEND'),
(216, 'TXT_PAGES'),
(529, 'TXT_PARAM_TYPE_INT'),
(528, 'TXT_PARAM_TYPE_STRING'),
(530, 'TXT_PARAM_TYPE_TEXT'),
(1010, 'TXT_PARTICIPANTS'),
(955, 'TXT_PARTICIPANT_IS_DISABLED'),
(830, 'TXT_PHOTO'),
(915, 'TXT_PLACE'),
(1030, 'TXT_POST_ON_FACEBOOK'),
(1032, 'TXT_POST_ON_LIVEJOURNAL'),
(1031, 'TXT_POST_ON_TWITTER'),
(1029, 'TXT_POST_ON_VKONTAKTE'),
(878, 'TXT_PREMIERE'),
(385, 'TXT_PREVIEW'),
(1027, 'TXT_PRINT'),
(520, 'TXT_PRODUCEREDITOR'),
(523, 'TXT_PRODUCTTYPEEDITOR'),
(561, 'TXT_PRODUCT_PARAMS'),
(562, 'TXT_PRODUCT_PRICE'),
(1109, 'TXT_PROJECT_NEWS'),
(81, 'TXT_PROPERTIES'),
(979, 'TXT_READ_ALL_CASTINGS'),
(758, 'TXT_READ_ALL_NEWS'),
(937, 'TXT_READ_ALL_THEMES'),
(965, 'TXT_READ_ALL_VACANCIES'),
(752, 'TXT_READ_MORE'),
(886, 'TXT_REGISTRATION'),
(135, 'TXT_REGISTRATION_SUCCESS'),
(690, 'TXT_REGISTRATION_TEXT'),
(439, 'TXT_REQUIRED_FIELDS'),
(449, 'TXT_RESET'),
(1089, 'TXT_RESET_CONTENT'),
(328, 'TXT_RESET_FILTER'),
(341, 'TXT_ROLE_DIV_RIGHTS'),
(274, 'TXT_ROLE_EDITOR'),
(488, 'TXT_ROLE_TEXT'),
(1214, 'TXT_SAVE_CONTENT'),
(1216, 'TXT_SAVE_TO_CURRENT_CONTENT'),
(1215, 'TXT_SAVE_TO_NEW_CONTENT'),
(511, 'TXT_SEARCH_CATALOGUE'),
(978, 'TXT_SEARCH_ON_STB'),
(342, 'TXT_SEARCH_RESULT'),
(1026, 'TXT_SEND_EMAIL'),
(757, 'TXT_SHARE_BLOCK_TITLE'),
(143, 'TXT_SHIT_HAPPENS'),
(1012, 'TXT_SIMILAR_NEWS'),
(431, 'TXT_SITEMAP'),
(968, 'TXT_SPONSORVOTEEDITOR'),
(986, 'TXT_STBFEEDBACKLIST'),
(931, 'TXT_SUBJ_FEEDBACK_ADMIN'),
(1003, 'TXT_SUBJ_FEEDBACK_COMMON'),
(930, 'TXT_SUBJ_FEEDBACK_USER'),
(504, 'TXT_SUBJ_REGISTER'),
(293, 'TXT_SUBJ_RESTORE_PASSWORD'),
(988, 'TXT_SUBJ_STB_FEEDBACK_ADMIN'),
(80, 'TXT_SUCCESS'),
(186, 'TXT_TEMPLATE_EDITOR'),
(1097, 'TXT_TEXTBLOCK_SOURCE_EDITOR'),
(322, 'TXT_THUMB'),
(740, 'TXT_TO'),
(726, 'TXT_TODAY'),
(755, 'TXT_TODAY_ON_STB'),
(1141, 'TXT_TOPNEWS'),
(828, 'TXT_TOP_PHOTO'),
(785, 'TXT_TOP_VIDEO'),
(708, 'TXT_TVWEEKSCHEDULEEDITOR'),
(884, 'TXT_UNKNOWN'),
(1022, 'TXT_USER_BAN_EDITOR'),
(273, 'TXT_USER_EDITOR'),
(287, 'TXT_USER_GREETING'),
(304, 'TXT_USER_GROUPS'),
(286, 'TXT_USER_NAME'),
(325, 'TXT_USER_PROFILE_SAVED'),
(375, 'TXT_USER_PROFILE_WRONG_PWD'),
(441, 'TXT_USER_REGISTRED'),
(640, 'TXT_VACANCIES'),
(811, 'TXT_VACANCIES_BLOCK'),
(964, 'TXT_VACANCY_CONTACT_EMAIL'),
(963, 'TXT_VACANCY_END_DATE'),
(962, 'TXT_VACANCY_START_DATE'),
(871, 'TXT_VIDEO'),
(110, 'TXT_VIEW_ITEM'),
(1011, 'TXT_VIEW_VIDEO'),
(661, 'TXT_VIKNA_NEWS'),
(984, 'TXT_VOTE'),
(983, 'TXT_VOTES_IN_FAVOUR'),
(786, 'TXT_VOTE_TITLE'),
(873, 'TXT_WATCH'),
(764, 'TXT_WATCH_ALL'),
(829, 'TXT_WATCH_ALL_PHOTO'),
(787, 'TXT_WATCH_ALL_VIDEO'),
(1125, 'TXT_WIDGETEDITOR'),
(1199, 'TXT_YES'),
(727, 'TXT_YESTERDAY'),
(642, 'TXT_YOU_ALREADY_VOTED');

-- --------------------------------------------------------

--
-- Table structure for table `share_lang_tags_translation`
--

CREATE TABLE IF NOT EXISTS `share_lang_tags_translation` (
  `ltag_id` int(10) unsigned NOT NULL DEFAULT '0',
  `lang_id` int(10) unsigned NOT NULL DEFAULT '0',
  `ltag_value_rtf` text NOT NULL,
  PRIMARY KEY (`ltag_id`,`lang_id`),
  KEY `FK_tranaslatelv_language` (`lang_id`)
) ENGINE=InnoDB DEFAULT CHARSET=utf8;

--
-- Dumping data for table `share_lang_tags_translation`
--

INSERT INTO `share_lang_tags_translation` (`ltag_id`, `lang_id`, `ltag_value_rtf`) VALUES
(14, 1, 'Значение'),
(14, 2, 'Значення'),
(14, 9, 'Значение'),
(15, 1, 'Выйти'),
(15, 2, 'Вийти'),
(15, 9, 'Logout'),
(42, 1, 'Сохранить'),
(42, 2, 'Зберегти'),
(42, 9, 'Save'),
(43, 1, 'Добавить'),
(43, 2, 'Додати'),
(43, 9, 'Add'),
(45, 1, 'вернуться к списку'),
(45, 2, 'повернутися до списку'),
(45, 9, 'вернуться к списку'),
(46, 1, 'Редактировать'),
(46, 2, 'Редагувати'),
(46, 9, 'Edit'),
(47, 1, 'Удалить'),
(47, 2, 'Видалити'),
(47, 9, 'Delete'),
(49, 1, 'Имя тега'),
(49, 2, 'Назва тега'),
(49, 9, 'Tag name'),
(50, 1, 'Логин (Ваш e-mail)'),
(50, 2, 'Логін (Ваш e-mail)'),
(50, 9, 'Login (Your e-mail)'),
(52, 1, 'Пароль'),
(52, 2, 'Пароль'),
(52, 9, 'Пароль'),
(53, 1, 'Повторите пароль'),
(53, 2, 'Повторіть пароль'),
(53, 9, 'Повторите пароль'),
(54, 1, 'Зарегистрироваться'),
(54, 2, 'Зареєструватись'),
(54, 9, 'Зарегистрироваться'),
(55, 1, 'Сохранить изменения'),
(55, 2, 'Зберегти зміни'),
(55, 9, 'Save changes'),
(56, 1, 'Режим редактирования'),
(56, 2, 'Режим редагування'),
(56, 9, 'Edit mode'),
(57, 1, 'Добавить страницу'),
(57, 2, 'Додати сторінку'),
(57, 9, 'Добавить страницу'),
(58, 1, 'Редактировать страницу'),
(58, 2, 'Редагувати сторінку'),
(58, 9, 'Редактировать страницу'),
(59, 1, 'Удалить страницу'),
(59, 2, 'Видалити сторінку'),
(59, 9, 'Delete page'),
(60, 1, 'Режим просмотра'),
(60, 2, 'Режим перегляду'),
(60, 9, 'View mode'),
(61, 1, 'Исходный код'),
(61, 2, 'Вихідний код'),
(61, 9, 'Исходный код'),
(62, 1, 'Назначить группы'),
(62, 2, 'Призначити групи'),
(62, 9, 'Set group'),
(63, 1, 'Группы'),
(63, 2, 'Групи'),
(63, 9, 'Groups'),
(64, 1, 'В процессе работы возникли ошибки'),
(64, 2, 'В процесі роботи виникли помилки'),
(64, 9, 'В процессе работы возникли ошибки'),
(65, 1, 'Невозможно удалить себя самого.'),
(65, 2, 'Неможливо видалити самого себе.'),
(65, 9, 'Невозможно удалить себя самого.'),
(66, 1, 'Имя группы'),
(66, 2, 'Назва групи'),
(66, 9, 'Group name'),
(67, 1, 'По умолчанию для гостей'),
(67, 2, 'За замовчанням для гостей'),
(67, 9, 'Default for guests'),
(68, 1, 'По умолчанию для пользователей'),
(68, 2, 'За замовчанням для користувачів'),
(68, 9, 'Default for users'),
(69, 1, 'Аббревиатура языка'),
(69, 2, 'Абревіатура мови'),
(69, 9, 'Аббревиатура языка'),
(70, 1, 'Название языка'),
(70, 2, 'Назва мови'),
(70, 9, 'Language name'),
(71, 1, 'Язык по умолчанию'),
(71, 2, 'Мова за замовчанням'),
(71, 9, 'Default language'),
(73, 1, 'Локаль для Windows'),
(73, 2, 'Локаль для Windows'),
(73, 9, 'Локаль для Windows'),
(74, 1, 'Назначить права'),
(74, 2, 'Призначити права'),
(74, 9, 'Назначить права'),
(75, 1, 'Название шаблона'),
(75, 2, 'Назва шаблону'),
(75, 9, 'Template name'),
(76, 1, 'Layout'),
(76, 2, 'Layout'),
(76, 9, 'Layout'),
(77, 1, 'Content'),
(77, 2, 'Content'),
(77, 9, 'Content'),
(78, 1, 'Системный шаблон'),
(78, 2, 'Системний шаблон'),
(78, 9, 'Системный шаблон'),
(79, 1, 'Войти'),
(79, 2, 'Увійти'),
(79, 9, 'Войти'),
(80, 1, 'Регистрация прошла успешно'),
(80, 2, 'Реєстрація пройшла успішно'),
(80, 9, 'Регистрация прошла успешно'),
(81, 1, 'Свойства'),
(81, 2, 'Властивості'),
(81, 9, 'Свойства'),
(82, 1, 'подробнее'),
(82, 2, 'детальніше'),
(82, 9, 'more'),
(83, 1, 'Заказать'),
(83, 2, 'Замовити'),
(83, 9, 'Заказать'),
(96, 1, 'Ошибка 404: документ не найден.'),
(96, 2, 'Помилка 404: документ не знайдено.'),
(96, 9, 'Ошибка 404: документ не найден.'),
(109, 1, 'Перевод'),
(109, 2, 'Переклад'),
(109, 9, 'Translation'),
(110, 1, 'Просмотр'),
(110, 2, 'Перегляд'),
(110, 9, 'Просмотр'),
(112, 1, 'Редактирование'),
(112, 2, 'Редактування'),
(112, 9, 'Редактирование'),
(121, 1, 'Редактор разделов'),
(121, 2, 'Редактор розділів'),
(121, 9, 'Редактор разделов'),
(122, 1, 'Родительский раздел'),
(122, 2, 'Батьківський розділ'),
(122, 9, 'Родительский раздел'),
(123, 1, 'Сегмент URI'),
(123, 2, 'Сегмент URI'),
(123, 9, 'Сегмент URI'),
(124, 1, 'Шаблон'),
(124, 2, 'Шаблон'),
(124, 9, 'Шаблон'),
(125, 1, 'Порядок следования'),
(125, 2, 'Порядок слідування'),
(125, 9, 'Порядок следования'),
(126, 1, 'Конечный раздел'),
(126, 2, 'Кінцевий розділ'),
(126, 9, 'Конечный раздел'),
(127, 1, 'Раздел по умолчанию'),
(127, 2, 'Розділ за замовчанням'),
(127, 9, 'Раздел по умолчанию'),
(128, 1, 'Отключен'),
(128, 2, 'Відключена'),
(128, 9, 'Отключен'),
(129, 1, 'Название раздела'),
(129, 2, 'Назва розділу'),
(129, 9, 'Section name'),
(130, 1, 'Описание раздела'),
(130, 2, 'Опис розділу'),
(130, 9, 'Описание раздела'),
(131, 1, 'Ключевые слова (meta keywords)'),
(131, 2, 'Ключові слова (meta keywords)'),
(131, 9, 'Ключевые слова (meta keywords)'),
(133, 1, 'Мета-описание (meta description)'),
(133, 2, 'Мета-опис (meta description)'),
(133, 9, 'Мета-описание (meta description)'),
(134, 1, 'Закрыть'),
(134, 2, 'Закрити'),
(134, 9, 'Close'),
(135, 1, 'Успешная регистрация'),
(135, 2, 'Успішна реєстрація'),
(135, 9, 'Успешная регистрация'),
(136, 1, 'Поле не может быть пустым.'),
(136, 2, 'Поле не може бути порожнім.'),
(136, 9, 'Поле не может быть пустым.'),
(143, 1, 'При сохранении произошли ошибки'),
(143, 2, 'При збереженні сталися помилки'),
(143, 9, 'При сохранении произошли ошибки'),
(144, 1, 'Неправильный формат e-mail.'),
(144, 2, 'Неправильний формат e-mail.'),
(144, 9, 'Неправильный формат e-mail.'),
(145, 1, 'Неправильный формат телефонного номера. Он должен содержать только цифры, знак "-", или пробел.'),
(145, 2, 'Неправильний формат телефонного номера. Він повинен містити тільки цифри, знак "-", або пробіл.'),
(145, 9, 'Неправильный формат телефонного номера. Он должен содержать только цифры, знак "-", или пробел.'),
(146, 1, 'Неправильный формат числа.'),
(146, 2, 'Неправильний формат числа.'),
(146, 9, 'Неправильный формат числа.'),
(154, 1, 'Вы уверены, что хотите удалить запись? Восстановить данные потом будет невозможно.'),
(154, 2, 'Ви впевнені, що хочете видалити запис? Відновити дані потім буде неможливо.'),
(154, 9, 'Вы уверены, что хотите удалить запись? Восстановить данные потом будет невозможно.'),
(156, 1, 'Права отсутствуют'),
(156, 2, 'Права відсутні'),
(156, 9, 'Права отсутствуют'),
(157, 1, 'Просмотреть'),
(157, 2, 'Продивитись'),
(157, 9, 'View'),
(158, 1, 'Изображение'),
(158, 2, 'Зображення'),
(158, 9, 'Изображение'),
(159, 1, 'Описание изображения'),
(159, 2, 'Опис зображення'),
(159, 9, 'Описание изображения'),
(160, 1, 'Маленькое изображение'),
(160, 2, 'Маленьке зображення'),
(160, 9, 'Маленькое изображение'),
(161, 1, 'Вставить изображение'),
(161, 2, 'Вставити зображення'),
(161, 9, 'Вставить изображение'),
(162, 1, 'Имя файла'),
(162, 2, 'Назва файла'),
(162, 9, 'Имя файла'),
(163, 1, 'Ширина'),
(163, 2, 'Ширина'),
(163, 9, 'Ширина'),
(164, 1, 'Высота'),
(164, 2, 'Висота'),
(164, 9, 'Высота'),
(165, 1, 'Горизонтальный отступ'),
(165, 2, 'Горизонтальний відступ'),
(165, 9, 'Горизонтальный отступ'),
(166, 1, 'Вертикальный отступ'),
(166, 2, 'Вертикальний відступ'),
(166, 9, 'Вертикальный отступ'),
(167, 1, 'Альтернативный текст'),
(167, 2, 'Альтернативний текст'),
(167, 9, 'Альтернативный текст'),
(168, 1, 'Вставить изображение'),
(168, 2, 'Вставити зображення'),
(168, 9, 'Вставить изображение'),
(169, 1, 'Библиотека изображений'),
(169, 2, 'Бібліотека зображень'),
(169, 9, 'Библиотека изображений'),
(170, 1, 'У Вас недостаточно прав на просмотр этой страницы.'),
(170, 2, 'У Вас недостатньо прав для перегляду цієї сторінки.'),
(170, 9, 'У Вас недостаточно прав на просмотр этой страницы.'),
(171, 1, 'Менеджер изображений'),
(171, 2, 'Менеджер зображень'),
(171, 9, 'Менеджер изображений'),
(172, 1, 'Выравнивание'),
(172, 2, 'Вирівнювання'),
(172, 9, 'Выравнивание'),
(173, 1, 'Внизу'),
(173, 2, 'Внизу'),
(173, 9, 'Внизу'),
(174, 1, 'Посередине'),
(174, 2, 'Посередині'),
(174, 9, 'Посередине'),
(175, 1, 'Вверху'),
(175, 2, 'Зверху'),
(175, 9, 'Вверху'),
(176, 1, 'Слева'),
(176, 2, 'Зліва'),
(176, 9, 'Слева'),
(177, 1, 'Справа'),
(177, 2, 'Справа'),
(177, 9, 'Справа'),
(178, 1, 'Неправильный формат'),
(178, 2, 'Неправильний формат'),
(178, 9, 'Неправильный формат'),
(179, 1, 'Неправильный формат имени пользователя. В поле должны быть только латинские буквы и цифры.'),
(179, 2, 'Неправильний формат імені користувача. У полі повинні бути тільки латинські літери і цифри.'),
(179, 9, 'Неправильный формат имени пользователя. В поле должны быть только латинские буквы и цифры.'),
(186, 1, 'Редактор шаблонов'),
(186, 2, 'Редактор шаблонів'),
(186, 9, 'Редактор шаблонов'),
(205, 1, 'Загрузить в формате PDF'),
(205, 2, 'Завантажити в форматі PDF'),
(205, 9, 'Загрузить в формате PDF'),
(214, 1, 'Перейти'),
(214, 2, 'Перейти'),
(214, 9, 'Go'),
(216, 1, 'Страницы'),
(216, 2, 'Сторінки'),
(216, 9, 'pages'),
(236, 1, 'Категория'),
(236, 2, 'Категорія'),
(236, 9, 'Категория'),
(237, 1, 'Выбрать'),
(237, 2, 'Обрати'),
(237, 9, 'Выбрать'),
(238, 1, 'Список разделов'),
(238, 2, 'Список розділів'),
(238, 9, 'Список разделов'),
(250, 1, 'Поднять'),
(250, 2, 'Підняти'),
(250, 9, 'Up'),
(251, 1, 'Опустить'),
(251, 2, 'Опустити'),
(251, 9, 'Down'),
(255, 1, 'Библиотека изображений'),
(255, 2, 'Бібліотека зображень'),
(255, 9, 'Библиотека изображений'),
(260, 1, 'Загрузить'),
(260, 2, 'Завантажити'),
(260, 9, 'Загрузить'),
(261, 1, 'Файл не выбран'),
(261, 2, 'Файл не обрано'),
(261, 9, 'Файл не выбран'),
(263, 1, 'Произошла ошибка при работе с базой данных.'),
(263, 2, 'Сталася помилка при роботі з базою даних.'),
(263, 9, 'Database error'),
(265, 1, 'Запомнить'),
(265, 2, 'Запам''ятати'),
(265, 9, 'Запомнить'),
(269, 1, 'Отправить'),
(269, 2, 'Відправити'),
(269, 9, 'Отправить'),
(273, 1, 'Редактор пользователей'),
(273, 2, 'Редактор користувачів'),
(273, 9, 'Users editor'),
(274, 1, 'Редактор ролей'),
(274, 2, 'Редактор ролей'),
(274, 9, 'Roles editor'),
(277, 1, 'Пользователь'),
(277, 2, 'Користувач'),
(277, 9, 'Пользователь'),
(279, 1, 'Редактор языков'),
(279, 2, 'Редактор мов'),
(279, 9, 'Languages editor'),
(284, 1, 'Искать'),
(284, 2, 'Шукати'),
(284, 9, 'Искать'),
(286, 1, 'Вы вошли в систему как'),
(286, 2, 'Ви увійшли до системи як'),
(286, 9, 'you logged in as'),
(287, 1, 'Приветствуем,'),
(287, 2, 'Вітаємо,'),
(287, 9, 'Greetings,'),
(293, 1, 'Восстановление пароля на сайте СТБ'),
(293, 2, 'Відновлення пароля на сайті СТБ'),
(293, 9, 'Восстановление пароля на сайте СТБ'),
(294, 1, '<p>Здравствуйте.</p>\n<p>Вами был подан запрос на восстановление пароля.<br>\nВаш новый пароль: $password.</p>\n<p>В качестве имени пользователя используйте адрес электронной почты,\nна которое поступило это письмо.</p>\n<p>С уважением, STB.UA.</p>\n'),
(294, 2, '<p>Доброго дня.</p>\n<p>Вами було подано запит на відновлення пароля.<br>\nВаш новый пароль: $password.</p>\n<p>В якості імені користувача використовуйте адресу електронної пошти,\nна яку надійшов цей лист.</p>\n<p>З повагою, STB.UA</p>\n'),
(294, 9, '<p>Здравствуйте.</p>\n<p>Вами был подан запрос на восстановление пароля.<br>\nВаш новый пароль: $password.</p>\n<p>В качестве имени пользователя используйте адрес электронной почты,\nна которое поступило это письмо.</p>\n<p>С уважением, STB.UA.</p>\n'),
(295, 1, 'Неправильное имя пользователя'),
(295, 2, 'Невірне ім''я користувача'),
(295, 9, 'Неправильное имя пользователя'),
(296, 1, 'На указанный вами адрес электронной почты был отправлен новый пароль.'),
(296, 2, 'На вказану вами адресу електронної пошти було відправлено новий пароль.'),
(296, 9, 'На указанный вами адрес электронной почты был отправлен новый пароль.'),
(297, 1, 'Забыли пароль?'),
(297, 2, 'Забули пароль?'),
(297, 9, 'Забыли пароль?'),
(300, 1, 'Ссылка на раздел'),
(300, 2, 'Посилання на розділ'),
(300, 9, 'Ссылка на раздел'),
(302, 1, 'Неправильный формат сегмента URL'),
(302, 2, 'Неправильний формат сегмента URL'),
(302, 9, 'Неправильный формат сегмента URL'),
(303, 1, '<P><STRONG>Пользователь с такими данными уже существует.</STRONG></P>\n<P>Скорее всего вы уже зарегистрированы в нашем магазине. </P>\n<P>Вам необходимо авторизоваться , перейдя на форму авторизации. </P>\n<P>Если вы забыли свой пароль, воспользуйтесь формой восстановления пароля, расположенной на той же странице.</P>'),
(303, 2, '<P><STRONG>Користувач з такими даними уже існує.</STRONG></P>\n<P>Скоріш за все, ви вже зареєстровані у нашому магазині. </P>\n<P>Вам необхідно авторизуватися за допомогою форми авторизації. </P>\n<P>Якщо ви забули свій пароль, скористайтесь формою відновлення пароля, що знаходиться на тій же сторінці.</P>'),
(303, 9, '<P><STRONG>Пользователь с такими данными уже существует.</STRONG></P>\n<P>Скорее всего вы уже зарегистрированы в нашем магазине. </P>\n<P>Вам необходимо авторизоваться , перейдя на форму авторизации. </P>\n<P>Если вы забыли свой пароль, воспользуйтесь формой восстановления пароля, расположенной на той же странице.</P>'),
(304, 1, 'Группы'),
(304, 2, 'Групи'),
(304, 9, 'Groups'),
(305, 1, 'Комментарий'),
(305, 2, 'Коментар'),
(305, 9, 'Комментарий'),
(312, 1, 'Открыть'),
(312, 2, 'Відкрити'),
(312, 9, 'Открыть'),
(313, 1, 'Создать папку'),
(313, 2, 'Створити папку'),
(313, 9, 'Create folder'),
(314, 1, 'Переименовать'),
(314, 2, 'Перейменувати'),
(314, 9, 'Переименовать'),
(319, 1, 'Полный доступ'),
(319, 2, 'Повний доступ'),
(319, 9, 'Полный доступ'),
(320, 1, 'Редактирование'),
(320, 2, 'Редактування'),
(320, 9, 'Редактирование'),
(321, 1, 'Только чтение'),
(321, 2, 'Тільки перегляд'),
(321, 9, 'Только чтение'),
(322, 1, 'Маленькое изображение для: '),
(322, 2, 'Маленьке зображення для: '),
(322, 9, 'Маленькое изображение для: '),
(323, 1, 'Структура сайта'),
(323, 2, 'Структура сайту'),
(323, 9, 'Структура сайта'),
(324, 1, 'Шаблоны'),
(324, 2, 'Шаблони'),
(324, 9, 'Шаблоны'),
(325, 1, '<p>Пользовательские настройки сохранены.</p>'),
(325, 2, '<p>Налаштування користувача збережено.</p>'),
(325, 9, '<p>Пользовательские настройки сохранены.</p>'),
(326, 1, 'Фильтр'),
(326, 2, 'Фільтр'),
(326, 9, 'Filter'),
(327, 1, 'Применить'),
(327, 2, 'Застосувати'),
(327, 9, 'Apply'),
(328, 1, 'Сбросить фильтр'),
(328, 2, 'Скинути фільтр'),
(328, 9, 'Remove filter'),
(329, 1, 'Теги'),
(329, 2, 'Теги'),
(329, 9, 'Теги'),
(330, 1, 'Сохранить и перейти к редактированию'),
(330, 2, 'Зберегти і перейти до редагування'),
(330, 9, 'Save, and open editor'),
(331, 1, 'Вы хотите перейти на новосозданную страницу?'),
(331, 2, 'Ви хочете перейти до нової сторінки?'),
(331, 9, 'Do you want to open created page?'),
(336, 1, 'Название'),
(336, 2, 'Назва'),
(336, 9, 'Name'),
(339, 1, 'Нельзя удалить группу по умолчанию'),
(339, 2, 'Неможливо видалити групу за замовчанням'),
(339, 9, 'Нельзя удалить группу по умолчанию'),
(340, 1, 'Права группы по умолчанию'),
(340, 2, 'Права групи за замовчанням'),
(340, 9, 'Group default rights'),
(341, 1, 'Права на разделы'),
(341, 2, 'Права на розділи'),
(341, 9, 'Права на разделы'),
(342, 1, 'Результаты поиска'),
(342, 2, 'Результати пошуку'),
(342, 9, 'Результаты поиска'),
(343, 1, 'По вашему запросу товар не найден.'),
(343, 2, 'За вашим запитом товар не знайдено.'),
(343, 9, 'По вашему запросу товар не найден.'),
(344, 1, 'Главная'),
(344, 2, 'Головна'),
(344, 9, 'Home'),
(345, 1, 'Телефон'),
(345, 2, 'Телефон'),
(345, 9, 'Телефон'),
(346, 1, 'Сохранить'),
(346, 2, 'Зберегти'),
(346, 9, 'Save'),
(347, 1, 'Отменить'),
(347, 2, 'Відмінити'),
(347, 9, 'cancel'),
(348, 1, 'Исходный код текстового блока'),
(348, 2, 'Вихідний код текстового блоку'),
(348, 9, 'Исходный код текстового блока'),
(357, 1, 'Файловый репозиторий'),
(357, 2, 'Файловий репозиторій'),
(357, 9, 'File storage'),
(365, 1, 'Изменить персональные данные'),
(365, 2, 'Змінити персональні дані'),
(365, 9, 'Изменить персональные данные'),
(367, 1, 'Новый пароль'),
(367, 2, 'Новий пароль'),
(367, 9, 'Новый пароль'),
(368, 1, 'Адрес'),
(368, 2, 'Адреса'),
(368, 9, 'Адрес'),
(371, 1, 'Для сохранения необходимо ввести пароль'),
(371, 2, 'Для збереження необхідно ввести пароль'),
(371, 9, 'Для сохранения необходимо ввести пароль'),
(372, 1, 'Новый пароль'),
(372, 2, 'Новий пароль'),
(372, 9, 'Новый пароль'),
(373, 1, 'Подтвердите пароль'),
(373, 2, 'Підтвердіть пароль'),
(373, 9, 'Подтвердите пароль'),
(374, 1, 'Новый пароль и его подтверждение должны быть одинаковыми.'),
(374, 2, 'Новий пароль і його підтвердження повинні бути однакові.'),
(374, 9, 'Новый пароль и его подтверждение должны быть одинаковыми.'),
(375, 1, 'Вы ввели неверный пароль'),
(375, 2, 'Ви ввели невірний пароль'),
(375, 9, 'Вы ввели неверный пароль'),
(376, 1, 'Неверный логин или пароль'),
(376, 2, 'Невірний логін або пароль'),
(376, 9, 'Invalid login or password'),
(381, 1, 'Переводы'),
(381, 2, 'Переклади'),
(381, 9, 'Translations'),
(383, 1, 'Невозможно изменить порядок следования'),
(383, 2, 'Неможливо змінити порядок слідування'),
(383, 9, 'Невозможно изменить порядок следования'),
(384, 1, 'Альтернативный title страницы'),
(384, 2, 'Альтернативний title сторінки'),
(384, 9, 'Альтернативный title страницы'),
(385, 1, 'Режим просмотра'),
(385, 2, 'Режим перегляду'),
(385, 9, 'View'),
(389, 1, 'Неправильные данные.'),
(389, 2, 'Неправильні дані.'),
(389, 9, 'Неправильные данные.'),
(391, 1, 'Заголовок новости'),
(391, 2, 'Заголовок новини'),
(391, 9, 'Заголовок новости'),
(392, 1, 'Дата новости'),
(392, 2, 'Дата новини'),
(392, 9, 'Дата новости'),
(393, 1, 'Анонс новости '),
(393, 2, 'Анонс новини'),
(393, 9, 'Анонс новости '),
(394, 1, 'Текст новости'),
(394, 2, 'Текст новини'),
(394, 9, 'Текст новости'),
(396, 1, 'Файловый репозиторий'),
(396, 2, 'Файловий репозиторій'),
(396, 9, 'File storage'),
(397, 1, 'Имя папки (сегмент URI)'),
(397, 2, 'Назва папки (сегмент URI)'),
(397, 9, 'Имя папки (сегмент URI)'),
(419, 1, 'Контакты'),
(419, 2, 'Контакти'),
(419, 9, 'Контакты'),
(420, 1, 'Открыть поле'),
(420, 2, 'Відкрити поле'),
(420, 9, 'Открыть поле'),
(421, 1, 'Скрыть поле'),
(421, 2, 'Сховати поле'),
(421, 9, 'Скрыть поле'),
(422, 1, '/^(([^()<>@,;:\\\\\\".\\[\\] ]+)|("[^"\\\\\\\\\\r]*"))((\\.[^()<>@,;:\\\\\\".\\[\\] ]+)|(\\."[^"\\\\\\\\\\r]*"))*@(([a-z0-9][a-z0-9\\-]+)*[a-z0-9]+\\.)+[a-z]{2,}$/i'),
(422, 2, '/^(([^()<>@,;:\\\\\\".\\[\\] ]+)|("[^"\\\\\\\\\\r]*"))((\\.[^()<>@,;:\\\\\\".\\[\\] ]+)|(\\."[^"\\\\\\\\\\r]*"))*@(([a-z0-9][a-z0-9\\-]+)*[a-z0-9]+\\.)+[a-z]{2,}$/i'),
(422, 9, '/^(([^()<>@,;:\\\\\\".\\[\\] ]+)|("[^"\\\\\\\\\\r]*"))((\\.[^()<>@,;:\\\\\\".\\[\\] ]+)|(\\."[^"\\\\\\\\\\r]*"))*@(([a-z0-9][a-z0-9\\-]+)*[a-z0-9]+\\.)+[a-z]{2,}$/i'),
(424, 1, 'Спасибо за внимание к нашим продуктам. Ваша заявка отправлена. В ближайшее время мы свяжемся с Вами.'),
(424, 2, 'Дякуємо за інтерес до наших продуктів. Ваше замовлення відправлено. Найближчим часом ми звяжемось з вами. '),
(424, 9, 'Спасибо за внимание к нашим продуктам. Ваша заявка отправлена. В ближайшее время мы свяжемся с Вами.'),
(426, 1, 'Добавить новость'),
(426, 2, 'Додати новину'),
(426, 9, 'Добавить новость'),
(427, 1, 'Редактировать новость'),
(427, 2, 'Редагувати новину'),
(427, 9, 'Редактировать новость'),
(428, 1, 'Удалить новость'),
(428, 2, 'Видалити новину'),
(428, 9, 'Delete'),
(429, 1, 'вернуться к списку'),
(429, 2, 'повернутися до списку'),
(429, 9, 'вернуться к списку'),
(431, 1, 'Карта сайта'),
(431, 2, 'Карта сайту'),
(431, 9, 'Карта сайта'),
(432, 1, 'Контакты'),
(432, 2, 'Контакти'),
(432, 9, 'Контакты'),
(436, 1, 'Текст сообщения'),
(436, 2, 'Текст повідомлення'),
(436, 9, 'Текст сообщения'),
(437, 1, 'Автор сообщения'),
(437, 2, 'Автор повідомлення'),
(437, 9, 'Автор сообщения'),
(438, 1, 'Контактный e-mail'),
(438, 2, 'Контактний e-mail'),
(438, 9, 'Контактный e-mail'),
(439, 1, '<span class="mark">*</span> - поля, обязательные для заполнения'),
(439, 2, '<span class="mark">*</span> - поля, обов''язкові для заповнення'),
(439, 9, '<span class="mark">*</span> - required fields'),
(440, 1, 'Ваше сообщение успешно отправлено.'),
(440, 2, 'Ваше повідомлення успішно відправлено.'),
(440, 9, 'Ваше сообщение успешно отправлено.'),
(441, 1, 'Поздравляем, Вы успешно зарегистрировались. На указанный Вами адрес\nэлектронной почты отправлено письмо с Вашим паролем.'),
(441, 2, 'Вітаємо, Ви вдало зареєструвалися. На вказану Вами електронну адресу\nвідправлено лист з Вашим паролем.'),
(441, 9, 'Поздравляем, Вы успешно зарегистрировались. На указанный Вами адрес\nэлектронной почты отправлено письмо с Вашим паролем.'),
(442, 1, 'Дата сообщения'),
(442, 2, 'Дата повідомлення'),
(442, 9, 'Дата сообщения'),
(443, 1, 'Список сообщений'),
(443, 2, 'Список повідомлень'),
(443, 9, 'Список сообщений'),
(444, 1, 'Файл'),
(444, 2, 'Файл'),
(444, 9, 'Файл'),
(445, 1, 'Дополнительные файлы'),
(445, 2, 'Додаткові файли'),
(445, 9, 'Дополнительные файлы'),
(446, 1, 'Вставить из репозитория'),
(446, 2, 'Вставити з репозиторію'),
(446, 9, 'Вставить из репозитория'),
(447, 1, 'Дополнительные файлы отсутствуют'),
(447, 2, 'Додаткові файли відсутні'),
(447, 9, 'Дополнительные файлы отсутствуют'),
(448, 1, 'Удалить'),
(448, 2, 'Видалити'),
(448, 9, 'Delete'),
(449, 1, 'Очистить форматирование'),
(449, 2, 'Очистити форматування'),
(449, 9, 'Очистить форматирование'),
(450, 1, 'Заголовок 1'),
(450, 2, 'Заголовок 1'),
(450, 9, 'Заголовок 1'),
(451, 1, 'Заголовок 2'),
(451, 2, 'Заголовок 2'),
(451, 9, 'Заголовок 2'),
(452, 1, 'Заголовок 3'),
(452, 2, 'Заголовок 3'),
(452, 9, 'Заголовок 3'),
(453, 1, 'Заголовок 4'),
(453, 2, 'Заголовок 4'),
(453, 9, 'Заголовок 4'),
(454, 1, 'Заголовок 5'),
(454, 2, 'Заголовок 5'),
(454, 9, 'Заголовок 5'),
(455, 1, 'Заголовок 6'),
(455, 2, 'Заголовок 6'),
(455, 9, 'Заголовок 6'),
(456, 1, 'Адрес'),
(456, 2, 'Адреса'),
(456, 9, 'Адрес'),
(457, 1, 'Полужирный шрифт'),
(457, 2, 'Напівжирний'),
(457, 9, 'Bold'),
(458, 1, 'Курсив'),
(458, 2, 'Курсив'),
(458, 9, 'Italics'),
(459, 1, 'Вставить ссылку'),
(459, 2, 'Вставити посилання'),
(459, 9, 'Вставить ссылку'),
(460, 1, 'Ненумерованный список'),
(460, 2, 'Ненумерований список'),
(460, 9, 'Ненумерованный список'),
(461, 1, 'Нумерованный список'),
(461, 2, 'Нумерований перелiк'),
(461, 9, 'Нумерованный список'),
(462, 1, 'Выравнивание по левому краю'),
(462, 2, 'Вирiвнювання злiва'),
(462, 9, 'Выравнивание по левому краю'),
(463, 1, 'Выравнивание по правому краю'),
(463, 2, 'Вирiвнювання справа'),
(463, 9, 'Выравнивание по правому краю'),
(464, 1, 'Выравнивание по центру'),
(464, 2, 'Вирiвнювання по центру'),
(464, 9, 'Выравнивание по центру'),
(465, 1, 'Выравнивание по ширине'),
(465, 2, 'Вирiвнювання по ширинi'),
(465, 9, 'Выравнивание по ширине'),
(466, 1, 'Вставить ссылку на файл'),
(466, 2, 'Вставити посилання на файл'),
(466, 9, 'Вставить ссылку на файл'),
(467, 1, 'Перенаправлять по адресу'),
(467, 2, 'Перенаправляти за адресою'),
(467, 9, 'Перенаправлять по адресу'),
(468, 1, 'Неправильный формат УРЛ'),
(468, 2, 'Невiрний формат УРЛ'),
(468, 9, 'Неправильный формат УРЛ'),
(469, 1, 'Загрузить архив'),
(469, 2, 'Завантажити архiв'),
(469, 9, 'Загрузить архив'),
(470, 1, 'Архив содержащий  файлы для загрузки'),
(470, 2, 'Архів, що містить файли для завантаження'),
(470, 9, 'Архив содержащий  файлы для загрузки'),
(471, 1, 'января'),
(471, 2, 'сiчня'),
(471, 9, 'января'),
(472, 1, 'февраля'),
(472, 2, 'лютого'),
(472, 9, 'февраля'),
(473, 1, 'марта'),
(473, 2, 'березня'),
(473, 9, 'марта'),
(474, 1, 'апреля'),
(474, 2, 'квiтня'),
(474, 9, 'апреля'),
(475, 1, 'мая'),
(475, 2, 'травня'),
(475, 9, 'мая'),
(476, 1, 'июня'),
(476, 2, 'червня'),
(476, 9, 'июня'),
(477, 1, 'июля'),
(477, 2, 'липня'),
(477, 9, 'июля'),
(478, 1, 'августа'),
(478, 2, 'серпня'),
(478, 9, 'августа'),
(479, 1, 'сентября'),
(479, 2, 'вересня'),
(479, 9, 'сентября'),
(480, 1, 'октября'),
(480, 2, 'жовтня'),
(480, 9, 'октября'),
(481, 1, 'ноября'),
(481, 2, 'листопада'),
(481, 9, 'ноября'),
(482, 1, 'декабря'),
(482, 2, 'грудня'),
(482, 9, 'декабря'),
(483, 1, 'Описание'),
(483, 2, 'Опис'),
(483, 9, 'Описание'),
(484, 1, 'Название'),
(484, 2, 'Назва'),
(484, 9, 'Name'),
(485, 1, 'Фотография'),
(485, 2, 'Фотографiя'),
(485, 9, 'Фотография'),
(486, 1, 'Полное имя'),
(486, 2, 'Повне iм''я'),
(486, 9, 'Full name'),
(487, 1, 'Аватар'),
(487, 2, 'Аватар'),
(487, 9, 'Аватар'),
(488, 1, 'Роль'),
(488, 2, 'Роль'),
(488, 9, 'Role'),
(489, 1, 'Языки'),
(489, 2, 'Мови'),
(489, 9, 'Languages'),
(490, 1, 'Пользователи'),
(490, 2, 'Користувачі'),
(490, 9, 'Users'),
(491, 1, 'Роли'),
(491, 2, 'Ролі'),
(491, 9, 'Roles'),
(492, 1, 'Активизирован'),
(492, 2, 'Активований'),
(492, 9, 'Activate'),
(493, 1, 'Активизировать'),
(493, 2, 'Активувати'),
(493, 9, 'Activate'),
(494, 1, 'Иконка'),
(494, 2, 'Іконка'),
(494, 9, 'Иконка'),
(495, 1, 'Добавить фотографию'),
(495, 2, 'Додати фотографію'),
(495, 9, 'Добавить фотографию'),
(497, 1, 'Удалить'),
(497, 2, 'Видалити'),
(497, 9, 'Delete'),
(498, 1, 'Маленькое изображение'),
(498, 2, 'Маленьке зображення'),
(498, 9, 'Маленькое изображение'),
(499, 1, 'Удалить файл'),
(499, 2, 'Видалити'),
(499, 9, 'Deleter file'),
(500, 1, 'Отступ снизу'),
(500, 2, 'Відступ знизу'),
(500, 9, 'Отступ снизу'),
(501, 1, 'Отступ слева'),
(501, 2, 'Відступ зліва'),
(501, 9, 'Отступ слева'),
(502, 1, 'Оступ справа'),
(502, 2, 'Відступ справа'),
(502, 9, 'Оступ справа'),
(503, 1, 'Отступ сверху'),
(503, 2, 'Відступ зверху'),
(503, 9, 'Отступ сверху'),
(504, 1, 'Уведомление о регистрации на сайте СТБ'),
(504, 2, 'Повідомлення про реєстрацію на сайті СТБ'),
(504, 9, 'Уведомление о регистрации на сайте СТБ'),
(505, 1, '<p>Здравствуйте, $name.<br>\nВы были зарегистрированы на сайте.</p>\n<p>Ваш логин: $login<br>\nПароль: $password</p>\n<p>С уважением, STB.UA.</p>\n'),
(505, 2, '<div>\n<p>Здравствуйте, $name.<br>\nВы были зарегистрированы на сайте.</p>\n<p>Ваш логин: $login<br>\nПароль: $password</p>\n</div>\n<p>З повагою, STB.UA</p>\n'),
(505, 9, '<p>Здравствуйте, $name.<br>\nВы были зарегистрированы на сайте.</p>\n<p>Ваш логин: $login<br>\nПароль: $password</p>\n<p>С уважением, STB.UA.</p>\n'),
(506, 1, 'Группы'),
(506, 2, 'Групи'),
(506, 9, 'Groups'),
(507, 1, '<img src="images/loading.gif" width="32" height="32"/>'),
(507, 2, '<img src="images/loading.gif" width="32" height="32"/>'),
(507, 9, '<img src="images/loading.gif" width="32" height="32"/>'),
(508, 1, 'и'),
(508, 2, 'та'),
(508, 9, 'and'),
(510, 1, 'Права на страницу'),
(510, 2, 'Права на сторінку'),
(510, 9, 'Права на страницу'),
(511, 1, 'Поиск по каталогу'),
(511, 2, 'Пошук по каталогу'),
(511, 9, 'Поиск по каталогу'),
(512, 1, 'Валюта'),
(512, 2, 'Валюта'),
(512, 9, 'Валюта'),
(513, 1, 'Курс'),
(513, 2, 'Курс'),
(513, 9, 'Курс'),
(514, 1, 'Аббревиатура'),
(514, 2, 'Абревіатура'),
(514, 9, 'Аббревиатура'),
(515, 1, 'Формат'),
(515, 2, 'Формат'),
(515, 9, 'Формат'),
(516, 1, 'Статус товара'),
(516, 2, 'Статус товару'),
(516, 9, 'Статус товара'),
(517, 1, 'Статус по-умолчанию'),
(517, 2, 'Статус за замовчанням'),
(517, 9, 'Статус по-умолчанию'),
(518, 1, 'Уровень прав, необходимый для просмотра товаров с этим статусом'),
(518, 2, 'Рівень прав, необхідний для перегляду товарів з цим статусом'),
(518, 9, 'Уровень прав, необходимый для просмотра товаров с этим статусом'),
(519, 1, 'Статус заказа'),
(519, 2, 'Статус замовлення'),
(519, 9, 'Статус заказа'),
(520, 1, 'Редактор производителей'),
(520, 2, 'Редактор виробників'),
(520, 9, 'Редактор производителей'),
(521, 1, 'Производитель'),
(521, 2, 'Виробник'),
(521, 9, 'Производитель'),
(522, 1, 'Сегмент URI'),
(522, 2, 'Сегмент URI'),
(522, 9, 'Сегмент URI'),
(523, 1, 'Редактор типов товара'),
(523, 2, 'Редактор типів товару'),
(523, 9, 'Редактор типов товара'),
(524, 1, 'Тип товара'),
(524, 2, 'Тип товару'),
(524, 9, 'Тип товара'),
(525, 1, 'Параметры'),
(525, 2, 'Параметри'),
(525, 9, 'Параметры'),
(526, 1, 'Параметр'),
(526, 2, 'Параметр'),
(526, 9, 'Параметр'),
(527, 1, 'Тип'),
(527, 2, 'Тип'),
(527, 9, 'Тип'),
(528, 1, 'Строка'),
(528, 2, 'Рядок'),
(528, 9, 'Строка'),
(529, 1, 'Число'),
(529, 2, 'Число'),
(529, 9, 'Число'),
(530, 1, 'Текст'),
(530, 2, 'Текст'),
(530, 9, 'Текст'),
(531, 1, 'Статус'),
(531, 2, 'Статус'),
(531, 9, 'Статус'),
(532, 1, 'Товар'),
(532, 2, 'Товар'),
(532, 9, 'Товар'),
(533, 1, 'Сегмент URI'),
(533, 2, 'Сегмент URI'),
(533, 9, 'Сегмент URI'),
(534, 1, 'Код товара'),
(534, 2, 'Код товару'),
(534, 9, 'Код товара'),
(535, 1, 'Цена'),
(535, 2, 'Ціна'),
(535, 9, 'Цена'),
(536, 1, 'Количество'),
(536, 2, 'Кількість'),
(536, 9, 'Количество'),
(537, 1, 'Производитель'),
(537, 2, 'Виробник'),
(537, 9, 'Производитель'),
(538, 1, 'Параметры'),
(538, 2, 'Параметри'),
(538, 9, 'Параметры'),
(539, 1, 'Тип товара'),
(539, 2, 'Тип товару'),
(539, 9, 'Тип товара'),
(540, 1, 'Краткое описание'),
(540, 2, 'Короткий опис'),
(540, 9, 'Краткое описание'),
(541, 1, 'Полное описание'),
(541, 2, 'Повний опис'),
(541, 9, 'Полное описание'),
(542, 1, 'Печатать'),
(542, 2, 'Друкувати'),
(542, 9, 'Печатать'),
(544, 1, 'Необходимо указать название раздела для всех не отключенных языковых версий'),
(544, 2, 'Необхідно вказати назву розділу для всіх активних мов'),
(544, 9, 'Необходимо указать название раздела для всех не отключенных языковых версий'),
(545, 1, 'Поднять'),
(545, 2, 'Підняти'),
(545, 9, 'Up'),
(546, 1, 'Опустить'),
(546, 2, 'Опустити'),
(546, 9, 'Down'),
(547, 1, 'Значение параметра'),
(547, 2, 'Значення параметру'),
(547, 9, 'Значение параметра'),
(548, 1, 'или'),
(548, 2, 'або'),
(548, 9, 'или'),
(549, 1, 'Создать производителя'),
(549, 2, 'Створити виробника'),
(549, 9, 'Create manufacturer'),
(556, 1, 'Аббревиатура валюты должна состоять из трех латинских букв'),
(556, 2, 'Абревіатура валюти повинна складатися з трьох латинських букв'),
(556, 9, 'Аббревиатура валюты должна состоять из трех латинских букв'),
(558, 1, 'Показать цены в'),
(558, 2, 'Відобразити ціни у'),
(558, 9, 'Показать цены в'),
(559, 1, 'Базовая валюта'),
(559, 2, 'Базова валюта'),
(559, 9, 'Базовая валюта'),
(560, 1, 'Курс валют'),
(560, 2, 'Курс валют'),
(560, 9, 'Курс валют'),
(561, 1, 'Параметры'),
(561, 2, 'Параметри'),
(561, 9, 'Параметры'),
(562, 1, 'Цена'),
(562, 2, 'Ціна'),
(562, 9, 'Цена'),
(564, 1, 'Другие товары этого производителя'),
(564, 2, 'Інші товари цього виробника'),
(564, 9, 'Другие товары этого производителя'),
(565, 1, 'Итого'),
(565, 2, 'Всього'),
(565, 9, 'Итого'),
(566, 1, 'В корзине'),
(566, 2, 'Вміст кошику'),
(566, 9, 'В корзине'),
(567, 1, 'Корзина пуста'),
(567, 2, 'Кошик порожній'),
(567, 9, 'Корзина пуста'),
(568, 1, 'Сумма'),
(568, 2, 'Сума'),
(568, 9, 'Сумма'),
(569, 1, 'Количество'),
(569, 2, 'Кількість'),
(569, 9, 'Количество'),
(570, 1, 'Общая сумма'),
(570, 2, 'Загальна сума'),
(570, 9, 'Общая сумма'),
(574, 1, 'Ваш заказ отправлен'),
(574, 2, 'Ваше замовлення відправлено'),
(574, 9, 'Ваш заказ отправлен'),
(575, 1, 'Сообщение системы электронного магазина'),
(575, 2, 'Повідомлення системи електронного магазину'),
(575, 9, 'Сообщение системы электронного магазина'),
(576, 1, 'Уведомление о оформлении заказа'),
(576, 2, 'Повідомлення про відправку замолення'),
(576, 9, 'Уведомление о оформлении заказа'),
(578, 1, 'Оформление заказа не увенчалось успехом Свяжитесь с администратором магазина для решения проблем'),
(578, 2, 'Оформлення замовлення зазнало невдачі'),
(578, 9, 'Оформление заказа не увенчалось успехом Свяжитесь с администратором магазина для решения проблем'),
(579, 1, 'Пожалуйста, введите цифры изображенные на картинке ниже: '),
(579, 2, 'Будь-ласка, введіть цифри зображені на малюнку:'),
(579, 9, 'Пожалуйста, введите цифры изображенные на картинке ниже: '),
(580, 1, 'Этот электронный адрес уже используется. Пожалуйста, используйте другой\ne-mail.'),
(580, 2, 'Ця електронна адреса вже використовується. Будь-ласка, використайте\nінший e-mail.'),
(580, 9, 'Этот электронный адрес уже используется. Пожалуйста, используйте другой\ne-mail.'),
(581, 1, 'Дата заказа'),
(581, 2, 'Дата замовлення'),
(581, 9, 'Дата заказа'),
(582, 1, 'Список заказов'),
(582, 2, 'Список замовлень'),
(582, 9, 'Список заказов'),
(583, 1, 'Статус заказа'),
(583, 2, 'Статус замовлення'),
(583, 9, 'Статус заказа'),
(584, 1, 'Комментарий администратора'),
(584, 2, 'Коментар адміністратора'),
(584, 9, 'Комментарий администратора'),
(585, 1, 'Комментарий пользователя'),
(585, 2, 'Коментар замовника'),
(585, 9, 'Комментарий пользователя'),
(586, 1, 'Детали заказа'),
(586, 2, 'Деталі'),
(586, 9, 'Детали заказа'),
(587, 1, 'Протокол'),
(587, 2, 'Протокол'),
(587, 9, 'Protocol'),
(588, 1, 'Хост'),
(588, 2, 'Хост'),
(588, 9, 'Host'),
(589, 1, 'Корневая папка'),
(589, 2, 'Коренева папка'),
(589, 9, 'Site root'),
(590, 1, 'Название сайта'),
(590, 2, 'Назва сайту'),
(590, 9, 'Site name'),
(591, 1, 'Базовый'),
(591, 2, 'Базовий'),
(591, 9, 'Базовый'),
(592, 1, 'Вариант дизайна'),
(592, 2, 'Варіант'),
(592, 9, 'Вариант дизайна'),
(593, 1, 'Мета keywords'),
(593, 2, 'Мета keywords'),
(593, 9, 'Мета keywords'),
(594, 1, 'Мета описание'),
(594, 2, 'Мета опис'),
(594, 9, 'Мета описание'),
(595, 1, 'Содержимое страницы'),
(595, 2, 'Вміст сторінки'),
(595, 9, 'Page content'),
(596, 1, 'Макет страницы'),
(596, 2, 'Макет сторінки'),
(596, 9, 'Page layout'),
(597, 1, 'Редактор разделов'),
(597, 2, 'Редактор розділів'),
(597, 9, 'Редактор разделов'),
(598, 1, 'Административная часть'),
(598, 2, 'Адміністративна частина'),
(598, 9, 'Административная часть'),
(599, 1, 'Google sitemap'),
(599, 2, 'Google sitemap'),
(599, 9, 'Google sitemap'),
(600, 1, 'Пустой'),
(600, 2, 'Пустий'),
(600, 9, 'Пустой'),
(601, 1, 'Базовый'),
(601, 2, 'Базовий'),
(601, 9, 'Базовый'),
(602, 1, 'Проект'),
(602, 2, 'Проект'),
(602, 9, 'Проект'),
(604, 1, 'Список подразделов'),
(604, 2, 'Список підрозділів'),
(604, 9, 'Список подразделов'),
(605, 1, 'Файловый репозиторий'),
(605, 2, 'Файловий репозиторій'),
(605, 9, 'File storage'),
(606, 1, 'Google sitemap'),
(606, 2, 'Google sitemap'),
(606, 9, 'Google sitemap'),
(607, 1, 'Редактор языков'),
(607, 2, 'Редактор мов'),
(607, 9, 'Languages editor'),
(608, 1, 'Авторизация'),
(608, 2, 'Авторизація'),
(608, 9, 'Авторизация'),
(609, 1, 'Карта сайта'),
(609, 2, 'Карта сайту'),
(609, 9, 'Карта сайта'),
(610, 1, 'Список новостей'),
(610, 2, 'Список новин'),
(610, 9, 'Список новостей'),
(611, 1, 'Регистрация'),
(611, 2, 'Реєстрація'),
(611, 9, 'Регистрация'),
(612, 1, 'Редактор новостей'),
(612, 2, 'Редактор новин'),
(612, 9, 'Редактор новостей'),
(613, 1, 'Восстановление пароля'),
(613, 2, 'Відновлення паролю'),
(613, 9, 'Восстановление пароля'),
(614, 1, 'Редактор ролей'),
(614, 2, 'Редактор ролей'),
(614, 9, 'Roles editor'),
(617, 1, 'Текстовая страница'),
(617, 2, 'Текстова сторінка'),
(617, 9, 'Текстовая страница'),
(618, 1, 'Редактор сайтов'),
(618, 2, 'Редактор сайтів'),
(618, 9, 'Редактор сайтов'),
(619, 1, 'Редактор переводов'),
(619, 2, 'Редактор перекладів'),
(619, 9, 'Translations editor'),
(620, 1, 'Профиль пользователя'),
(620, 2, 'Профіль користувача'),
(620, 9, 'Профиль пользователя'),
(621, 1, 'Редактор пользователей'),
(621, 2, 'Редактор користувачів'),
(621, 9, 'Users editor'),
(624, 1, 'Главные новости'),
(624, 2, 'Головні новини'),
(624, 9, 'Главные новости'),
(625, 1, 'Источник'),
(625, 2, 'Джерело'),
(625, 9, 'Источник'),
(626, 1, 'Имя сотрудника'),
(626, 2, 'Ім''я співробітника'),
(626, 9, 'Имя сотрудника'),
(627, 1, 'Должность сотрудника'),
(627, 2, 'Посада співробітника'),
(627, 9, 'Должность сотрудника'),
(628, 1, 'Краткий текст о сотруднике'),
(628, 2, 'Короткий текст про співробітника'),
(628, 9, 'Краткий текст о сотруднике'),
(629, 1, 'Полный текст про сотрудника'),
(629, 2, 'Повний текст про співробітника'),
(629, 9, 'Полный текст про сотрудника'),
(630, 1, 'Вакансия открыта'),
(630, 2, 'Вакансія відкрита'),
(630, 9, 'Вакансия открыта'),
(631, 1, 'Дата открытия вакансии'),
(631, 2, 'Дата відкриття вакансії'),
(631, 9, 'Дата открытия вакансии'),
(632, 1, 'Дата закрытия вакансии'),
(632, 2, 'Дата закриття вакансії'),
(632, 9, 'Дата закрытия вакансии'),
(633, 1, 'Название вакансии'),
(633, 2, 'Назва вакансії'),
(633, 9, 'Vacancy name');
INSERT INTO `share_lang_tags_translation` (`ltag_id`, `lang_id`, `ltag_value_rtf`) VALUES
(634, 1, 'Контактный e-mail'),
(634, 2, 'Контактний e-mail'),
(634, 9, 'Контактный e-mail'),
(635, 1, 'Сегмент URL вакансии'),
(635, 2, 'Сегмент URL вакансії'),
(635, 9, 'Сегмент URL вакансии'),
(636, 1, 'Краткое описание вакансии'),
(636, 2, 'Короткий опис вакансії'),
(636, 9, 'Краткое описание вакансии'),
(637, 1, 'Полное описание вакансии'),
(637, 2, 'Повний опис вакансії'),
(637, 9, 'Полное описание вакансии'),
(638, 1, 'Дополнительная информация'),
(638, 2, 'Додаткова інформація'),
(638, 9, 'Дополнительная информация'),
(639, 1, 'Загрузить файл'),
(639, 2, 'Завантажити файл'),
(639, 9, 'Загрузить файл'),
(640, 1, 'Вакансии'),
(640, 2, 'Вакансії'),
(640, 9, 'Вакансии'),
(641, 1, 'Проголосовать'),
(641, 2, 'Проголосувати'),
(641, 9, 'Проголосовать'),
(642, 1, 'Вы уже проголосовали.'),
(642, 2, 'Ви вже проголосували.'),
(642, 9, 'Вы уже проголосовали.'),
(643, 1, 'Проекты'),
(643, 2, 'Проекти'),
(643, 9, 'Проекты'),
(647, 1, 'Имя руководителя'),
(647, 2, 'Ім''я керівника'),
(647, 9, 'Имя руководителя'),
(651, 1, 'Должность руководителя'),
(651, 2, 'Посада керівника'),
(651, 9, 'Должность руководителя'),
(652, 1, 'Краткий текст о руководителе'),
(652, 2, 'Короткий текст про керівника'),
(652, 9, 'Краткий текст о руководителе'),
(653, 1, 'Полный текст про руководителя'),
(653, 2, 'Повний текст про керівника'),
(653, 9, 'Полный текст про руководителя'),
(657, 1, 'Имя члена жюри'),
(657, 2, 'Ім''я члена жюрі'),
(657, 9, 'Имя члена жюри'),
(658, 1, 'Краткий текст про члена жюри'),
(658, 2, 'Короткий текст про члена жюрі'),
(658, 9, 'Краткий текст про члена жюри'),
(659, 1, 'Полный текст про члена жюри'),
(659, 2, 'Повний текст про члена жюрі'),
(659, 9, 'Полный текст про члена жюри'),
(660, 1, 'Скрыть версию'),
(660, 2, 'Сховати версію'),
(660, 9, 'Скрыть версию'),
(661, 1, 'Викна-новости'),
(661, 2, 'Вікна-новини'),
(661, 9, 'Викна-новости'),
(665, 1, 'Дата начала кастинга'),
(665, 2, 'Дата початку кастингу'),
(665, 9, 'Дата начала кастинга'),
(666, 1, 'Название кастинга'),
(666, 2, 'Назва кастингу'),
(666, 9, 'Casting name'),
(667, 1, 'Краткий текст о кастинге'),
(667, 2, 'Короткий текст про кастинг'),
(667, 9, 'Краткий текст о кастинге'),
(668, 1, 'Полный текст про кастинг'),
(668, 2, 'Повний текст про кастинг'),
(668, 9, 'Полный текст про кастинг'),
(669, 1, 'Сегмент URI жанра'),
(669, 2, 'Сегмент URI жанру'),
(669, 9, 'Сегмент URI жанра'),
(670, 1, 'Название жанра'),
(670, 2, 'Назва жанру'),
(670, 9, 'Genre name'),
(671, 1, 'Название жанра (во множественном числе)'),
(671, 2, 'Назва жанру (в множині)'),
(671, 9, 'Genre name (when many)'),
(672, 1, 'Аббревиатура жанра'),
(672, 2, 'Абревіатура жанру'),
(672, 9, 'Аббревиатура жанра'),
(673, 1, 'Жанр передачи'),
(673, 2, 'Жанр передачі'),
(673, 9, 'Жанр передачи'),
(674, 1, 'Сегмент URI передачи'),
(674, 2, 'Сегмент URI передачі'),
(674, 9, 'Сегмент URI передачи'),
(675, 1, 'Год выпуска'),
(675, 2, 'Рік випуску'),
(675, 9, 'Год выпуска'),
(676, 1, 'Название передачи'),
(676, 2, 'Назва передачі'),
(676, 9, 'Show name'),
(677, 1, 'Краткий текст о передаче'),
(677, 2, 'Короткий текст про передачу'),
(677, 9, 'Краткий текст о передаче'),
(678, 1, 'Полный текст про передачу'),
(678, 2, 'Повний текст про передачу'),
(678, 9, 'Полный текст про передачу'),
(679, 1, 'Производство'),
(679, 2, 'Виробництво'),
(679, 9, 'Производство'),
(680, 1, 'Режиссер'),
(680, 2, 'Режисер'),
(680, 9, 'Режиссер'),
(681, 1, 'В ролях'),
(681, 2, 'У ролях'),
(681, 9, 'В ролях'),
(682, 1, 'Перенаправлять на страницу'),
(682, 2, 'Перенаправляти на сторінку'),
(682, 9, 'Перенаправлять на страницу'),
(683, 1, 'Файловый репозиторий'),
(683, 2, 'Файловий репозиторій'),
(683, 9, 'File storage'),
(684, 1, 'Ведущий'),
(684, 2, 'Ведучий'),
(684, 9, 'Ведущий'),
(686, 1, 'Дата публикации'),
(686, 2, 'Дата публікації'),
(686, 9, 'Дата публикации'),
(687, 1, 'Дата публикации'),
(687, 2, 'Дата публікації'),
(687, 9, 'Дата публикации'),
(688, 1, 'Описание'),
(688, 2, 'Опис'),
(688, 9, 'Описание'),
(689, 1, 'Подпись к картинке'),
(689, 2, 'Підпис до картинки'),
(689, 9, 'Подпись к картинке'),
(690, 1, 'Введите Ваш логин (в качестве логина используется адрес Вашей\nэлектронной почты), желаемый никнейм (Ваше отображаемое имя) и полное\nимя. Система автоматически создаст пароль и отправит Вам по указанному\nэлектронному адресу.'),
(690, 2, 'Введіть Ваш логін (Ваша електронна адреса), бажаний нікнейм та повне\nім''я. Система автоматично створить пароль та надішле на вказану\nелектронну адресу.'),
(690, 9, 'Введите Ваш логин (в качестве логина используется адрес Вашей\nэлектронной почты), желаемый никнейм (Ваше отображаемое имя) и полное\nимя. Система автоматически создаст пароль и отправит Вам по указанному\nэлектронному адресу.'),
(691, 1, 'Женский'),
(691, 2, 'Жіноча'),
(691, 9, 'Женский'),
(692, 1, 'Мужской'),
(692, 2, 'Чоловіча'),
(692, 9, 'Мужской'),
(693, 1, 'Никнейм (Ваше отображаемое имя)'),
(693, 2, 'Нікнейм'),
(693, 9, 'Никнейм (Ваше отображаемое имя)'),
(694, 1, 'Пол'),
(694, 2, 'Стать'),
(694, 9, 'Пол'),
(695, 1, 'Дата рождения'),
(695, 2, 'Дата народження'),
(695, 9, 'Дата рождения'),
(696, 1, 'Из какого Вы города?'),
(696, 2, 'З якого Ви міста?'),
(696, 9, 'Из какого Вы города?'),
(697, 1, 'Аватар (100px х 100px)'),
(697, 2, 'Аватар (100px х 100px)'),
(697, 9, 'Аватар (100px х 100px)'),
(698, 1, 'Текст под изображением'),
(698, 2, 'Текст під зображенням'),
(698, 9, 'Текст под изображением'),
(699, 1, 'Подпись под картинкой'),
(699, 2, 'Підпис під картинкою'),
(699, 9, 'Подпись под картинкой'),
(700, 1, 'Подпись под картинкой'),
(700, 2, 'Підпис під картинкою'),
(700, 9, 'Подпись под картинкой'),
(701, 1, 'Разрешить'),
(701, 2, 'Дозволити'),
(701, 9, 'Разрешить'),
(702, 1, 'Разрешено'),
(702, 2, 'Дозволено'),
(702, 9, 'Разрешено'),
(703, 1, 'Таргет'),
(703, 2, 'Таргет'),
(703, 9, 'Таргет'),
(704, 1, 'Дата'),
(704, 2, 'Дата'),
(704, 9, 'Дата'),
(705, 1, 'Текст'),
(705, 2, 'Текст'),
(705, 9, 'Текст'),
(706, 1, 'Комментарии к новостям'),
(706, 2, 'Коментарі до новин'),
(706, 9, 'Комментарии к новостям'),
(707, 1, 'Родительский комментарий'),
(707, 2, 'Батьківський коментар'),
(707, 9, 'Родительский комментарий'),
(708, 1, 'Программа'),
(708, 2, 'Програма'),
(708, 9, 'Программа'),
(709, 1, 'Период'),
(709, 2, 'Період'),
(709, 9, 'Период'),
(710, 1, 'Активная'),
(710, 2, 'Активна'),
(710, 9, 'Activated'),
(711, 1, 'Время'),
(711, 2, 'Час'),
(711, 9, 'Время'),
(712, 1, 'Название'),
(712, 2, 'Назва'),
(712, 9, 'Name'),
(713, 1, 'Продолжительность'),
(713, 2, 'Тривалість'),
(713, 9, 'Продолжительность'),
(715, 1, 'Аннотация'),
(715, 2, 'Анотація'),
(715, 9, 'Аннотация'),
(716, 1, 'Программа'),
(716, 2, 'Програма'),
(716, 9, 'Программа'),
(717, 1, 'Заголовок'),
(717, 2, 'Заголовок'),
(717, 9, 'Заголовок'),
(718, 1, 'Дата создания'),
(718, 2, 'Дата створення'),
(718, 9, 'Creation date'),
(720, 1, 'Дата начала'),
(720, 2, 'Дата початку'),
(720, 9, 'Дата начала'),
(721, 1, 'Дата окончания'),
(721, 2, 'Дата закінчення'),
(721, 9, 'Дата окончания'),
(722, 1, 'Текст'),
(722, 2, 'Текст'),
(722, 9, 'Текст'),
(723, 1, 'Количество голосов'),
(723, 2, 'Кількість голосів'),
(723, 9, 'Количество голосов'),
(724, 1, 'Вариант ответа'),
(724, 2, 'Варіант відповіді'),
(724, 9, 'Вариант ответа'),
(725, 1, 'Вопрос'),
(725, 2, 'Питання'),
(725, 9, 'Вопрос'),
(726, 1, 'Сегодня'),
(726, 2, 'Сьогодні'),
(726, 9, 'Сегодня'),
(727, 1, 'Вчера'),
(727, 2, 'Вчора'),
(727, 9, 'Вчера'),
(728, 1, 'Активный'),
(728, 2, 'Активний'),
(728, 9, 'Активный'),
(729, 1, 'Пн'),
(729, 2, 'Пн'),
(729, 9, 'Пн'),
(730, 1, 'Вт'),
(730, 2, 'Вт'),
(730, 9, 'Вт'),
(731, 1, 'Ср'),
(731, 2, 'Ср'),
(731, 9, 'Ср'),
(732, 1, 'Чт'),
(732, 2, 'Чт'),
(732, 9, 'Чт'),
(733, 1, 'Пт'),
(733, 2, 'Пт'),
(733, 9, 'Пт'),
(734, 1, 'Сб'),
(734, 2, 'Сб'),
(734, 9, 'Сб'),
(735, 1, 'Вс'),
(735, 2, 'Нд'),
(735, 9, 'Вс'),
(736, 1, 'Сегмент УРЛ'),
(736, 2, 'Сегмент УРЛ'),
(736, 9, 'Сегмент УРЛ'),
(737, 1, 'Категории'),
(737, 2, 'Категорії'),
(737, 9, 'Категории'),
(738, 1, 'Название категории'),
(738, 2, 'Назва категорії'),
(738, 9, 'Category name'),
(739, 1, 'с'),
(739, 2, 'з'),
(739, 9, 'с'),
(740, 1, 'по'),
(740, 2, 'по'),
(740, 9, 'по'),
(742, 1, 'Добавить группу'),
(742, 2, 'Додати групу'),
(742, 9, 'Добавить группу'),
(743, 1, 'Добавить ссылку'),
(743, 2, 'Додати посилання'),
(743, 9, 'Добавить ссылку'),
(744, 1, 'Название группы'),
(744, 2, 'Назва групи'),
(744, 9, 'Group name'),
(745, 1, 'Элементы'),
(745, 2, 'Елементи'),
(745, 9, 'Элементы'),
(748, 1, 'Название элемента'),
(748, 2, 'Назва елементу'),
(748, 9, 'Shortcut name'),
(749, 1, 'УРЛ элемента'),
(749, 2, 'УРЛ елементу'),
(749, 9, 'УРЛ элемента'),
(750, 1, 'Группа'),
(750, 2, 'Група'),
(750, 9, 'Группа'),
(752, 1, 'подробнее'),
(752, 2, 'детальніше'),
(752, 9, 'more'),
(753, 1, 'Предыдущая<br/>\r\nнеделя'),
(753, 2, 'Попередній<br/>\r\nтиждень'),
(753, 9, 'Предыдущая<br/>\r\nнеделя'),
(755, 1, 'Сегодня на СТБ'),
(755, 2, 'Сьогодні на СТБ'),
(755, 9, 'Сегодня на СТБ'),
(756, 1, 'Все расписание'),
(756, 2, 'Повний розклад'),
(756, 9, 'Все расписание'),
(757, 1, 'Будьте с нами'),
(757, 2, 'Будьте з нами'),
(757, 9, 'Будьте с нами'),
(758, 1, 'читать все новости'),
(758, 2, 'читати усі новини'),
(758, 9, 'all news'),
(759, 1, 'Смотреть по проекту'),
(759, 2, 'Фільтрувати по проектах'),
(759, 9, 'Смотреть по проекту'),
(760, 1, 'Все проекты'),
(760, 2, 'Усі проекти'),
(760, 9, 'Все проекты'),
(761, 1, 'Фильтровать по жанрам'),
(761, 2, 'Фільтрувати за жанрами'),
(761, 9, 'Filter by genre'),
(762, 1, 'Все жанры'),
(762, 2, 'Усі жанри'),
(762, 9, 'Все жанры'),
(763, 1, 'Все'),
(763, 2, 'Усі'),
(763, 9, 'Все'),
(764, 1, 'смотреть все'),
(764, 2, 'дивитися все'),
(764, 9, 'смотреть все'),
(765, 1, 'Порт'),
(765, 2, 'Порт'),
(765, 9, 'Порт'),
(766, 1, 'Скопировать структуру с'),
(766, 2, 'Скопіювати структуру з'),
(766, 9, 'Скопировать структуру с'),
(767, 1, 'Адрес'),
(767, 2, 'Адреса'),
(767, 9, 'Адрес'),
(768, 1, 'Группа'),
(768, 2, 'Група'),
(768, 9, 'Группа'),
(769, 1, 'Премьера'),
(769, 2, 'Прем''єра'),
(769, 9, 'Премьера'),
(770, 1, 'Название'),
(770, 2, 'Назва'),
(770, 9, 'Name'),
(771, 1, 'Категории форума'),
(771, 2, 'Категорії форуму'),
(771, 9, 'Категории форума'),
(772, 1, 'Название'),
(772, 2, 'Назва'),
(772, 9, 'Name'),
(773, 1, 'Описание'),
(773, 2, 'Опис'),
(773, 9, 'Описание'),
(774, 1, 'Закрыта'),
(774, 2, 'Закрита'),
(774, 9, 'Закрыта'),
(775, 1, 'Категория'),
(775, 2, 'Категорія'),
(775, 9, 'Категория'),
(776, 1, 'Название'),
(776, 2, 'Назва'),
(776, 9, 'Name'),
(777, 1, 'Текст'),
(777, 2, 'Текст'),
(777, 9, 'Текст'),
(778, 1, 'Закрыта'),
(778, 2, 'Закрита'),
(778, 9, 'Закрыта'),
(779, 1, 'Количество комментариев'),
(779, 2, 'Кількість коментарів'),
(779, 9, 'Количество комментариев'),
(780, 1, 'Дата создания'),
(780, 2, 'Дата створення'),
(780, 9, 'Creation date'),
(781, 1, 'Комментарий'),
(781, 2, 'Коментар'),
(781, 9, 'Комментарий'),
(782, 1, 'Редактор тем'),
(782, 2, 'Редактор тем'),
(782, 9, 'Редактор тем'),
(783, 1, 'Необходимо загрузить файл'),
(783, 2, 'Необхідно завантажити файл'),
(783, 9, 'Необходимо загрузить файл'),
(784, 1, 'Загрузить файл'),
(784, 2, 'Завантажити файл'),
(784, 9, 'Загрузить файл'),
(785, 1, 'Топ видео'),
(785, 2, 'Топ відео'),
(785, 9, 'Топ видео'),
(786, 1, 'Голосование'),
(786, 2, 'Опитування'),
(786, 9, 'Голосование'),
(787, 1, 'смотреть все видео'),
(787, 2, 'дивитися все відео'),
(787, 9, 'смотреть все видео'),
(788, 1, 'Фоновое изображения'),
(788, 2, 'Фонове зображення'),
(788, 9, 'Фоновое изображения'),
(790, 1, 'Адрес ссылки'),
(790, 2, 'Адреса посилання'),
(790, 9, 'Адрес ссылки'),
(791, 1, 'Файл 996x316(высокая шапка),996x166(низкая шапка)'),
(791, 2, 'Файл 996x316(высокая шапка),996x166(низкая шапка)'),
(791, 9, 'Файл 996x316(высокая шапка),996x166(низкая шапка)'),
(792, 1, 'Высокая'),
(792, 2, 'Висока'),
(792, 9, 'Высокая'),
(793, 1, 'Первая строчка в шапке'),
(793, 2, 'Перший рядок'),
(793, 9, 'Первая строчка в шапке'),
(794, 1, 'Вторая строчка'),
(794, 2, 'Другий рядок'),
(794, 9, 'Вторая строчка'),
(795, 1, 'Третья строчка'),
(795, 2, 'Третій рядок'),
(795, 9, 'Третья строчка'),
(796, 1, 'Смотрите:'),
(796, 2, 'Дивіться:'),
(796, 9, 'Смотрите:'),
(797, 1, 'Дата'),
(797, 2, 'Дата'),
(797, 9, 'Дата'),
(798, 1, 'Название'),
(798, 2, 'Назва'),
(798, 9, 'Name'),
(799, 1, 'Краткий текст'),
(799, 2, 'Короткий текст'),
(799, 9, 'Краткий текст'),
(800, 1, 'Текст'),
(800, 2, 'Текст'),
(800, 9, 'Текст'),
(811, 1, 'Вакансии'),
(811, 2, 'Вакансії'),
(811, 9, 'Вакансии'),
(812, 1, 'Новое видео'),
(812, 2, 'Нове відео'),
(812, 9, 'Новое видео'),
(813, 1, 'Кастинги'),
(813, 2, 'Кастінги'),
(813, 9, 'Кастинги'),
(817, 1, 'Участник выбыл'),
(817, 2, 'Учасник вибув'),
(817, 9, 'Участник выбыл'),
(818, 1, 'Имя'),
(818, 2, 'Ім''я'),
(818, 9, 'Имя'),
(819, 1, 'Город'),
(819, 2, 'Місто'),
(819, 9, 'Город'),
(820, 1, 'Возраст'),
(820, 2, 'Вік'),
(820, 9, 'Возраст'),
(821, 1, 'Аннотация'),
(821, 2, 'Анотація'),
(821, 9, 'Аннотация'),
(822, 1, 'Текст'),
(822, 2, 'Текст'),
(822, 9, 'Текст'),
(823, 1, 'Дополнительная информация'),
(823, 2, 'Додаткова інформація'),
(823, 9, 'Дополнительная информация'),
(824, 1, 'Фамилия'),
(824, 2, 'Прізвище'),
(824, 9, 'Фамилия'),
(825, 1, 'Главная страница сайта СТБ'),
(825, 2, 'Головна сторінка сайту СТБ'),
(825, 9, 'Главная страница сайта СТБ'),
(826, 1, 'Главная страница проекта'),
(826, 2, 'Головна сторінка проекту'),
(826, 9, 'Главная страница проекта'),
(827, 1, 'Новое фото'),
(827, 2, 'Нове фото'),
(827, 9, 'Новое фото'),
(828, 1, 'Топ фото'),
(828, 2, 'Топ фото'),
(828, 9, 'Топ фото'),
(829, 1, 'смотреть все фото'),
(829, 2, 'дивитися усі фото'),
(829, 9, 'смотреть все фото'),
(830, 1, 'Фото'),
(830, 2, 'Фото'),
(830, 9, 'Фото'),
(841, 1, 'Форма обратной связи'),
(841, 2, 'Форма зворотнього зв''язку'),
(841, 9, 'Форма обратной связи'),
(842, 1, 'Список обратной связи'),
(842, 2, 'Список зворотнього зв''язку'),
(842, 9, 'Список обратной связи'),
(848, 1, 'Видео'),
(848, 2, 'Відео'),
(848, 9, 'Видео'),
(856, 1, 'Редактор категорий новостей'),
(856, 2, 'Редактор категорій новин'),
(856, 9, 'Редактор категорий новостей'),
(858, 1, 'Редактор тегов'),
(858, 2, 'Редактор тегів'),
(858, 9, 'Редактор тегов'),
(865, 1, 'Список дочерних разделов админчасти'),
(865, 2, 'Список дочірніх розділів адмінчастини'),
(865, 9, 'Список дочерних разделов админчасти'),
(867, 1, 'Дата'),
(867, 2, 'Дата'),
(867, 9, 'Дата'),
(868, 1, 'Добавить галерею'),
(868, 2, 'Додати фотогалерею'),
(868, 9, 'Добавить галерею'),
(871, 1, 'Видео проекта'),
(871, 2, 'Відео проекта'),
(871, 9, 'Видео проекта'),
(872, 1, 'Подпись под картинкой'),
(872, 2, 'Подпись под картинкой'),
(872, 9, 'Подпись под картинкой'),
(873, 1, 'Смотреть'),
(873, 2, 'Дивитись'),
(873, 9, 'Смотреть'),
(874, 1, 'Топ проекта'),
(874, 2, 'Топ проекта'),
(874, 9, 'Топ проекта'),
(875, 1, 'Выводить на главную страницу'),
(875, 2, 'Виводити на головну сторінку'),
(875, 9, 'Выводить на главную страницу'),
(876, 1, 'Топ'),
(876, 2, 'Топ'),
(876, 9, 'Топ'),
(877, 1, 'Выводить на главную страницу проекта'),
(877, 2, 'Виводити на головну сторінку проекту'),
(877, 9, 'Выводить на главную страницу проекта'),
(878, 1, 'Премьера'),
(878, 2, 'Прем''єра'),
(878, 9, 'Премьера'),
(879, 1, 'Все'),
(879, 2, 'Усі'),
(879, 9, 'Все'),
(880, 1, 'Сейчас'),
(880, 2, 'Зараз'),
(880, 9, 'Сейчас'),
(881, 1, 'Выводить на главную'),
(881, 2, 'Виводити на головну'),
(881, 9, 'Выводить на главную'),
(882, 1, 'Главная новость дня'),
(882, 2, 'Головна новина дня'),
(882, 9, 'Главная новость дня'),
(883, 1, 'Главная новость дня'),
(883, 2, 'Головна новина дня'),
(883, 9, 'Главная новость дня'),
(884, 1, 'не указан'),
(884, 2, 'не вказаний'),
(884, 9, 'не указан'),
(886, 1, 'Регистрация'),
(886, 2, 'Реєстрація'),
(886, 9, 'Регистрация'),
(898, 1, 'Верхнее правое изображение'),
(898, 2, 'Верхнє праве зображення'),
(898, 9, 'Верхнее правое изображение'),
(899, 1, 'Отступ верхнего правого изображения'),
(899, 2, 'Відступ верхнього правого зображення'),
(899, 9, 'Отступ верхнего правого изображения'),
(904, 1, 'Нижнее фоновое изображение'),
(904, 2, 'Нижнє фонове зображення'),
(904, 9, 'Нижнее фоновое изображение'),
(905, 1, 'Свойства нижнего фонового изображения'),
(905, 2, 'Властивості нижнього фонового зображення'),
(905, 9, 'Свойства нижнего фонового изображения'),
(906, 1, 'Верхнее фоновое изображение'),
(906, 2, 'Верхнє фонове зображення'),
(906, 9, 'Верхнее фоновое изображение'),
(907, 1, 'Свойства верхнего фонового изображения'),
(907, 2, 'Властивості верхнього фонового зображення'),
(907, 9, 'Свойства верхнего фонового изображения'),
(910, 1, 'Изменить размеры изображения до стандартных'),
(910, 2, 'Змінити розміри зображення до стандартних'),
(910, 9, 'Изменить размеры изображения до стандартных'),
(911, 1, 'Новая тема'),
(911, 2, 'Нова тема'),
(911, 9, 'Новая тема'),
(912, 1, 'Ответить'),
(912, 2, 'Відповісти'),
(912, 9, 'Ответить'),
(914, 1, 'Пол'),
(914, 2, 'Стать'),
(914, 9, 'Пол'),
(915, 1, 'Откуда'),
(915, 2, 'Звідки'),
(915, 9, 'Откуда'),
(916, 1, 'Код AdOcean баннера 300х250'),
(916, 2, 'Код AdOcean баннера 300х250'),
(916, 9, 'Код AdOcean баннера 300х250'),
(917, 1, 'Код AdOcean баннера 728х90'),
(917, 2, 'Код AdOcean баннера 728х90'),
(917, 9, 'Код AdOcean баннера 728х90'),
(918, 1, 'Код RichMedia баннера AdOcean'),
(918, 2, 'Код RichMedia баннера AdOcean'),
(918, 9, 'Код RichMedia баннера AdOcean'),
(919, 1, 'Управление набором шапок'),
(919, 2, 'Управління набором шапрк'),
(919, 9, 'Meta editor'),
(920, 1, 'Название набора'),
(920, 2, 'Название набора'),
(920, 9, 'Set name'),
(923, 1, 'Изображение'),
(923, 2, 'Зображення'),
(923, 9, 'Изображение'),
(924, 1, 'URL'),
(924, 2, 'URL'),
(924, 9, 'URL'),
(925, 1, 'Первый блок'),
(925, 2, 'Перший блок'),
(925, 9, 'Первый блок'),
(926, 1, 'Второй блок'),
(926, 2, 'Другий блок'),
(926, 9, 'Второй блок'),
(927, 1, 'Третий блок'),
(927, 2, 'Третій блок'),
(927, 9, 'Третий блок'),
(928, 1, 'Набор шапок'),
(928, 2, 'Набір шапок'),
(928, 9, 'Набор шапок'),
(929, 1, 'Здравствуйте, Вы оставили сообщение на сайте http://www.stb.ua.'),
(929, 2, 'Доброго дня, Ви залишили повідомлення на сайті http://www.stb.ua.'),
(929, 9, 'Здравствуйте, Вы оставили сообщение на сайте http://www.stb.ua.'),
(930, 1, 'Сообщение с сайта СТБ'),
(930, 2, 'Повідомлення з сайту СТБ'),
(930, 9, 'Сообщение с сайта СТБ'),
(931, 1, 'Новое сообщение на сайте СТБ'),
(931, 2, 'Нове повідомлення на сайті СТБ'),
(931, 9, 'Новое сообщение на сайте СТБ'),
(932, 1, 'На сайте СТБ оставлено новое сообщение. Текст сообщения: $feed_text\nАвтор: $feed_author Email автора: $feed_email\n<p>С уважением, STB.UA.</p>\n'),
(932, 2, 'На сайті СТБ залишено нове повідомлення. Текст повідомлення: $feed_text\nАвтор: $feed_author Email автора: $feed_email\n<p>С уважением, STB.UA.</p>\n'),
(932, 9, 'На сайте СТБ оставлено новое сообщение. Текст сообщения: $feed_text\nАвтор: $feed_author Email автора: $feed_email\n<p>С уважением, STB.UA.</p>\n'),
(933, 1, 'Тем'),
(933, 2, 'Тем'),
(933, 9, 'Тем'),
(934, 1, 'Сообщений'),
(934, 2, 'Повідомлень'),
(934, 9, 'Сообщений'),
(935, 1, 'Последний комментарий'),
(935, 2, 'Останній коментар'),
(935, 9, 'Последний комментарий'),
(936, 1, 'Последние сообщения'),
(936, 2, 'Останні повідомлення'),
(936, 9, 'Последние сообщения'),
(937, 1, 'читать весь форум'),
(937, 2, 'читати весь форум'),
(937, 9, 'читать весь форум'),
(938, 1, 'Горячие темы'),
(938, 2, 'Гарячі теми'),
(938, 9, 'Горячие темы'),
(939, 1, 'Комментариев'),
(939, 2, 'Коментарів'),
(939, 9, 'Комментариев'),
(940, 1, 'последний'),
(940, 2, 'останній'),
(940, 9, 'последний'),
(942, 1, 'Редактировать'),
(942, 2, 'Редагувати'),
(942, 9, 'Редактировать'),
(943, 1, 'Удалить'),
(943, 2, 'Видалити'),
(943, 9, 'Delete'),
(944, 1, 'Тема'),
(944, 2, 'Тема'),
(944, 9, 'Тема'),
(945, 1, 'Последний комментарий'),
(945, 2, 'Останній коментар'),
(945, 9, 'Последний комментарий'),
(946, 1, 'Комментариев'),
(946, 2, 'Коментарів'),
(946, 9, 'Комментариев'),
(947, 1, 'Тем'),
(947, 2, 'Тем'),
(947, 9, 'Тем'),
(948, 1, 'Комментарии отсутствуют'),
(948, 2, 'Коментарі відсутні'),
(948, 9, 'Комментарии отсутствуют'),
(949, 1, 'Дата вывода'),
(949, 2, 'Дата виводу'),
(949, 9, 'Дата вывода'),
(950, 1, 'Предыдущий теледень'),
(950, 2, 'Попередній теледень'),
(950, 9, 'Предыдущий теледень'),
(952, 1, 'Пароли не совпадают'),
(952, 2, 'Паролі не співпадають'),
(952, 9, 'Пароли не совпадают'),
(953, 1, 'Возраст'),
(953, 2, 'Вік'),
(953, 9, 'Возраст'),
(954, 1, 'Откуда'),
(954, 2, 'Звідки'),
(954, 9, 'Откуда'),
(955, 1, 'Участник выбыл'),
(955, 2, 'Учасник вибув'),
(955, 9, 'Участник выбыл'),
(957, 1, 'Базовый без боковой колонки'),
(957, 2, 'Базовый без боковой колонки'),
(957, 9, 'Базовый без боковой колонки'),
(958, 1, 'Ник'),
(958, 2, 'Ник'),
(958, 9, 'Ник'),
(962, 1, 'Вакансия открыта'),
(962, 2, 'Вакансія відкрита'),
(962, 9, 'Вакансия открыта'),
(963, 1, 'и действительна до'),
(963, 2, 'і дійсна до'),
(963, 9, 'и действительна до'),
(964, 1, 'Контактный e-mail'),
(964, 2, 'Контактний e-mail'),
(964, 9, 'Контактный e-mail'),
(965, 1, 'смотреть все вакансии'),
(965, 2, 'дивитись всі вакансії'),
(965, 9, 'смотреть все вакансии'),
(966, 1, 'Активный'),
(966, 2, 'Активний'),
(966, 9, 'Активный'),
(967, 1, 'Название'),
(967, 2, 'Назва'),
(967, 9, 'Name'),
(968, 1, 'Редактор конкурса'),
(968, 2, 'Редактор конкурсу'),
(968, 9, 'Редактор конкурса'),
(969, 1, 'Конкурсанты'),
(969, 2, 'Конкурсанти'),
(969, 9, 'Конкурсанты'),
(971, 1, 'Редактор конкурсантов'),
(971, 2, 'Редактор конкурсантів'),
(971, 9, 'Редактор конкурсантов'),
(972, 1, 'Количество'),
(972, 2, 'Кількість'),
(972, 9, 'Количество'),
(973, 1, 'Проценты'),
(973, 2, 'Проценти'),
(973, 9, 'Проценты'),
(974, 1, 'Описание'),
(974, 2, 'Опис'),
(974, 9, 'Описание'),
(978, 1, 'Искать на СТБ'),
(978, 2, 'Шукати на СТБ'),
(978, 9, 'Искать на СТБ'),
(979, 1, 'смотреть все кастинги'),
(979, 2, 'переглянути усі кастінги'),
(979, 9, 'смотреть все кастинги'),
(983, 1, 'Поддержали'),
(983, 2, 'Підтримали'),
(983, 9, 'Поддержали'),
(984, 1, 'Голосовать'),
(984, 2, 'Голосувати'),
(984, 9, 'Голосовать'),
(985, 1, 'Неверный код'),
(985, 2, 'Невірний код'),
(985, 9, 'Неверный код'),
(986, 1, 'Список сообщений с формы обратной связи'),
(986, 2, 'Список повідомлень з форми зворотнього зв''язку'),
(986, 9, 'Feedback form message list'),
(987, 1, 'Редактор заказов артистов'),
(987, 2, 'Редактор запитів артистів'),
(987, 9, 'Редактор заказов артистов'),
(988, 1, 'Сообщение от пользователя с формы обратной связи'),
(988, 2, 'Повідомлення від користувача з форми зворотнього зв''язку'),
(988, 9, 'User message from feedback form'),
(989, 1, '<br>\n<br>\nEMAIL пользователя: $feed_email<br>\nАвтор: $feed_author<br>\nТелефон: $feed_phone<br>\n<br>\nСообщение: $feed_text'),
(989, 2, '<br>\n<br>\nEMAIL користувача: $feed_email<br>\nАвтор: $feed_author<br>\nТелефон: $feed_phone<br>\n<br>\nПовідомлення: $feed_text'),
(989, 9, '<br>\n<br>\nEMAIL пользователя: $feed_email<br>\nАвтор: $feed_author<br>\nТелефон: $feed_phone<br>\n<br>\nСообщение: $feed_text'),
(990, 1, '<br>\n<br>\nEMAIL пользователя: $feed_email<br>\nАвтор: $feed_author<br>\nТелефон: $feed_phone<br>\n<br>\nТема: $feed_topic<br>\n<br>\nСообщение: $feed_text'),
(990, 2, '<br>\n<br>\nEMAIL користувача: $feed_email<br>\nАвтор: $feed_author<br>\nТелефон: $feed_phone<br>\n<br>\nТема: $feed_topic<br>\n<br>\nПовідомлення: $feed_text'),
(990, 9, '<br>\n<br>\nEMAIL пользователя: $feed_email<br>\nАвтор: $feed_author<br>\nТелефон: $feed_phone<br>\n<br>\nТема: $feed_topic<br>\n<br>\nСообщение: $feed_text'),
(991, 1, 'Телефон'),
(991, 2, 'Телефон'),
(991, 9, 'Телефон'),
(993, 1, 'Тема'),
(993, 2, 'Тема'),
(993, 9, 'Тема'),
(995, 1, 'Название'),
(995, 2, 'Назва'),
(995, 9, 'Name'),
(996, 1, 'Email'),
(996, 2, 'Email'),
(996, 9, 'Email'),
(1000, 1, 'Сообщение'),
(1000, 2, 'Повідомлення'),
(1000, 9, 'Сообщение'),
(1001, 1, 'Автор'),
(1001, 2, 'Автор'),
(1001, 9, 'Автор'),
(1002, 1, 'EMAIL пользователя'),
(1002, 2, 'EMAIL користувача'),
(1002, 9, 'EMAIL пользователя'),
(1003, 1, 'Сообщение с формы обратной связи'),
(1003, 2, 'Повідомлення з форми зворотнього зв''язку'),
(1003, 9, 'Feedback form message'),
(1004, 1, 'Список сообщений с формы обратной связи'),
(1004, 2, 'Список повідомлень з форми зворотнього зв''язку'),
(1004, 9, 'Feedback form message list'),
(1006, 1, 'Тема сообщения'),
(1006, 2, 'Тема повідомлення'),
(1006, 9, 'Тема сообщения'),
(1007, 1, 'Телефон'),
(1007, 2, 'Телефон'),
(1007, 9, 'Телефон'),
(1009, 1, 'AdOcean код для видео преролла'),
(1009, 2, 'AdOcean код для видео преролла'),
(1009, 9, 'AdOcean код для видео преролла'),
(1010, 1, 'Участники'),
(1010, 2, 'Учасники'),
(1010, 9, 'Участники'),
(1011, 1, 'Видео'),
(1011, 2, 'Відео'),
(1011, 9, 'Видео'),
(1012, 1, 'Похожие новости'),
(1012, 2, 'Схожі новини'),
(1012, 9, 'Похожие новости'),
(1014, 1, 'IP'),
(1014, 2, 'IP'),
(1014, 9, 'IP'),
(1015, 1, 'Редактор запрещенных IP'),
(1015, 2, 'Редактор заборонених IP'),
(1015, 9, 'Редактор запрещенных IP'),
(1016, 1, 'Время бана'),
(1016, 2, 'Час бану'),
(1016, 9, 'Время бана'),
(1017, 1, 'на день'),
(1017, 2, 'на день'),
(1017, 9, 'на день'),
(1018, 1, 'на неделю'),
(1018, 2, 'на тиждень'),
(1018, 9, 'на неделю'),
(1019, 1, 'на месяц'),
(1019, 2, 'на місяць'),
(1019, 9, 'на месяц'),
(1020, 1, 'на год'),
(1020, 2, 'на рік'),
(1020, 9, 'на год'),
(1021, 1, 'навсегда'),
(1021, 2, 'назавжди'),
(1021, 9, 'навсегда'),
(1022, 1, 'Редактор бана пользователя'),
(1022, 2, 'Редактор бана користувача'),
(1022, 9, 'Редактор бана пользователя'),
(1023, 1, 'Время бана'),
(1023, 2, 'Час бану'),
(1023, 9, 'Время бана'),
(1024, 1, 'Удалить бан'),
(1024, 2, 'Видалити бан'),
(1024, 9, 'Remove ban'),
(1025, 1, 'Перейти на страницу'),
(1025, 2, 'Перейти на сторінку'),
(1025, 9, 'Go to'),
(1026, 1, 'Отправить по e-mail'),
(1026, 2, 'Надіслати e-mail'),
(1026, 9, 'Отправить по e-mail'),
(1027, 1, 'Распечатать страницу'),
(1027, 2, 'Роздрукувати сторінку'),
(1027, 9, 'Распечатать страницу'),
(1028, 1, 'Добавить в избранное'),
(1028, 2, 'Додати у вибране'),
(1028, 9, 'Добавить в избранное'),
(1029, 1, 'ВКонтакт'),
(1029, 2, 'ВКонтакт'),
(1029, 9, 'ВКонтакт'),
(1030, 1, 'В Facebook'),
(1030, 2, 'У Facebook'),
(1030, 9, 'В Facebook'),
(1031, 1, 'Затвитить'),
(1031, 2, 'Затвітити'),
(1031, 9, 'Затвитить'),
(1032, 1, 'Запостить в ЖЖ'),
(1032, 2, 'Запостити у ЖЖ'),
(1032, 9, 'Запостить в ЖЖ'),
(1033, 1, 'просмотров'),
(1033, 2, 'переглядів'),
(1033, 9, 'просмотров'),
(1034, 1, 'фото'),
(1034, 2, 'фото'),
(1034, 9, 'фото'),
(1037, 1, 'Бан'),
(1037, 2, 'Бан'),
(1037, 9, 'Бан'),
(1045, 1, 'Параметры'),
(1045, 2, 'Параметри'),
(1045, 9, 'Параметры'),
(1049, 1, 'Данные с сайта'),
(1049, 2, 'Дані з сайту'),
(1049, 9, 'Данные с сайта'),
(1053, 1, 'Порядок сортировки'),
(1053, 2, 'Порядок сортування'),
(1053, 9, 'Порядок сортировки'),
(1057, 1, 'Заголовок блока'),
(1057, 2, 'Заголовок блоку'),
(1057, 9, 'Заголовок блока'),
(1061, 1, 'Количество записей во вкладке'),
(1061, 2, 'Кількість записів у вкладці'),
(1061, 9, 'Количество записей во вкладке'),
(1065, 1, 'Количество вкладок'),
(1065, 2, 'Кількість вкладок'),
(1065, 9, 'Количество вкладок'),
(1069, 1, 'Количество записей'),
(1069, 2, 'Кількість записів'),
(1069, 9, 'Количество записей'),
(1073, 1, 'Шаблон вывода'),
(1073, 2, 'Шаблон виводу'),
(1073, 9, 'Шаблон вывода'),
(1077, 1, 'Маска вывода'),
(1077, 2, 'Маска виводу'),
(1077, 9, 'Маска вывода'),
(1081, 1, 'Идентификатор блока'),
(1081, 2, 'Ідентифікатор блоку'),
(1081, 9, 'Идентификатор блока'),
(1085, 1, 'Бан по IP'),
(1085, 2, 'Бан по IP'),
(1085, 9, 'Бан по IP'),
(1089, 1, 'Вернуть к начальному виду'),
(1089, 2, 'Повернути до початкового вигляду'),
(1089, 9, 'Rollback'),
(1093, 1, 'Изменено'),
(1093, 2, 'Змінено'),
(1093, 9, 'Изменено'),
(1097, 1, 'Редактор исходного кода текстового блока'),
(1097, 2, 'Редактор вихідного коду текстового блоку'),
(1097, 9, 'Редактор исходного кода текстового блока'),
(1105, 1, 'Сбросить шаблоны'),
(1105, 2, 'Скинути шаблони'),
(1105, 9, 'Refresh templates'),
(1109, 1, 'Новости проекта'),
(1109, 2, 'Новини проекту'),
(1109, 9, 'Новости проекта'),
(1113, 1, 'Название блока'),
(1113, 2, 'Назва блоку'),
(1113, 9, 'Widget name'),
(1117, 1, 'Иконка блока'),
(1117, 2, 'Іконка блоку'),
(1117, 9, 'Иконка блока'),
(1121, 1, 'Вставить блок'),
(1121, 2, 'Вставити блок'),
(1121, 9, 'Вставить блок'),
(1125, 1, 'Редактор блоков'),
(1125, 2, 'Редактор блоків'),
(1125, 9, 'Редактор блоков'),
(1129, 1, 'Только популярные'),
(1129, 2, 'Тільки популярні'),
(1129, 9, 'Только популярные'),
(1134, 1, 'Сайты'),
(1134, 2, 'Сайти'),
(1134, 9, 'Sites'),
(1135, 1, 'Управление блоками'),
(1135, 2, 'Керування блоками'),
(1135, 9, 'Block manager'),
(1136, 1, 'Категория'),
(1136, 2, 'Категорія'),
(1136, 9, 'Категория'),
(1137, 1, 'Вход'),
(1137, 2, 'Вхід'),
(1137, 9, 'Authorization'),
(1138, 1, 'Файл конфигурации'),
(1138, 2, 'Файл конфігурації'),
(1138, 9, 'Файл конфигурации'),
(1139, 1, 'Выводить все вложенные разделы'),
(1139, 2, 'Виводити всі вкладені розділи'),
(1139, 9, 'Выводить все вложенные разделы'),
(1140, 1, 'Рекламные места'),
(1140, 2, 'Рекламні місця'),
(1140, 9, 'Рекламные места'),
(1141, 1, 'Топ новости'),
(1141, 2, 'Топ новини'),
(1141, 9, 'Top news'),
(1142, 1, 'Все новости'),
(1142, 2, 'Всі новини'),
(1142, 9, 'All news'),
(1143, 1, 'Баннер вверху 728х90'),
(1143, 2, 'Банер вгорі 728х90'),
(1143, 9, 'Баннер вверху 728х90'),
(1144, 1, 'Баннер слева 250х250'),
(1144, 2, 'Баннер зліва 250х250'),
(1144, 9, 'Баннер слева 250х250'),
(1145, 1, 'Главная страница'),
(1145, 2, 'Головна сторінка'),
(1145, 9, 'Главная страница'),
(1146, 1, 'Текстовая страница с медиа-файлами'),
(1146, 2, 'Текстова сторінка з медіа-файлами'),
(1146, 9, 'Текстовая страница с медиа-файлами'),
(1147, 1, 'содержит'),
(1147, 2, 'містить'),
(1147, 9, 'contain'),
(1148, 1, 'не содержит'),
(1148, 2, 'не містить'),
(1148, 9, 'not contain'),
(1149, 1, 'между'),
(1149, 2, 'між'),
(1149, 9, 'between'),
(1150, 1, 'Номер'),
(1150, 2, 'Номер'),
(1150, 9, 'Номер'),
(1151, 1, 'Включить в вывод также все записи из вложенных подразделов'),
(1151, 2, 'Включити у вивід також всі записи із вкладених підрозділів'),
(1151, 9, 'Включить в вывод также все записи из вложенных подразделов'),
(1152, 1, 'Вы уверены, что хотите вернуть шаблоны всех страниц к начальному виду? Отменить это действие будет невозможно.'),
(1152, 2, 'Ви впевнені, що хочете повернути шаблони всіх сторінок до початкового вигляду? Відмінити цю дію буде неможливо.'),
(1152, 9, 'Вы уверены, что хотите вернуть шаблоны всех страниц к начальному виду? Отменить это действие будет невозможно.'),
(1153, 1, 'Шаблоны всех страниц приведены к начальному виду'),
(1153, 2, 'Шаблони всіх сторінок приведено до початкового вигляду'),
(1153, 9, 'Шаблоны всех страниц приведены к начальному виду'),
(1154, 1, 'Идентификатор формы'),
(1154, 2, 'Ідентифікатор форми'),
(1154, 9, 'Form ID'),
(1155, 1, 'Дата создания'),
(1155, 2, 'Дата створення'),
(1155, 9, 'Creation date'),
(1156, 1, 'Название'),
(1156, 2, 'Назва'),
(1156, 9, 'Name'),
(1157, 1, 'Активная'),
(1157, 2, 'Активна'),
(1157, 9, 'Activated'),
(1158, 1, 'Создать'),
(1158, 2, 'Створити'),
(1158, 9, 'Create'),
(1159, 1, 'Редактировать свойства'),
(1159, 2, 'Редагувати властивості'),
(1159, 9, 'Edit properties'),
(1160, 1, 'Редактировать форму'),
(1160, 2, 'Редагувати форму'),
(1160, 9, 'Edit form'),
(1161, 1, 'Показать результаты'),
(1161, 2, 'Показати результати'),
(1161, 9, 'Show results'),
(1162, 1, 'Имя'),
(1162, 2, 'Ім''я'),
(1162, 9, 'Имя'),
(1163, 1, 'E-mail, на который приходят заполненные формы'),
(1163, 2, 'E-mail, на який надходять заповнені форми'),
(1163, 9, 'E-mail for submitted forms'),
(1164, 1, 'Описание'),
(1164, 2, 'Опис'),
(1164, 9, 'Описание'),
(1165, 1, 'Имя поля'),
(1165, 2, 'Ім''я поля'),
(1165, 9, 'Имя поля'),
(1166, 1, 'Тип поля'),
(1166, 2, 'Тип поля'),
(1166, 9, 'Тип поля'),
(1167, 1, 'Поле может быть пустым'),
(1167, 2, 'Поле може бути порожнім'),
(1167, 9, 'Поле может быть пустым'),
(1168, 1, 'строка'),
(1168, 2, 'рядок'),
(1168, 9, 'строка'),
(1169, 1, 'логическое'),
(1169, 2, 'логічне'),
(1169, 9, 'логическое'),
(1170, 1, 'текстовое'),
(1170, 2, 'текстове'),
(1170, 9, 'текстовое'),
(1171, 1, 'список значений'),
(1171, 2, 'список значень'),
(1171, 9, 'список значений'),
(1172, 1, 'дата'),
(1172, 2, 'дата'),
(1172, 9, 'дата'),
(1173, 1, 'дата и время'),
(1173, 2, 'дата і час'),
(1173, 9, 'дата и время'),
(1174, 1, 'файл'),
(1174, 2, 'файл'),
(1174, 9, 'файл'),
(1175, 1, 'Дата создания записи'),
(1175, 2, 'Дата створення запису'),
(1175, 9, 'Record creation date'),
(1176, 1, 'E-mail'),
(1176, 2, 'E-mail'),
(1176, 9, 'E-mail'),
(1177, 1, 'Сообщение'),
(1177, 2, 'Повідомлення'),
(1177, 9, 'Сообщение'),
(1178, 1, 'инфо'),
(1178, 2, 'інфо'),
(1178, 9, 'инфо'),
(1179, 1, 'множественный выбор'),
(1179, 2, 'множинний вибір'),
(1179, 9, 'множественный выбор'),
(1180, 1, 'Форма'),
(1180, 2, 'Форма'),
(1180, 9, 'Форма'),
(1181, 1, 'Произошла ошибка'),
(1181, 2, 'Сталася помилка'),
(1181, 9, 'Error corrupted'),
(1182, 1, 'нет формы для отображения'),
(1182, 2, 'немає форми для відображення'),
(1182, 9, 'No form to display'),
(1183, 1, 'Результаты формы'),
(1183, 2, 'Результати форми'),
(1183, 9, 'Form results'),
(1184, 1, 'Экспортировать в CSV'),
(1184, 2, 'Експортувати в CSV'),
(1184, 9, 'Экспортировать в CSV'),
(1185, 1, 'Данные успешно отправлены.'),
(1185, 2, 'Дані успішно відправлено.'),
(1185, 9, 'Данные успешно отправлены.'),
(1186, 1, 'Редактировать значения'),
(1186, 2, 'Редагувати значення'),
(1186, 9, 'Редактировать значения'),
(1187, 1, 'Новое сообщение с формы'),
(1187, 2, 'Нове повідомлення з форми'),
(1187, 9, 'New message from form'),
(1188, 1, 'Идентификатор записи'),
(1188, 2, 'Ідентифікатор запису'),
(1188, 9, 'Идентификатор записи'),
(1190, 1, 'Имя'),
(1190, 2, 'Ім''я'),
(1190, 9, 'Имя'),
(1191, 1, 'Возраст'),
(1191, 2, 'Вік'),
(1191, 9, 'Возраст'),
(1192, 1, 'Семейное положение'),
(1192, 2, 'Сімейне положення'),
(1192, 9, 'Семейное положение'),
(1193, 1, 'Род занятий'),
(1193, 2, 'Рід занять'),
(1193, 9, 'Род занятий'),
(1194, 1, 'Наличие автомобиля'),
(1194, 2, 'Наявність автомобіля'),
(1194, 9, 'Наличие автомобиля'),
(1195, 1, 'Дата рождения'),
(1195, 2, 'Дата народження'),
(1195, 9, 'Дата рождения'),
(1196, 1, 'Фото'),
(1196, 2, 'Фото'),
(1196, 9, 'Фото'),
(1197, 1, 'Редактировать следующую запись'),
(1197, 2, 'Редагувати наступний запис'),
(1197, 9, 'Edit next record'),
(1198, 1, 'Редактировать предыдущую запись'),
(1198, 2, 'Редагувати попередній запис'),
(1198, 9, 'Edit previous record'),
(1199, 1, 'Да'),
(1199, 2, 'Так'),
(1199, 9, 'Да'),
(1200, 1, 'Нет'),
(1200, 2, 'Ні'),
(1200, 9, 'Нет'),
(1201, 1, 'Конструктор форм: форма'),
(1201, 2, 'Конструктор форм: форма'),
(1201, 9, 'Конструктор форм: форма'),
(1202, 1, 'Конструктор форм: редактор'),
(1202, 2, 'Конструктор форм: редактор'),
(1202, 9, 'Конструктор форм: редактор'),
(1203, 1, 'Конструктор форм: результаты'),
(1203, 2, 'Конструктор форм: результати'),
(1203, 9, 'Конструктор форм: результаты'),
(1204, 1, 'XML-код блока'),
(1204, 2, 'XML-код блока'),
(1204, 9, 'XML-код блока'),
(1205, 1, 'Новый текстовый блок'),
(1205, 2, 'Новий текстовий блок'),
(1205, 9, 'Новый текстовый блок'),
(1206, 1, 'Параметры индексирования страницы (содержимое meta-тега robots)'),
(1206, 2, 'Параметри індексування сторінки (значення meta-тега robots)'),
(1206, 9, 'Параметры индексирования страницы (содержимое meta-тега robots)'),
(1207, 1, 'Вставить embed код'),
(1207, 2, 'Вставити embed код'),
(1207, 9, 'Вставить embed код'),
(1208, 1, 'Применить'),
(1208, 2, 'Применить'),
(1208, 9, 'Apply'),
(1210, 1, 'Мод'),
(1210, 2, 'Мод'),
(1210, 9, 'Мод'),
(1211, 1, 'Макет страницы:'),
(1211, 2, 'Макет сторінки:'),
(1211, 9, 'Page layout:'),
(1212, 1, 'Содержимое страницы:'),
(1212, 2, 'Вміст сторінки:'),
(1212, 9, 'Page content:'),
(1213, 1, 'Действие:'),
(1213, 2, 'Дія:'),
(1213, 9, 'Action:'),
(1214, 1, 'Сохранить только для этой страницы'),
(1214, 2, 'Зберегти для поточної'),
(1214, 9, 'Save only for this page'),
(1215, 1, 'Сохранить как новое'),
(1215, 2, 'Зберегти як нове'),
(1215, 9, 'Save as'),
(1216, 1, 'Сохранить в текущем шаблоне'),
(1216, 2, 'Збререгти в шаблоні сторінки'),
(1216, 9, 'Save in current template'),
(1217, 1, 'Мод1'),
(1217, 2, 'Мод1'),
(1217, 9, 'Мод1'),
(1218, 1, 'Хуйло'),
(1218, 2, 'Хуйло'),
(1218, 9, 'Хуйло');

-- --------------------------------------------------------

--
-- Table structure for table `share_session`
--

CREATE TABLE IF NOT EXISTS `share_session` (
  `session_id` int(10) unsigned NOT NULL AUTO_INCREMENT,
  `session_native_id` char(40) NOT NULL,
  `session_last_impression` int(11) NOT NULL,
  `session_created` int(11) NOT NULL,
  `session_expires` int(11) NOT NULL,
  `session_ip` int(4) unsigned DEFAULT NULL,
  `session_user_agent` char(255) NOT NULL,
  `u_id` int(10) unsigned DEFAULT NULL,
  `session_data` varchar(5000) DEFAULT NULL,
  PRIMARY KEY (`session_id`),
  UNIQUE KEY `session_native_id` (`session_native_id`),
  KEY `i_session_u_id` (`u_id`),
  KEY `i_session_ip` (`session_ip`),
  KEY `session_expires` (`session_expires`)
) ENGINE=MEMORY  DEFAULT CHARSET=utf8 AUTO_INCREMENT=14 ;

--
-- Dumping data for table `share_session`
--

INSERT INTO `share_session` (`session_id`, `session_native_id`, `session_last_impression`, `session_created`, `session_expires`, `session_ip`, `session_user_agent`, `u_id`, `session_data`) VALUES
(10, '93100c4bae557d55993556de7703fa85d5eda053', 1319471043, 1319471043, 1319579043, 1532629676, '', 22, 'userID|i:22;'),
(11, 'd61d41a8d510d0a428064eac9f668bebc99ae497', 1319471080, 1319471043, 1319579080, 1532629676, '', 22, 'userID|i:22;'),
(12, '1c9658ff094fdb47f641c4d9b106d6b21a3de3eb', 1319546393, 1319544176, 1319654393, 167772503, '', 22, 'userID|i:22;'),
(13, '2ac8eee3e30fc43c8dd80d0b512c4728fa4ba5b1', 1319555040, 1319547538, 1319663040, 167772503, '', 22, 'userID|i:22;');

-- --------------------------------------------------------

--
-- Table structure for table `share_sitemap`
--

CREATE TABLE IF NOT EXISTS `share_sitemap` (
  `smap_id` int(10) unsigned NOT NULL AUTO_INCREMENT,
  `site_id` int(10) unsigned NOT NULL,
  `smap_layout` char(200) NOT NULL,
  `smap_layout_xml` text NOT NULL,
  `smap_content` char(200) NOT NULL,
  `smap_content_xml` text NOT NULL,
  `smap_pid` int(10) unsigned DEFAULT NULL,
  `smap_segment` char(50) NOT NULL DEFAULT '',
  `smap_order_num` int(10) unsigned DEFAULT '1',
  `smap_redirect_url` char(250) DEFAULT NULL,
  `smap_meta_robots` text,
  PRIMARY KEY (`smap_id`),
  UNIQUE KEY `smap_pid` (`smap_pid`,`site_id`,`smap_segment`),
  KEY `site_id` (`site_id`),
  KEY `smap_order_num` (`smap_order_num`)
) ENGINE=InnoDB  DEFAULT CHARSET=utf8 AUTO_INCREMENT=1274 ;

--
-- Dumping data for table `share_sitemap`
--

INSERT INTO `share_sitemap` (`smap_id`, `site_id`, `smap_layout`, `smap_layout_xml`, `smap_content`, `smap_content_xml`, `smap_pid`, `smap_segment`, `smap_order_num`, `smap_redirect_url`, `smap_meta_robots`) VALUES
(80, 1, 'default.layout.xml', '', 'main.content.xml', '', NULL, '', 241, NULL, NULL),
(329, 1, 'default.layout.xml', '', 'map.content.xml', '', 80, 'sitemap', 18, NULL, NULL),
(330, 1, 'default.layout.xml', '', 'restore_password.content.xml', '', 80, 'restore-password', 222, NULL, NULL),
(331, 1, 'default.layout.xml', '', 'register.content.xml', '', 80, 'registration', 190, NULL, NULL),
(351, 1, 'google_sitemap.layout.xml', '', 'google_sitemap.content.xml', '', 80, 'google-sitemap', 223, NULL, NULL),
(483, 1, 'default.layout.xml', '', 'user_profile.content.xml', '', 80, 'profile', 221, NULL, NULL),
(1255, 1, 'default.layout.xml', '', 'news.content.xml', '', 80, 'news', 12, NULL, NULL),
(1256, 1, 'default.layout.xml', '', 'textblock.content.xml', '', 80, 'text', 8, NULL, NULL),
(1257, 1, 'default.layout.xml', '', 'childs.content.xml', '', 80, 'subdivisions', 10, NULL, NULL),
(1258, 1, 'default.layout.xml', '', 'media_textblock.content.xml', '', 1257, 'subdivisions1', 14, NULL, NULL),
(1259, 1, 'default.layout.xml', '', 'media_textblock.content.xml', '', 1257, 'subdivisions2', 15, NULL, NULL),
(1260, 1, 'default.layout.xml', '', 'media_textblock.content.xml', '', 1257, 'subdivisions3', 16, NULL, NULL),
(1261, 1, 'default.layout.xml', '', 'textblock.content.xml', '', 80, 'photo', 13, NULL, NULL),
(1262, 1, 'default.layout.xml', '', 'textblock.content.xml', '', 80, 'video', 17, NULL, NULL),
(1263, 1, 'default.layout.xml', '', 'textblock.content.xml', '', 80, 'ad', 11, NULL, NULL),
(1264, 1, 'default.layout.xml', '', 'childs.content.xml', '', 80, 'admin', 226, NULL, NULL),
(1265, 1, 'default.layout.xml', '', 'form_editor.content.xml', '', 1264, 'forms', 8, NULL, NULL),
(1266, 1, 'default.layout.xml', '', 'childs.content.xml', '', 80, 'forms', 225, NULL, NULL),
(1267, 1, 'default.layout.xml', '', 'form.content.xml', '<?xml version="1.0" encoding="utf-8" ?><content html_class="colset colset2"><container name="left" column="column" html_class="col col1"><container name="mainMenuContainer" block="beta" widget="widget"><component name="mainMenu" module="share" class="PageList"><params><param name="tags">menu</param>\n<param name="recursive">1</param>\n<param name="config">core/modules/share/MainMenu.component.xml</param></params></component></container>\n<container name="leftAdBlock"></container>\n<container name="loginFormContainer" block="beta" widget="widget"><component name="loginForm" module="user" class="LoginForm"></component></container></container>\n<container name="center" column="column" html_class="col col2 last_col"><container name="formEditorContainer" block="alfa" widget="static"><component name="form" class="Form" module="forms"><params><param name="id">28</param>\n<param name="noCaptcha">1</param></params></component></container></container></content>', 1266, 'feedback', 5, NULL, NULL),
(1268, 1, 'default.layout.xml', '', 'form_results.content.xml', '<?xml version="1.0" encoding="utf-8" ?><content html_class="colset colset2"><container name="left" column="column" html_class="col col1"><container name="mainMenuContainer" block="beta" widget="widget"><component name="mainMenu" module="share" class="PageList"><params><param name="tags">menu</param>\n<param name="recursive">1</param>\n<param name="config">core/modules/share/MainMenu.component.xml</param></params></component></container>\n<container name="leftAdBlock"></container>\n<container name="loginFormContainer" block="beta" widget="widget"><component name="loginForm" module="user" class="LoginForm"></component></container></container>\n<container name="center" column="column" html_class="col col2 last_col"><container name="formResultsContainer" block="alfa" widget="static"><component name="formResults" module="forms" class="FormResults"><params><param name="form_id">28</param>\n<param name="config" type="hidden">core/modules/forms/config/FormResultsSimple.component.xml</param></params></component></container></container></content>', 1267, 'results', 6, NULL, NULL),
(1269, 1, 'default.layout.xml', '', 'form.content.xml', '<?xml version="1.0" encoding="utf-8" ?><content html_class="colset colset2"><container name="left" column="column" html_class="col col1"><container name="mainMenuContainer" block="beta" widget="widget"><component name="mainMenu" module="share" class="PageList"><params><param name="tags">menu</param>\n<param name="recursive">1</param>\n<param name="config">core/modules/share/MainMenu.component.xml</param></params></component></container>\n<container name="leftAdBlock"></container>\n<container name="loginFormContainer" block="beta" widget="widget"><component name="loginForm" module="user" class="LoginForm"></component></container></container>\n<container name="center" column="column" html_class="col col2 last_col"><container name="formEditorContainer" block="alfa" widget="static"><component name="form" class="Form" module="forms"><params><param name="id">29</param>\n<param name="noCaptcha">1</param></params></component></container></container></content>', 1266, 'form', 7, NULL, NULL),
(1270, 1, 'default.layout.xml', '', 'form_results.content.xml', '<?xml version="1.0" encoding="utf-8" ?><content html_class="colset colset2"><container name="left" column="column" html_class="col col1"><container name="mainMenuContainer" block="beta" widget="widget"><component name="mainMenu" module="share" class="PageList"><params><param name="tags">menu</param>\n<param name="recursive">1</param>\n<param name="config">core/modules/share/MainMenu.component.xml</param></params></component></container>\n<container name="leftAdBlock"></container>\n<container name="loginFormContainer" block="beta" widget="widget"><component name="loginForm" module="user" class="LoginForm"></component></container></container>\n<container name="center" column="column" html_class="col col2 last_col"><container name="formResultsContainer" block="alfa" widget="static"><component name="formResults" module="forms" class="FormResults"><params><param name="form_id">29</param>\n<param name="config" type="hidden">core/modules/forms/config/FormResultsSimple.component.xml</param></params></component></container></container></content>', 1269, 'results', 4, NULL, NULL),
(1272, 1, 'default.layout.xml', '', 'extfeed.content.xml', '', 80, 'efeed', 2, NULL, NULL),
(1273, 1, 'google_sitemap.layout.xml', '', 'news_repository.content.xml', '', 1264, 'news', 1, NULL, NULL);

-- --------------------------------------------------------

--
-- Table structure for table `share_sitemap_tags`
--

CREATE TABLE IF NOT EXISTS `share_sitemap_tags` (
  `smap_id` int(10) unsigned NOT NULL,
  `tag_id` int(10) unsigned NOT NULL,
  PRIMARY KEY (`smap_id`,`tag_id`),
  KEY `tag_id` (`tag_id`)
) ENGINE=InnoDB DEFAULT CHARSET=utf8;

--
-- Dumping data for table `share_sitemap_tags`
--

INSERT INTO `share_sitemap_tags` (`smap_id`, `tag_id`) VALUES
(329, 1),
(1254, 1),
(1255, 1),
(1256, 1),
(1257, 1),
(1258, 1),
(1259, 1),
(1260, 1),
(1261, 1),
(1262, 1),
(1263, 1),
(1264, 1),
(1265, 1),
(1266, 1),
(1267, 1),
(1268, 1),
(1269, 1),
(1270, 1),
(1272, 1);

-- --------------------------------------------------------

--
-- Table structure for table `share_sitemap_translation`
--

CREATE TABLE IF NOT EXISTS `share_sitemap_translation` (
  `smap_id` int(10) unsigned NOT NULL DEFAULT '0',
  `lang_id` int(10) unsigned NOT NULL DEFAULT '0',
  `smap_name` varchar(200) DEFAULT NULL,
  `smap_description_rtf` text,
  `smap_html_title` varchar(250) DEFAULT NULL,
  `smap_meta_keywords` text,
  `smap_meta_description` text,
  `smap_is_disabled` tinyint(1) NOT NULL DEFAULT '0',
  PRIMARY KEY (`lang_id`,`smap_id`),
  KEY `sitemaplv_sitemap_FK` (`smap_id`)
) ENGINE=InnoDB DEFAULT CHARSET=utf8;

--
-- Dumping data for table `share_sitemap_translation`
--

INSERT INTO `share_sitemap_translation` (`smap_id`, `lang_id`, `smap_name`, `smap_description_rtf`, `smap_html_title`, `smap_meta_keywords`, `smap_meta_description`, `smap_is_disabled`) VALUES
(80, 1, 'Главная страница', NULL, NULL, NULL, '<meta name=''yandex-verification'' content=''421f31c92020f4c9'' />', 0),
(329, 1, 'Карта сайта', NULL, NULL, NULL, NULL, 0),
(330, 1, 'Восстановление пароля', NULL, NULL, NULL, NULL, 0),
(331, 1, 'Регистрация', NULL, NULL, NULL, NULL, 0),
(351, 1, 'Google sitemap page', NULL, NULL, NULL, NULL, 0),
(483, 1, 'Профиль', NULL, NULL, NULL, NULL, 0),
(1255, 1, 'Новости', NULL, NULL, NULL, NULL, 0),
(1256, 1, 'Текстовая страница', NULL, NULL, NULL, NULL, 0),
(1257, 1, 'Подразделы', NULL, NULL, NULL, NULL, 0),
(1258, 1, 'Подраздел 1', 'Необходимым и достаточным условием отрицательности действительных\r\nчастей корней рассматриваемого характеристического уравнения является\r\nто, что уравнение возмущенного движения активно. Прямолинейное\r\nравноускоренное движение основания не входит своими составляющими в силы нормальных реакций связей.', NULL, NULL, NULL, 0),
(1259, 1, 'Подраздел 2', 'Следует отметить, что максимальное отклонение не зависит от скорости\r\nвращения внутреннего кольца подвеса, что не кажется странным, если\r\nвспомнить о том, что мы не исключили из рассмотрения подвес, используя\r\nимеющиеся в этом случае первые интегралы.<br>', NULL, NULL, NULL, 0),
(1260, 1, 'Подраздел 3', 'Следовательно, классическое уравнение движения заставляет перейти к\r\nболее сложной системе дифференциальных уравнений, если погрешность\r\nпринципиально проецирует устойчивый кинетический момент, даже если\r\nрамки подвеса буду ориентированы под прямым углом.<br>', NULL, NULL, NULL, 0),
(1261, 1, 'Фото', NULL, NULL, NULL, NULL, 0),
(1262, 1, 'Видео', NULL, NULL, NULL, NULL, 0),
(1263, 1, 'Рекламные места', NULL, NULL, NULL, NULL, 0),
(1264, 1, 'Управление сайтом', NULL, NULL, NULL, NULL, 0),
(1265, 1, 'Управление формами', NULL, NULL, NULL, NULL, 0),
(1266, 1, 'Формы', NULL, NULL, NULL, NULL, 0),
(1267, 1, 'Обратная связь', NULL, NULL, NULL, NULL, 0),
(1268, 1, 'Результаты', NULL, NULL, NULL, NULL, 0),
(1269, 1, 'Анкета', NULL, NULL, NULL, NULL, 0),
(1270, 1, 'Результаты', NULL, NULL, NULL, NULL, 0),
(1272, 1, 'Фид', NULL, NULL, NULL, NULL, 0),
(1273, 1, 'Редактор новостей', NULL, NULL, NULL, NULL, 0),
(80, 2, 'Головна сторінка', NULL, NULL, NULL, '<meta name=''yandex-verification'' content=''421f31c92020f4c9'' />', 0),
(329, 2, 'Карта сайту', NULL, NULL, NULL, NULL, 0),
(330, 2, 'Поновлення паролю', NULL, NULL, NULL, NULL, 0),
(331, 2, 'Реєстрація', NULL, NULL, NULL, NULL, 0),
(351, 2, 'Google sitemap page', NULL, NULL, NULL, NULL, 0),
(483, 2, 'Профіль', NULL, NULL, NULL, NULL, 0),
(1255, 2, 'Новини', NULL, NULL, NULL, NULL, 0),
(1256, 2, 'Текстова сторінка', NULL, NULL, NULL, NULL, 0),
(1257, 2, 'Підрозділи', NULL, NULL, NULL, NULL, 0),
(1258, 2, 'Підразділ 1', 'Необходимым и достаточным условием отрицательности действительных\r\nчастей корней рассматриваемого характеристического уравнения является\r\nто, что уравнение возмущенного движения активно. Прямолинейное\r\nравноускоренное движение основания не входит своими составляющими в\r\nсилы нормальных реакций связей.', NULL, NULL, NULL, 0),
(1259, 2, 'Підразділ 2', 'Следует отметить, что максимальное отклонение не зависит от скорости\r\nвращения внутреннего кольца подвеса, что не кажется странным, если\r\nвспомнить о том, что мы не исключили из рассмотрения подвес, используя\r\nимеющиеся в этом случае первые интегралы.', NULL, NULL, NULL, 0),
(1260, 2, 'Підрозділ 3', 'Следовательно, классическое уравнение движения заставляет перейти к\r\nболее сложной системе дифференциальных уравнений, если погрешность\r\nпринципиально проецирует устойчивый кинетический момент, даже если\r\nрамки подвеса буду ориентированы под прямым углом.', NULL, NULL, NULL, 0),
(1261, 2, 'Фото', NULL, NULL, NULL, NULL, 0),
(1262, 2, 'Відео', NULL, NULL, NULL, NULL, 0),
(1263, 2, 'Рекламні місця', NULL, NULL, NULL, NULL, 0),
(1264, 2, 'Управління сайтом', NULL, NULL, NULL, NULL, 0),
(1265, 2, 'Управління формами', NULL, NULL, NULL, NULL, 0),
(1266, 2, 'Форми', NULL, NULL, NULL, NULL, 0),
(1267, 2, 'Зворотній зв''язок', NULL, NULL, NULL, NULL, 0),
(1268, 2, 'Результати', NULL, NULL, NULL, NULL, 0),
(1269, 2, 'Анкета', NULL, NULL, NULL, NULL, 0),
(1270, 2, 'Результати', NULL, NULL, NULL, NULL, 0),
(1272, 2, 'Фід', NULL, NULL, NULL, NULL, 0),
(1273, 2, 'Редактор новин', NULL, NULL, NULL, NULL, 0),
(80, 9, 'Main page', NULL, NULL, NULL, '<meta name=''yandex-verification'' content=''421f31c92020f4c9'' />', 0),
(329, 9, 'Sitemap', NULL, NULL, NULL, NULL, 0),
(330, 9, 'Password recovery', NULL, NULL, NULL, NULL, 0),
(331, 9, 'Registration', NULL, NULL, NULL, NULL, 0),
(351, 9, 'Google sitemap page', NULL, NULL, NULL, NULL, 0),
(483, 9, 'Profile', NULL, NULL, NULL, NULL, 0),
(1255, 9, 'News', NULL, NULL, NULL, NULL, 0),
(1256, 9, 'Text page', NULL, NULL, NULL, NULL, 0),
(1257, 9, 'Subdivisions', NULL, NULL, NULL, NULL, 0),
(1258, 9, 'Subdivision 1', 'Необходимым и достаточным условием отрицательности действительных\r\nчастей корней рассматриваемого характеристического уравнения является\r\nто, что уравнение возмущенного движения активно. Прямолинейное\r\nравноускоренное движение основания не входит своими составляющими в силы нормальных реакций связей.', NULL, NULL, NULL, 0),
(1259, 9, 'Subdivision 2', 'Следует отметить, что максимальное отклонение не зависит от скорости\r\nвращения внутреннего кольца подвеса, что не кажется странным, если\r\nвспомнить о том, что мы не исключили из рассмотрения подвес, используя\r\nимеющиеся в этом случае первые интегралы.<br>', NULL, NULL, NULL, 0),
(1260, 9, 'Subdivision 3', 'Следовательно, классическое уравнение движения заставляет перейти к\r\nболее сложной системе дифференциальных уравнений, если погрешность\r\nпринципиально проецирует устойчивый кинетический момент, даже если\r\nрамки подвеса буду ориентированы под прямым углом.<br>', NULL, NULL, NULL, 0),
(1261, 9, 'Photos', NULL, NULL, NULL, NULL, 0),
(1262, 9, 'Videos', NULL, NULL, NULL, NULL, 0),
(1263, 9, 'Advertising places', NULL, NULL, NULL, NULL, 0),
(1264, 9, 'Site manager', NULL, NULL, NULL, NULL, 0),
(1265, 9, 'Forms manager', NULL, NULL, NULL, NULL, 0),
(1266, 9, 'Forms', NULL, NULL, NULL, NULL, 0),
(1267, 9, 'Feedback', NULL, NULL, NULL, NULL, 0),
(1268, 9, 'Results', NULL, NULL, NULL, NULL, 0),
(1269, 9, 'Questionnaire', NULL, NULL, NULL, NULL, 0),
(1270, 9, 'Results', NULL, NULL, NULL, NULL, 0),
(1272, 9, 'Feed', NULL, NULL, NULL, NULL, 0),
(1273, 9, 'News manager', NULL, NULL, NULL, NULL, 0);

-- --------------------------------------------------------

--
-- Table structure for table `share_sitemap_uploads`
--

CREATE TABLE IF NOT EXISTS `share_sitemap_uploads` (
  `smap_id` int(10) unsigned NOT NULL,
  `upl_id` int(10) unsigned NOT NULL,
  `upl_order_num` int(10) unsigned NOT NULL,
  PRIMARY KEY (`smap_id`,`upl_id`,`upl_order_num`),
  KEY `upl_id` (`upl_id`)
) ENGINE=InnoDB DEFAULT CHARSET=utf8;

--
-- Dumping data for table `share_sitemap_uploads`
--

INSERT INTO `share_sitemap_uploads` (`smap_id`, `upl_id`, `upl_order_num`) VALUES
(1259, 19, 1),
(1260, 20, 1),
(1259, 21, 2),
(1260, 24, 2),
(1259, 28, 3),
(1259, 39, 4),
(1259, 40, 5),
(1259, 49, 6),
(1260, 50, 3),
(1259, 60, 7),
(1259, 61, 8),
(1258, 125, 1);

-- --------------------------------------------------------

--
-- Table structure for table `share_sites`
--

CREATE TABLE IF NOT EXISTS `share_sites` (
  `site_id` int(11) unsigned NOT NULL AUTO_INCREMENT,
  `site_is_active` tinyint(1) NOT NULL DEFAULT '1',
  `site_is_indexed` tinyint(1) NOT NULL DEFAULT '1',
  `site_protocol` char(5) NOT NULL DEFAULT 'http',
  `site_host` char(50) NOT NULL,
  `site_port` smallint(5) unsigned NOT NULL DEFAULT '80',
  `site_root` char(50) NOT NULL DEFAULT '/',
  `site_is_default` tinyint(1) NOT NULL DEFAULT '0',
  `site_folder` char(20) NOT NULL DEFAULT 'default',
  `site_order_num` int(10) unsigned DEFAULT '1',
  `site_meta_robots` text,
  PRIMARY KEY (`site_id`),
  UNIQUE KEY `site_host` (`site_host`,`site_root`)
) ENGINE=InnoDB  DEFAULT CHARSET=utf8 AUTO_INCREMENT=2 ;

--
-- Dumping data for table `share_sites`
--

INSERT INTO `share_sites` (`site_id`, `site_is_active`, `site_is_indexed`, `site_protocol`, `site_host`, `site_port`, `site_root`, `site_is_default`, `site_folder`, `site_order_num`, `site_meta_robots`) VALUES
(1, 1, 1, 'http', 'dexter.eggmen.net', 80, '/starter/', 1, 'default', 1, NULL);

-- --------------------------------------------------------

--
-- Table structure for table `share_sites_tags`
--

CREATE TABLE IF NOT EXISTS `share_sites_tags` (
  `site_id` int(10) unsigned NOT NULL,
  `tag_id` int(10) unsigned NOT NULL,
  PRIMARY KEY (`site_id`,`tag_id`),
  KEY `tag_id` (`tag_id`)
) ENGINE=InnoDB DEFAULT CHARSET=utf8;

-- --------------------------------------------------------

--
-- Table structure for table `share_sites_translation`
--

CREATE TABLE IF NOT EXISTS `share_sites_translation` (
  `site_id` int(11) unsigned NOT NULL,
  `lang_id` int(11) unsigned NOT NULL,
  `site_name` char(200) NOT NULL,
  `site_meta_keywords` text,
  `site_meta_description` text,
  PRIMARY KEY (`site_id`,`lang_id`),
  KEY `lang_id` (`lang_id`)
) ENGINE=InnoDB DEFAULT CHARSET=utf8;

--
-- Dumping data for table `share_sites_translation`
--

INSERT INTO `share_sites_translation` (`site_id`, `lang_id`, `site_name`, `site_meta_keywords`, `site_meta_description`) VALUES
(1, 1, 'Демо версия Energine 2.8', NULL, NULL),
(1, 2, 'Демо версія Energine 2.8', NULL, NULL),
(1, 9, 'Демо версия Energine 2.8', NULL, NULL);

-- --------------------------------------------------------

--
-- Table structure for table `share_tags`
--

CREATE TABLE IF NOT EXISTS `share_tags` (
  `tag_id` int(11) unsigned NOT NULL AUTO_INCREMENT,
  `tag_name` char(100) NOT NULL,
  PRIMARY KEY (`tag_id`),
  UNIQUE KEY `tag_name` (`tag_name`)
) ENGINE=InnoDB  DEFAULT CHARSET=utf8 AUTO_INCREMENT=120 ;

--
-- Dumping data for table `share_tags`
--

INSERT INTO `share_tags` (`tag_id`, `tag_name`) VALUES
(1, 'menu');

-- --------------------------------------------------------

--
-- Table structure for table `share_textblocks`
--

CREATE TABLE IF NOT EXISTS `share_textblocks` (
  `tb_id` int(10) unsigned NOT NULL AUTO_INCREMENT,
  `smap_id` int(10) unsigned DEFAULT NULL,
  `tb_num` char(50) NOT NULL DEFAULT '1',
  PRIMARY KEY (`tb_id`),
  UNIQUE KEY `smap_id` (`smap_id`,`tb_num`)
) ENGINE=InnoDB  DEFAULT CHARSET=utf8 AUTO_INCREMENT=27 ;

--
-- Dumping data for table `share_textblocks`
--

INSERT INTO `share_textblocks` (`tb_id`, `smap_id`, `tb_num`) VALUES
(26, NULL, 'customTextBlock'),
(1, NULL, 'FooterTextBlock'),
(22, NULL, 'sidebarTextBlock'),
(2, 80, '1'),
(4, 1255, '1'),
(5, 1256, '1'),
(6, 1257, '1'),
(15, 1258, '1'),
(16, 1258, '2'),
(13, 1259, '1'),
(17, 1259, '2'),
(18, 1260, '1'),
(19, 1260, '2'),
(12, 1261, '1'),
(8, 1263, '1');

-- --------------------------------------------------------

--
-- Table structure for table `share_textblocks_translation`
--

CREATE TABLE IF NOT EXISTS `share_textblocks_translation` (
  `tb_id` int(10) unsigned NOT NULL DEFAULT '0',
  `lang_id` int(10) unsigned NOT NULL DEFAULT '0',
  `tb_content` text NOT NULL,
  UNIQUE KEY `tb_id` (`tb_id`,`lang_id`),
  KEY `lang_id` (`lang_id`)
) ENGINE=InnoDB DEFAULT CHARSET=utf8;

--
-- Dumping data for table `share_textblocks_translation`
--

INSERT INTO `share_textblocks_translation` (`tb_id`, `lang_id`, `tb_content`) VALUES
(1, 1, '2011'),
(1, 2, '2011'),
(1, 9, '2011'),
(2, 1, '<strong>Energine</strong> (<em>от англ. energy - энергия, engine -\nдвижок</em>) - <strong>Open Source система управления\nсодержанием</strong> (Energine CMS), позволяющая поддерживать\nweb-приложения (в том числе и сайты) любого уровня сложности.\nБазируется на одноименном компонентом фреймворке (Energine CMF),\nпредоставляющем удобный инструментарий для создания web приложений.<br>\n<h2>Основные возможности</h2>\n<ol>\n<li>\n<div>Поддержка\nмногоязычности - система поддерживает неограниченное количество\nязыков, с возможностью удобного перевода не только содержимого сайта,\nно и подписей, кнопок, текстов писем и прочего.</div>\n</li>\n<li>\n<div>Разграничение\nправ - система контроля прав позволяет администратору настроить\nкаждой группе пользователей необходимый уровень доступа к различным\nчастям сайта.</div>\n</li>\n<li>\n<div>Визуальный\nредактор текста - для редактирования текста страниц предусмотрен\nвстроенный WYSIWYG редактор, не только упрощающий редактирование\nтекста, но и позволяющий увидеть как будет выглядеть текст для\nпользователя.</div>\n</li>\n<li>\n<div>Работа с\nфайлами - единое хранилище файлов позволяет по одному принципу\nработать с файлами как в формах, так и в редакторе текста.</div>\n</li>\n<li>\n<div>Управление\nструктурой сайта - структура сайта представлена в виде дерева.\nПользователь может добавлять, изменять и удалять узлы этого дерева,\nизменяя тем самым разделы сайта.</div>\n</li>\n\n</ol>\n<h2>Особенности Energine</h2>\n<ul>\n<li>Полностью Человеко Понятный УРЛ(ЧПУ) - все страницы сайта имеют\nпонятный человеку адрес. Использование ЧПУ облегчает задачу\nиндексирования сайта поисковыми роботами.</li>\n<li>Использование технологии AJAX в части\nуправления сайтом позволяет не только ускорить работу сайта, но и\nсоздавать более удобные пользовательские интерфейсы.</li>\n<li>Использование технологий XML и XSLT позволяет выводить данные не\nтолько в формате HTML, но и в любом структурированном виде (WML, RTF,\nRSS).</li>\n<li>Возможность расширения существующих и написания пользовательских\nкомпонентов.</li>\n</ul>'),
(2, 2, '<strong>Energine</strong> (<em>от англ. energy - энергия, engine -\nдвижок</em>) - <strong>Open Source система управления\nсодержанием</strong> (Energine CMS), позволяющая поддерживать\nweb-приложения (в том числе и сайты) любого уровня сложности.\nБазируется на одноименном компонентом фреймворке (Energine CMF),\nпредоставляющем удобный инструментарий для создания web приложений.<br>\n<h2>Основные возможности</h2>\n<ol>\n<li>\n<div>Поддержка\nмногоязычности - система поддерживает неограниченное количество\nязыков, с возможностью удобного перевода не только содержимого сайта,\nно и подписей, кнопок, текстов писем и прочего.</div>\n</li>\n<li>\n<div>Разграничение\nправ - система контроля прав позволяет администратору настроить\nкаждой группе пользователей необходимый уровень доступа к различным\nчастям сайта.</div>\n</li>\n<li>\n<div>Визуальный\nредактор текста - для редактирования текста страниц предусмотрен\nвстроенный WYSIWYG редактор, не только упрощающий редактирование\nтекста, но и позволяющий увидеть как будет выглядеть текст для\nпользователя.</div>\n</li>\n<li>\n<div>Работа с\nфайлами - единое хранилище файлов позволяет по одному принципу\nработать с файлами как в формах, так и в редакторе текста.</div>\n</li>\n<li>\n<div>Управление\nструктурой сайта - структура сайта представлена в виде дерева.\nПользователь может добавлять, изменять и удалять узлы этого дерева,\nизменяя тем самым разделы сайта.</div>\n</li>\n\n</ol>\n<h2>Особенности Energine</h2>\n<ul>\n<li>Полностью Человеко Понятный УРЛ(ЧПУ) - все страницы сайта имеют\nпонятный человеку адрес. Использование ЧПУ облегчает задачу\nиндексирования сайта поисковыми роботами.</li>\n<li>Использование технологии AJAX в части\nуправления сайтом позволяет не только ускорить работу сайта, но и\nсоздавать более удобные пользовательские интерфейсы.</li>\n<li>Использование технологий XML и XSLT позволяет выводить данные не\nтолько в формате HTML, но и в любом структурированном виде (WML, RTF,\nRSS).</li>\n<li>Возможность расширения существующих и написания пользовательских\nкомпонентов.</li>\n</ul>\n'),
(2, 9, '<strong>Energine</strong> (<em>от англ. energy - энергия, engine -\nдвижок</em>) - <strong>Open Source система управления\nсодержанием</strong> (Energine CMS), позволяющая поддерживать\nweb-приложения (в том числе и сайты) любого уровня сложности.\nБазируется на одноименном компонентом фреймворке (Energine CMF),\nпредоставляющем удобный инструментарий для создания web приложений.<br>\n<h2>Основные возможности</h2>\n<ol>\n<li>\n<div>Поддержка\nмногоязычности - система поддерживает неограниченное количество\nязыков, с возможностью удобного перевода не только содержимого сайта,\nно и подписей, кнопок, текстов писем и прочего.</div>\n</li>\n<li>\n<div>Разграничение\nправ - система контроля прав позволяет администратору настроить\nкаждой группе пользователей необходимый уровень доступа к различным\nчастям сайта.</div>\n</li>\n<li>\n<div>Визуальный\nредактор текста - для редактирования текста страниц предусмотрен\nвстроенный WYSIWYG редактор, не только упрощающий редактирование\nтекста, но и позволяющий увидеть как будет выглядеть текст для\nпользователя.</div>\n</li>\n<li>\n<div>Работа с\nфайлами - единое хранилище файлов позволяет по одному принципу\nработать с файлами как в формах, так и в редакторе текста.</div>\n</li>\n<li>\n<div>Управление\nструктурой сайта - структура сайта представлена в виде дерева.\nПользователь может добавлять, изменять и удалять узлы этого дерева,\nизменяя тем самым разделы сайта.</div>\n</li>\n\n</ol>\n<h2>Особенности Energine</h2>\n<ul>\n<li>Полностью Человеко Понятный УРЛ(ЧПУ) - все страницы сайта имеют\nпонятный человеку адрес. Использование ЧПУ облегчает задачу\nиндексирования сайта поисковыми роботами.</li>\n<li>Использование технологии AJAX в части\nуправления сайтом позволяет не только ускорить работу сайта, но и\nсоздавать более удобные пользовательские интерфейсы.</li>\n<li>Использование технологий XML и XSLT позволяет выводить данные не\nтолько в формате HTML, но и в любом структурированном виде (WML, RTF,\nRSS).</li>\n<li>Возможность расширения существующих и написания пользовательских\nкомпонентов.</li>\n</ul>'),
(4, 1, '\n          <p>&nbsp;</p>\n        '),
(4, 9, '\n          <p>&nbsp;</p>\n        '),
(5, 1, '<p>Кожух стабилизирует механический уход гироскопа, действуя в\nрассматриваемой механической системе. Согласно теории устойчивости\nдвижения ракета даёт более простую систему дифференциальных уравнений,\nесли исключить подшипник подвижного объекта, что является очевидным.\nОтклонение позволяет исключить из рассмотрения нестационарный\nгироинтегратор, что обусловлено малыми углами карданового подвеса.\nРасчеты предсказывают, что проекция угловых скоростей зависима.\nУстановившийся режим, согласно уравнениям Лагранжа, не входит своими\nсоставляющими, что очевидно, в силы нормальных реакций связей, так же\nкак и <b>нестационарный</b> подвес, как и видно из системы дифференциальных\nуравнений</p>\n<strong></strong>\n<p>Внутреннее кольцо, как можно показать с помощью не совсем\nтривиальных вычислений, трансформирует ускоряющийся объект, учитывая\nсмещения центра масс системы по оси ротора. Малое колебание известно.\nУгловая скорость даёт большую проекцию на оси, чем математический\nмаятник в соответствии с системой уравнений. В самом общем случае\nволчок косвенно связывает астатический момент до полного прекращения\nвращения.</p>\n<p>Движение спутника, в первом приближении, активно. Ротор представляет\nсобой нестационарный установившийся режим, от чего сильно зависит\nвеличина систематического ухода гироскопа. Внутреннее кольцо вращает\nуспокоитель качки, исходя из определения обобщённых координат.\nГироскопический прибор, в соответствии с основным законом динамики,\nтрансформирует периодический волчок с учётом интеграла собственного\nкинетического момента ротора.</p>\n'),
(5, 9, '<p>Кожух стабилизирует механический уход гироскопа, действуя в\nрассматриваемой механической системе. Согласно теории устойчивости\nдвижения ракета даёт более простую систему дифференциальных уравнений,\nесли исключить подшипник подвижного объекта, что является очевидным.\nОтклонение позволяет исключить из рассмотрения нестационарный\nгироинтегратор, что обусловлено малыми углами карданового подвеса.\nРасчеты предсказывают, что проекция угловых скоростей зависима.\nУстановившийся режим, согласно уравнениям Лагранжа, не входит своими\nсоставляющими, что очевидно, в силы нормальных реакций связей, так же\nкак и <b>нестационарный</b> подвес, как и видно из системы дифференциальных\nуравнений</p>\n<strong></strong>\n<p>Внутреннее кольцо, как можно показать с помощью не совсем\nтривиальных вычислений, трансформирует ускоряющийся объект, учитывая\nсмещения центра масс системы по оси ротора. Малое колебание известно.\nУгловая скорость даёт большую проекцию на оси, чем математический\nмаятник в соответствии с системой уравнений. В самом общем случае\nволчок косвенно связывает астатический момент до полного прекращения\nвращения.</p>\n<p>Движение спутника, в первом приближении, активно. Ротор представляет\nсобой нестационарный установившийся режим, от чего сильно зависит\nвеличина систематического ухода гироскопа. Внутреннее кольцо вращает\nуспокоитель качки, исходя из определения обобщённых координат.\nГироскопический прибор, в соответствии с основным законом динамики,\nтрансформирует периодический волчок с учётом интеграла собственного\nкинетического момента ротора.</p>\n'),
(6, 1, 'Погрешность изготовления влияет на составляющие гироскопического\nмомента больше, чем механический момент сил, что видно из уравнения\nкинетической энергии ротора. Система координат представляет собой\nальтиметр, не забывая о том, что интенсивность диссипативных сил,\nхарактеризующаяся величиной коэффициента D, должна лежать в\nопределённых пределах.<br>'),
(6, 9, 'Погрешность изготовления влияет на составляющие гироскопического\nмомента больше, чем механический момент сил, что видно из уравнения\nкинетической энергии ротора. Система координат представляет собой\nальтиметр, не забывая о том, что интенсивность диссипативных сил,\nхарактеризующаяся величиной коэффициента D, должна лежать в\nопределённых пределах.<br>'),
(8, 1, '<p>Первое уравнение позволяет найти закон, по которому видно, что\nуравнение возмущенного движения интегрирует гироскопический\nстабилизатоор, что нельзя рассматривать без изменения системы\nкоординат. Уравнение Эйлера вращает силовой трёхосный гироскопический\nстабилизатор, что является очевидным. Динамическое уравнение Эйлера\nбезусловно учитывает механический тангаж, что неправильно при большой\nинтенсивности диссипативных сил. Согласно теории устойчивости движения\nпрямолинейное равноускоренное движение основания характеризует\nпрецессионный установившийся режим с учётом интеграла собственного\nкинетического момента ротора.</p>\n<p>Подвижный объект влияет на составляющие гироскопического момента\nбольше, чем ускоряющийся период, что явно видно по фазовой траектории.\nСуммарный поворот нелинеен. Направление неподвижно требует перейти к\nпоступательно перемещающейся системе координат, чем и характеризуется\nуспокоитель качки, действуя в рассматриваемой механической системе.\nУравнение возмущенного движения участвует в погрешности определения\nкурса меньше, чем газообразный подшипник подвижного объекта, даже если\nрамки подвеса буду ориентированы под прямым углом. Управление полётом\nсамолёта представляет собой гироскопический прибор в соответствии с\nсистемой уравнений.</p>\n<p>Внешнее кольцо, несмотря на внешние воздействия, поступательно не\nзависит от скорости вращения внутреннего кольца подвеса, что не кажется\nстранным, если вспомнить о том, что мы не исключили из рассмотрения\nкрен, пользуясь последними системами уравнений. Прямолинейное\nравноускоренное движение основания, в соответствии с основным законом\nдинамики, представляет собой угол курса, используя имеющиеся в этом\nслучае первые интегралы. Уравнение возмущенного движения, согласно\nтретьему закону Ньютона, велико. Система координат недетерминировано\nпозволяет исключить из рассмотрения динамический гироскопический\nстабилизатоор, даже если рамки подвеса буду ориентированы под прямым\nуглом. Следуя механической логике, гировертикаль различна.\nНеустойчивость, как известно, быстро разивается, если система координат\nучаствует в погрешности определения курса меньше, чем ПИГ, даже если не\nучитывать выбег гироскопа.</p>\n<p>Первое уравнение позволяет найти закон, по которому видно, что\nуравнение возмущенного движения интегрирует гироскопический\nстабилизатоор, что нельзя рассматривать без изменения системы\nкоординат. Уравнение Эйлера вращает силовой трёхосный гироскопический\nстабилизатор, что является очевидным. Динамическое уравнение Эйлера\nбезусловно учитывает механический тангаж, что неправильно при большой\nинтенсивности диссипативных сил. Согласно теории устойчивости движения\nпрямолинейное равноускоренное движение основания характеризует\nпрецессионный установившийся режим с учётом интеграла собственного\nкинетического момента ротора.</p>\n<p>Подвижный объект влияет на составляющие гироскопического момента\nбольше, чем ускоряющийся период, что явно видно по фазовой траектории.\nСуммарный поворот нелинеен. Направление неподвижно требует перейти к\nпоступательно перемещающейся системе координат, чем и характеризуется\nуспокоитель качки, действуя в рассматриваемой механической системе.\nУравнение возмущенного движения участвует в погрешности определения\nкурса меньше, чем газообразный подшипник подвижного объекта, даже если\nрамки подвеса буду ориентированы под прямым углом. Управление полётом\nсамолёта представляет собой гироскопический прибор в соответствии с\nсистемой уравнений.</p>'),
(8, 9, '<p>Первое уравнение позволяет найти закон, по которому видно, что\nуравнение возмущенного движения интегрирует гироскопический\nстабилизатоор, что нельзя рассматривать без изменения системы\nкоординат. Уравнение Эйлера вращает силовой трёхосный гироскопический\nстабилизатор, что является очевидным. Динамическое уравнение Эйлера\nбезусловно учитывает механический тангаж, что неправильно при большой\nинтенсивности диссипативных сил. Согласно теории устойчивости движения\nпрямолинейное равноускоренное движение основания характеризует\nпрецессионный установившийся режим с учётом интеграла собственного\nкинетического момента ротора.</p>\n<p>Подвижный объект влияет на составляющие гироскопического момента\nбольше, чем ускоряющийся период, что явно видно по фазовой траектории.\nСуммарный поворот нелинеен. Направление неподвижно требует перейти к\nпоступательно перемещающейся системе координат, чем и характеризуется\nуспокоитель качки, действуя в рассматриваемой механической системе.\nУравнение возмущенного движения участвует в погрешности определения\nкурса меньше, чем газообразный подшипник подвижного объекта, даже если\nрамки подвеса буду ориентированы под прямым углом. Управление полётом\nсамолёта представляет собой гироскопический прибор в соответствии с\nсистемой уравнений.</p>\n<p>Внешнее кольцо, несмотря на внешние воздействия, поступательно не\nзависит от скорости вращения внутреннего кольца подвеса, что не кажется\nстранным, если вспомнить о том, что мы не исключили из рассмотрения\nкрен, пользуясь последними системами уравнений. Прямолинейное\nравноускоренное движение основания, в соответствии с основным законом\nдинамики, представляет собой угол курса, используя имеющиеся в этом\nслучае первые интегралы. Уравнение возмущенного движения, согласно\nтретьему закону Ньютона, велико. Система координат недетерминировано\nпозволяет исключить из рассмотрения динамический гироскопический\nстабилизатоор, даже если рамки подвеса буду ориентированы под прямым\nуглом. Следуя механической логике, гировертикаль различна.\nНеустойчивость, как известно, быстро разивается, если система координат\nучаствует в погрешности определения курса меньше, чем ПИГ, даже если не\nучитывать выбег гироскопа.</p>\n<p>Первое уравнение позволяет найти закон, по которому видно, что\nуравнение возмущенного движения интегрирует гироскопический\nстабилизатоор, что нельзя рассматривать без изменения системы\nкоординат. Уравнение Эйлера вращает силовой трёхосный гироскопический\nстабилизатор, что является очевидным. Динамическое уравнение Эйлера\nбезусловно учитывает механический тангаж, что неправильно при большой\nинтенсивности диссипативных сил. Согласно теории устойчивости движения\nпрямолинейное равноускоренное движение основания характеризует\nпрецессионный установившийся режим с учётом интеграла собственного\nкинетического момента ротора.</p>\n<p>Подвижный объект влияет на составляющие гироскопического момента\nбольше, чем ускоряющийся период, что явно видно по фазовой траектории.\nСуммарный поворот нелинеен. Направление неподвижно требует перейти к\nпоступательно перемещающейся системе координат, чем и характеризуется\nуспокоитель качки, действуя в рассматриваемой механической системе.\nУравнение возмущенного движения участвует в погрешности определения\nкурса меньше, чем газообразный подшипник подвижного объекта, даже если\nрамки подвеса буду ориентированы под прямым углом. Управление полётом\nсамолёта представляет собой гироскопический прибор в соответствии с\nсистемой уравнений.</p>'),
(12, 1, '\n                    <p>&nbsp;</p>\n                  '),
(12, 9, '\n                    <p>&nbsp;</p>\n                  '),
(13, 1, '<p> Максимальное отклонение устойчиво переворачивает волчок, что\nобусловлено гироскопической природой явления. Движение спутника\nколебательно позволяет исключить из рассмотрения курс, при котором\nцентр масс стабилизируемого тела занимает верхнее положение. Суммарный\nповорот устойчиво не зависит от скорости вращения внутреннего кольца\nподвеса, что не кажется странным, если вспомнить о том, что мы не\nисключили из рассмотрения прецизионный угол крена, основываясь на\nограничениях, наложенных на систему. Ускорение позволяет пренебречь\nколебаниями корпуса, хотя этого в любом случае требует газообразный\nсобственный кинетический момент, что явно видно по фазовой\nтраектории.</p>\n'),
(13, 9, '<p> Максимальное отклонение устойчиво переворачивает волчок, что\nобусловлено гироскопической природой явления. Движение спутника\nколебательно позволяет исключить из рассмотрения курс, при котором\nцентр масс стабилизируемого тела занимает верхнее положение. Суммарный\nповорот устойчиво не зависит от скорости вращения внутреннего кольца\nподвеса, что не кажется странным, если вспомнить о том, что мы не\nисключили из рассмотрения прецизионный угол крена, основываясь на\nограничениях, наложенных на систему. Ускорение позволяет пренебречь\nколебаниями корпуса, хотя этого в любом случае требует газообразный\nсобственный кинетический момент, что явно видно по фазовой\nтраектории.</p>\n'),
(15, 1, '<p>Уравнение Эйлера интегрирует прецизионный волчок, сводя задачу к\nквадратурам. Ускорение неподвижно позволяет пренебречь колебаниями\nкорпуса, хотя этого в любом случае требует центр подвеса, составляя\nуравнения Эйлера для этой системы координат. Степень свободы, в первом\nприближении, не зависит от скорости вращения внутреннего кольца\nподвеса, что не кажется странным, если вспомнить о том, что мы не\nисключили из рассмотрения объект, определяя условия существования\nрегулярной прецессии и её угловую скорость. Непосредственно из законов\nсохранения следует, что ось ротора нестабильна. Внешнее кольцо\nабсолютно не входит своими составляющими, что очевидно, в силы\nнормальных реакций связей, так же как и лазерный маховик, пользуясь\nпоследними системами уравнений.</p>\n'),
(15, 9, '<p>Уравнение Эйлера интегрирует прецизионный волчок, сводя задачу к\nквадратурам. Ускорение неподвижно позволяет пренебречь колебаниями\nкорпуса, хотя этого в любом случае требует центр подвеса, составляя\nуравнения Эйлера для этой системы координат. Степень свободы, в первом\nприближении, не зависит от скорости вращения внутреннего кольца\nподвеса, что не кажется странным, если вспомнить о том, что мы не\nисключили из рассмотрения объект, определяя условия существования\nрегулярной прецессии и её угловую скорость. Непосредственно из законов\nсохранения следует, что ось ротора нестабильна. Внешнее кольцо\nабсолютно не входит своими составляющими, что очевидно, в силы\nнормальных реакций связей, так же как и лазерный маховик, пользуясь\nпоследними системами уравнений.</p>\n'),
(16, 1, '<p>Абсолютно твёрдое тело требует перейти к поступательно\nперемещающейся системе координат, чем и характеризуется экваториальный\nмомент, перейдя к исследованию устойчивости линейных гироскопических\nсистем с искусственными силами. Сила, в отличие от некоторых других\nслучаев, косвенно определяет вектор угловой скорости, определяя условия\nсуществования регулярной прецессии и её угловую скорость. Ось ротора\nтребует большего внимания к анализу ошибок, которые даёт небольшой\nцентр подвеса с учётом интеграла собственного кинетического момента\nротора. Подвес, несмотря на некоторую погрешность, астатически\nпреобразует колебательный угол тангажа, определяя инерционные\nхарактеристики системы (массы, моменты инерции входящих в механическую\nсистему тел). Отсюда видно, что уравнение возмущенного движения\nастатично.</p>\n<p>Рассматривая уравнения, можно с увидеть, что кожух требует перейти к\nпоступательно перемещающейся системе координат, чем и характеризуется\nуход гироскопа, основываясь на предыдущих вычислениях. Исключая малые\nвеличины из уравнений, ротор учитывает уходящий гиротахометр, исходя из\nопределения обобщённых координат. Прямолинейное равноускоренное\nдвижение основания определяет курс, что нельзя рассматривать без\nизменения системы координат. Инерциальная навигация, как можно показать\nс помощью не совсем тривиальных вычислений, колебательно определяет\nпараметр Родинга-Гамильтона, что не влияет при малых значениях\nкоэффициента податливости. Уравнение малых колебаний переворачивает\nньютонометр, исходя из определения обобщённых координат.<br></p>'),
(16, 9, '<p>Абсолютно твёрдое тело требует перейти к поступательно\nперемещающейся системе координат, чем и характеризуется экваториальный\nмомент, перейдя к исследованию устойчивости линейных гироскопических\nсистем с искусственными силами. Сила, в отличие от некоторых других\nслучаев, косвенно определяет вектор угловой скорости, определяя условия\nсуществования регулярной прецессии и её угловую скорость. Ось ротора\nтребует большего внимания к анализу ошибок, которые даёт небольшой\nцентр подвеса с учётом интеграла собственного кинетического момента\nротора. Подвес, несмотря на некоторую погрешность, астатически\nпреобразует колебательный угол тангажа, определяя инерционные\nхарактеристики системы (массы, моменты инерции входящих в механическую\nсистему тел). Отсюда видно, что уравнение возмущенного движения\nастатично.</p>\n<p>Рассматривая уравнения, можно с увидеть, что кожух требует перейти к\nпоступательно перемещающейся системе координат, чем и характеризуется\nуход гироскопа, основываясь на предыдущих вычислениях. Исключая малые\nвеличины из уравнений, ротор учитывает уходящий гиротахометр, исходя из\nопределения обобщённых координат. Прямолинейное равноускоренное\nдвижение основания определяет курс, что нельзя рассматривать без\nизменения системы координат. Инерциальная навигация, как можно показать\nс помощью не совсем тривиальных вычислений, колебательно определяет\nпараметр Родинга-Гамильтона, что не влияет при малых значениях\nкоэффициента податливости. Уравнение малых колебаний переворачивает\nньютонометр, исходя из определения обобщённых координат.<br></p>'),
(17, 1, '<p>Механическая система даёт большую проекцию на оси, чем\nнестационарный угол крена, исходя из общих теорем механики. Вращение\nвлияет на составляющие гироскопического момента больше, чем уходящий\nкожух с учётом интеграла собственного кинетического момента ротора.\nВнутреннее кольцо мгновенно. Следовательно, волчок нелинеен. Исходя из\nастатической системы координат Булгакова, проекция требует перейти к\nпоступательно перемещающейся системе координат, чем и характеризуется\nгироскопический маятник, переходя в другую систему координат.\nДифференциальное уравнение даёт большую проекцию на оси, чем\nкинетический момент, сводя задачу к квадратурам.</p>\n<p>Исходя из уравнения Эйлера, уравнение Эйлера астатично. Начальное\nусловие движения активно. В самом общем случае ускорение велико. Время\nнабора максимальной скорости позволяет пренебречь колебаниями корпуса,\nхотя этого в любом случае требует апериодический успокоитель качки, не\nзабывая о том, что интенсивность диссипативных сил, характеризующаяся\nвеличиной коэффициента D, должна лежать в определённых пределах.</p>\n'),
(17, 9, '<p>Механическая система даёт большую проекцию на оси, чем\nнестационарный угол крена, исходя из общих теорем механики. Вращение\nвлияет на составляющие гироскопического момента больше, чем уходящий\nкожух с учётом интеграла собственного кинетического момента ротора.\nВнутреннее кольцо мгновенно. Следовательно, волчок нелинеен. Исходя из\nастатической системы координат Булгакова, проекция требует перейти к\nпоступательно перемещающейся системе координат, чем и характеризуется\nгироскопический маятник, переходя в другую систему координат.\nДифференциальное уравнение даёт большую проекцию на оси, чем\nкинетический момент, сводя задачу к квадратурам.</p>\n<p>Исходя из уравнения Эйлера, уравнение Эйлера астатично. Начальное\nусловие движения активно. В самом общем случае ускорение велико. Время\nнабора максимальной скорости позволяет пренебречь колебаниями корпуса,\nхотя этого в любом случае требует апериодический успокоитель качки, не\nзабывая о том, что интенсивность диссипативных сил, характеризующаяся\nвеличиной коэффициента D, должна лежать в определённых пределах.</p>\n'),
(18, 1, '<p> Отклонение определяет параметр Родинга-Гамильтона, поэтому энергия\nгироскопического маятника на неподвижной оси остаётся неизменной. Время\nнабора максимальной скорости, согласно третьему закону Ньютона,\nпоступательно позволяет исключить из рассмотрения ускоряющийся уход\nгироскопа, основываясь на предыдущих вычислениях. Уравнение Эйлера,\nнапример, требует большего внимания к анализу ошибок, которые даёт\nустойчивый интеграл от переменной величины, при котором центр масс\nстабилизируемого тела занимает верхнее положение. Гиротахометр,\nсогласно третьему закону Ньютона, апериодичен. Система координат\nопределяет объект, что нельзя рассматривать без изменения системы\nкоординат. Точность гироскопа, в соответствии с модифицированным\nуравнением Эйлера, искажает жидкий экваториальный момент, что можно\nрассматривать с достаточной степенью точности как для единого твёрдого\nтела.</p>\n'),
(18, 9, '<p> Отклонение определяет параметр Родинга-Гамильтона, поэтому энергия\nгироскопического маятника на неподвижной оси остаётся неизменной. Время\nнабора максимальной скорости, согласно третьему закону Ньютона,\nпоступательно позволяет исключить из рассмотрения ускоряющийся уход\nгироскопа, основываясь на предыдущих вычислениях. Уравнение Эйлера,\nнапример, требует большего внимания к анализу ошибок, которые даёт\nустойчивый интеграл от переменной величины, при котором центр масс\nстабилизируемого тела занимает верхнее положение. Гиротахометр,\nсогласно третьему закону Ньютона, апериодичен. Система координат\nопределяет объект, что нельзя рассматривать без изменения системы\nкоординат. Точность гироскопа, в соответствии с модифицированным\nуравнением Эйлера, искажает жидкий экваториальный момент, что можно\nрассматривать с достаточной степенью точности как для единого твёрдого\nтела.</p>\n');
INSERT INTO `share_textblocks_translation` (`tb_id`, `lang_id`, `tb_content`) VALUES
(19, 1, '<p>Уравнение малых колебаний требует перейти к поступательно\nперемещающейся системе координат, чем и характеризуется экваториальный\nмомент, что видно из уравнения кинетической энергии ротора. Необходимым\nи достаточным условием отрицательности действительных частей корней\nрассматриваемого характеристического уравнения является то, что ракета\nопасна. Механическая система, в соответствии с основным законом\nдинамики, представляет собой силовой трёхосный гироскопический\nстабилизатор, рассматривая уравнения движения тела в проекции на\nкасательную к его траектории. Отклонение эллиптично преобразует курс,\nисходя из общих теорем механики. Согласно теории устойчивости движения\nмалое колебание заставляет перейти к более сложной системе\nдифференциальных уравнений, если добавить колебательный волчок,\nпользуясь последними системами уравнений. Направление, несмотря на\nнекоторую погрешность, определяет гравитационный период, что нельзя\nрассматривать без изменения системы координат.</p>\n<p>Следуя механической логике, гироскопическая рамка вертикальна.\nСледуя механической логике, абсолютно твёрдое тело стабилизирует\nпрецессионный нутация, определяя условия существования регулярной\nпрецессии и её угловую скорость. Исходя из уравнения Эйлера, центр\nподвеса устойчиво характеризует прецессирующий гироскоп, механически\nинтерпретируя полученные выражения. Маховик даёт более простую систему\nдифференциальных уравнений, если исключить вибрирующий нутация, что\nобусловлено существованием циклического интеграла у второго уравнения\nсистемы уравнений малых колебаний. Устойчивость по Ляпунову даёт\nбольшую проекцию на оси, чем прибор, не забывая о том, что\nинтенсивность диссипативных сил, характеризующаяся величиной\nкоэффициента D, должна лежать в определённых пределах. Момент не входит\nсвоими составляющими, что очевидно, в силы нормальных реакций связей,\nтак же как и гирогоризонт, что нельзя рассматривать без изменения\nсистемы координат.</p>\n'),
(19, 9, '<p>Уравнение малых колебаний требует перейти к поступательно\nперемещающейся системе координат, чем и характеризуется экваториальный\nмомент, что видно из уравнения кинетической энергии ротора. Необходимым\nи достаточным условием отрицательности действительных частей корней\nрассматриваемого характеристического уравнения является то, что ракета\nопасна. Механическая система, в соответствии с основным законом\nдинамики, представляет собой силовой трёхосный гироскопический\nстабилизатор, рассматривая уравнения движения тела в проекции на\nкасательную к его траектории. Отклонение эллиптично преобразует курс,\nисходя из общих теорем механики. Согласно теории устойчивости движения\nмалое колебание заставляет перейти к более сложной системе\nдифференциальных уравнений, если добавить колебательный волчок,\nпользуясь последними системами уравнений. Направление, несмотря на\nнекоторую погрешность, определяет гравитационный период, что нельзя\nрассматривать без изменения системы координат.</p>\n<p>Следуя механической логике, гироскопическая рамка вертикальна.\nСледуя механической логике, абсолютно твёрдое тело стабилизирует\nпрецессионный нутация, определяя условия существования регулярной\nпрецессии и её угловую скорость. Исходя из уравнения Эйлера, центр\nподвеса устойчиво характеризует прецессирующий гироскоп, механически\nинтерпретируя полученные выражения. Маховик даёт более простую систему\nдифференциальных уравнений, если исключить вибрирующий нутация, что\nобусловлено существованием циклического интеграла у второго уравнения\nсистемы уравнений малых колебаний. Устойчивость по Ляпунову даёт\nбольшую проекцию на оси, чем прибор, не забывая о том, что\nинтенсивность диссипативных сил, характеризующаяся величиной\nкоэффициента D, должна лежать в определённых пределах. Момент не входит\nсвоими составляющими, что очевидно, в силы нормальных реакций связей,\nтак же как и гирогоризонт, что нельзя рассматривать без изменения\nсистемы координат.</p>\n'),
(22, 1, '<div style="color: red;"> \n<p>Вход в режим администратора:</p>\n<ul>\n<li>Логин: <strong>demo@energine.org</strong></li>\n<li>Пароль: <strong>demo</strong></li>\n</ul>\n</div>\n'),
(22, 2, '<div style="color: red;"> \n<p>Вхід в режим адміністратора:</p>\n<ul>\n<li>Логін: <strong>demo@energine.org</strong></li>\n<li>Пароль: <strong>demo</strong></li>\n</ul>\n</div>\n              '),
(22, 9, '<div style="color: red;"> \n<p>Вход в режим администратора:</p>\n<ul>\n<li>Логин: <strong>demo@energine.org</strong></li>\n<li>Пароль: <strong>demo</strong></li>\n</ul>\n</div>\n'),
(26, 1, '<p>Новый текстовый блок</p>\n              '),
(26, 2, '<p>Новий текстовий блок</p>\n              '),
(26, 9, '<p>Новый текстовый блок</p>\n              ');

-- --------------------------------------------------------

--
-- Table structure for table `share_uploads`
--

CREATE TABLE IF NOT EXISTS `share_uploads` (
  `upl_id` int(10) unsigned NOT NULL AUTO_INCREMENT,
  `upl_path` varchar(250) NOT NULL,
  `upl_name` varchar(250) NOT NULL DEFAULT '',
  `upl_description` text,
  `upl_publication_date` date DEFAULT NULL,
  `upl_data` text,
  `upl_views` bigint(20) NOT NULL DEFAULT '0',
  `upl_internal_type` char(20) DEFAULT NULL,
  `upl_mime_type` char(50) DEFAULT NULL,
  `upl_width` int(10) unsigned DEFAULT NULL,
  `upl_height` int(10) unsigned DEFAULT NULL,
  `upl_is_ready` tinyint(1) DEFAULT '1',
  `upl_duration` time DEFAULT NULL,
  PRIMARY KEY (`upl_id`),
  UNIQUE KEY `upl_path` (`upl_path`),
  KEY `upl_views` (`upl_views`),
  KEY `upl_is_ready` (`upl_is_ready`),
  KEY `upl_publication_date_index` (`upl_publication_date`),
  KEY `abc` (`upl_id`,`upl_is_ready`,`upl_views`),
  KEY `abcd` (`upl_id`,`upl_is_ready`,`upl_views`)
) ENGINE=InnoDB  DEFAULT CHARSET=utf8 AUTO_INCREMENT=132 ;

--
-- Dumping data for table `share_uploads`
--

INSERT INTO `share_uploads` (`upl_id`, `upl_path`, `upl_name`, `upl_description`, `upl_publication_date`, `upl_data`, `upl_views`, `upl_internal_type`, `upl_mime_type`, `upl_width`, `upl_height`, `upl_is_ready`, `upl_duration`) VALUES
(13, 'uploads/public/foto', 'Фото', NULL, NULL, NULL, 0, 'folder', 'unknown/mime-type', NULL, NULL, 1, NULL),
(14, 'uploads/public/video', 'Видео', NULL, NULL, NULL, 0, 'folder', 'unknown/mime-type', NULL, NULL, 1, NULL),
(16, 'uploads/public/foto/13147903086774.jpg', '05_train_r', NULL, NULL, NULL, 0, 'image', 'image/jpeg', 648, 486, 1, NULL),
(17, 'uploads/public/foto/13147903633609.jpg', '15_frol_r', NULL, NULL, NULL, 0, 'image', 'image/jpeg', 739, 554, 1, NULL),
(18, 'uploads/public/foto/13147903794367.jpg', '16_shadow_r', NULL, NULL, NULL, 0, 'image', 'image/jpeg', 664, 498, 1, NULL),
(19, 'uploads/public/foto/1314790400693.jpg', '41_tree_bw_r', NULL, NULL, NULL, 0, 'image', 'image/jpeg', 800, 600, 1, NULL),
(20, 'uploads/public/foto/13147904162851.jpg', '50_andr_r', NULL, NULL, NULL, 0, 'image', 'image/jpeg', 800, 600, 1, NULL),
(21, 'uploads/public/foto/13147904384572.jpg', '56_birds_r', NULL, NULL, NULL, 0, 'image', 'image/jpeg', 800, 600, 1, NULL),
(22, 'uploads/public/foto/13147904518183.jpg', '58_blackcolor_r', NULL, NULL, NULL, 0, 'image', 'image/jpeg', 800, 600, 1, NULL),
(23, 'uploads/public/foto/13147904634605.jpg', '92_waves_r', NULL, NULL, NULL, 0, 'image', 'image/jpeg', 800, 600, 1, NULL),
(24, 'uploads/public/foto/13147904801672.jpg', '96_kiev_r', NULL, NULL, NULL, 0, 'image', 'image/jpeg', 610, 468, 1, NULL),
(25, 'uploads/public/foto/13147904924498.jpg', '104_apoc_r', NULL, NULL, NULL, 0, 'image', 'image/jpeg', 800, 600, 1, NULL),
(26, 'uploads/public/foto/13147905079311.jpg', '105_baken_r', NULL, NULL, NULL, 0, 'image', 'image/jpeg', 800, 600, 1, NULL),
(27, 'uploads/public/foto/13147905257749.jpg', '113_sea_r', NULL, NULL, NULL, 0, 'image', 'image/jpeg', 800, 600, 1, NULL),
(28, 'uploads/public/foto/13147905413115.jpg', '114_sea2_r', NULL, NULL, NULL, 0, 'image', 'image/jpeg', 800, 600, 1, NULL),
(29, 'uploads/public/foto/13147905602663.jpg', '115_cemetary_r', NULL, NULL, NULL, 0, 'image', 'image/jpeg', 800, 600, 1, NULL),
(30, 'uploads/public/foto/1314790575492.jpg', '119_chembalo_r', NULL, NULL, NULL, 0, 'image', 'image/jpeg', 800, 600, 1, NULL),
(31, 'uploads/public/foto/13147905925858.jpg', '125_dreamland_r', NULL, NULL, NULL, 0, 'image', 'image/jpeg', 800, 600, 1, NULL),
(32, 'uploads/public/foto/13147906056507.jpg', '126_carpat2_r', NULL, NULL, NULL, 0, 'image', 'image/jpeg', 800, 600, 1, NULL),
(33, 'uploads/public/foto/13147906206325.jpg', '127_osen_r', NULL, NULL, NULL, 0, 'image', 'image/jpeg', 800, 600, 1, NULL),
(34, 'uploads/public/foto/1314790668177.jpg', '137_ufo_r', NULL, NULL, NULL, 0, 'image', 'image/jpeg', 800, 600, 1, NULL),
(35, 'uploads/public/foto/13147906893705.jpg', '142_tuman_r', NULL, NULL, NULL, 0, 'image', 'image/jpeg', 800, 600, 1, NULL),
(36, 'uploads/public/foto/13147907091458.jpg', '155_waves_r', NULL, NULL, NULL, 0, 'image', 'image/jpeg', 800, 600, 1, NULL),
(37, 'uploads/public/foto/13147907352339.jpg', '156_arol_r', NULL, NULL, NULL, 0, 'image', 'image/jpeg', 800, 600, 1, NULL),
(38, 'uploads/public/foto/13147907523543.jpg', '159_mmm_r', NULL, NULL, NULL, 0, 'image', 'image/jpeg', 800, 600, 1, NULL),
(39, 'uploads/public/foto/13147907719134.jpg', '161sunKaradag_r', NULL, NULL, NULL, 0, 'image', 'image/jpeg', 800, 600, 1, NULL),
(40, 'uploads/public/foto/1314790789502.jpg', '165_tumanTepe_r', NULL, NULL, NULL, 0, 'image', 'image/jpeg', 800, 600, 1, NULL),
(41, 'uploads/public/foto/13147908064787.jpg', '186_elektrovoz_r', NULL, NULL, NULL, 0, 'image', 'image/jpeg', 800, 600, 1, NULL),
(42, 'uploads/public/foto/13147908258462.jpg', '191_crane_r', NULL, NULL, NULL, 0, 'image', 'image/jpeg', 800, 600, 1, NULL),
(43, 'uploads/public/foto/13147908489313.jpg', '195_treeVAR_r', NULL, NULL, NULL, 0, 'image', 'image/jpeg', 800, 600, 1, NULL),
(44, 'uploads/public/foto/13147908631978.jpg', '199_path_r', NULL, NULL, NULL, 0, 'image', 'image/jpeg', 800, 600, 1, NULL),
(45, 'uploads/public/foto/13147908821585.jpg', '204_field_r', NULL, NULL, NULL, 0, 'image', 'image/jpeg', 800, 600, 1, NULL),
(46, 'uploads/public/foto/13147909199417.jpg', '205_snow_r', NULL, NULL, NULL, 0, 'image', 'image/jpeg', 800, 600, 1, NULL),
(47, 'uploads/public/foto/13147909445904.jpg', '209_mar_r', NULL, NULL, NULL, 0, 'image', 'image/jpeg', 800, 600, 1, NULL),
(48, 'uploads/public/foto/13147909656571.jpg', '215_asol_r', NULL, NULL, NULL, 0, 'image', 'image/jpeg', 800, 600, 1, NULL),
(49, 'uploads/public/foto/13147910008708.jpg', '219_Jolki_r', NULL, NULL, NULL, 0, 'image', 'image/jpeg', 800, 600, 1, NULL),
(50, 'uploads/public/foto/13147910166454.jpg', '223_varta_r', NULL, NULL, NULL, 0, 'image', 'image/jpeg', 800, 600, 1, NULL),
(51, 'uploads/public/foto/13147910344801.jpg', '225_sosna_r', NULL, NULL, NULL, 0, 'image', 'image/jpeg', 800, 600, 1, NULL),
(52, 'uploads/public/foto/13147910503046.jpg', '234_kamni_r', NULL, NULL, NULL, 0, 'image', 'image/jpeg', 800, 600, 1, NULL),
(53, 'uploads/public/foto/13147910663464.jpg', '237_gory_r', NULL, NULL, NULL, 0, 'image', 'image/jpeg', 800, 600, 1, NULL),
(54, 'uploads/public/foto/13147910927295.jpg', '245_shunjata_r', NULL, NULL, NULL, 0, 'image', 'image/jpeg', 800, 600, 1, NULL),
(55, 'uploads/public/foto/13147911215999.jpg', '253_bwJolki_r', NULL, NULL, NULL, 0, 'image', 'image/jpeg', 800, 600, 1, NULL),
(56, 'uploads/public/foto/13147911399205.jpg', '259_svet_r', NULL, NULL, NULL, 0, 'image', 'image/jpeg', 800, 600, 1, NULL),
(57, 'uploads/public/foto/13147911563080.jpg', '260_pan2_r', NULL, NULL, NULL, 0, 'image', 'image/jpeg', 800, 600, 1, NULL),
(58, 'uploads/public/foto/13147918369536.jpg', '263_jolki_r', NULL, NULL, NULL, 0, 'image', 'image/jpeg', 800, 600, 1, NULL),
(59, 'uploads/public/foto/13147918523558.jpg', '264_tuchka_r', NULL, NULL, NULL, 0, 'image', 'image/jpeg', 800, 600, 1, NULL),
(60, 'uploads/public/foto/13147918724199.jpg', '266_piz_r', NULL, NULL, NULL, 0, 'image', 'image/jpeg', 800, 600, 1, NULL),
(61, 'uploads/public/foto/13147918948487.jpg', '269_aja_r', NULL, NULL, NULL, 0, 'image', 'image/jpeg', 800, 600, 1, NULL),
(62, 'uploads/public/foto/13147919085298.jpg', '272_pizazh_r', NULL, NULL, NULL, 0, 'image', 'image/jpeg', 800, 600, 1, NULL),
(63, 'uploads/public/foto/13147919271173.jpg', '277_8mar_r', NULL, NULL, NULL, 0, 'image', 'image/jpeg', 800, 600, 1, NULL),
(64, 'uploads/public/foto/13147919476672.jpg', '306_gory_r', NULL, NULL, NULL, 0, 'image', 'image/jpeg', 800, 600, 1, NULL),
(65, 'uploads/public/foto/13147919582554.jpg', '318_hmary_r', NULL, NULL, NULL, 0, 'image', 'image/jpeg', 800, 600, 1, NULL),
(66, 'uploads/public/foto/13147919839716.jpg', '320_tree_r', NULL, NULL, NULL, 0, 'image', 'image/jpeg', 800, 600, 1, NULL),
(67, 'uploads/public/foto/13147919964641.jpg', '322_krym_r', NULL, NULL, NULL, 0, 'image', 'image/jpeg', 800, 600, 1, NULL),
(68, 'uploads/public/foto/13147920124840.jpg', '323_derevo_r', NULL, NULL, NULL, 0, 'image', 'image/jpeg', 800, 600, 1, NULL),
(69, 'uploads/public/foto/13147920322869.jpg', '325_elochki_r', NULL, NULL, NULL, 0, 'image', 'image/jpeg', 800, 600, 1, NULL),
(70, 'uploads/public/foto/13147920492409.jpg', '331_desert_r', NULL, NULL, NULL, 0, 'image', 'image/jpeg', 800, 600, 1, NULL),
(71, 'uploads/public/video/13149708499554.flv', 'youtube.YouTube_-_Oceans_-_Weathering_the_Storm', NULL, NULL, NULL, 0, 'video', 'video/x-flv', NULL, NULL, 1, NULL),
(72, 'uploads/public/video/1314970862489.flv', 'youtube.YouTube_-_The_ice_is_melting', NULL, NULL, NULL, 0, 'video', 'video/x-flv', NULL, NULL, 1, NULL),
(73, 'uploads/public/reklama', 'Реклама', NULL, NULL, NULL, 0, 'folder', 'unknown/mime-type', NULL, NULL, 1, NULL),
(75, 'uploads/public/reklama/13149771465189.nrs.gif', '728x90', NULL, NULL, NULL, 0, 'image', 'image/gif', 728, 90, 1, NULL),
(76, 'uploads/public/reklama/13149777187999.nrs.gif', '240x400', NULL, NULL, NULL, 0, 'image', 'image/gif', 240, 400, 1, NULL),
(77, 'uploads/public/reklama/13149795553664.nrs.gif', '250x250', NULL, NULL, NULL, 0, 'image', 'image/gif', 250, 250, 1, NULL),
(78, 'uploads/public/foto/13159173348342.jpg', '111852_r', NULL, NULL, NULL, 0, 'image', 'image/jpeg', 800, 600, 1, NULL),
(79, 'uploads/public/foto/13159173838000.jpg', '132437_r', NULL, NULL, NULL, 0, 'image', 'image/jpeg', 800, 600, 1, NULL),
(80, 'uploads/public/foto/13159174118348.jpg', '132688-1_r', NULL, NULL, NULL, 0, 'image', 'image/jpeg', 800, 600, 1, NULL),
(81, 'uploads/public/foto/13159174411727.jpg', '133468_r', NULL, NULL, NULL, 0, 'image', 'image/jpeg', 800, 600, 1, NULL),
(82, 'uploads/public/foto/13159174656223.jpg', '135312_r', NULL, NULL, NULL, 0, 'image', 'image/jpeg', 800, 600, 1, NULL),
(83, 'uploads/public/foto/13159174906513.jpg', '135937_r', NULL, NULL, NULL, 0, 'image', 'image/jpeg', 800, 600, 1, NULL),
(84, 'uploads/public/foto/13159175185576.jpg', '136131-2_r', NULL, NULL, NULL, 0, 'image', 'image/jpeg', 800, 600, 1, NULL),
(85, 'uploads/public/foto/13159175563710.jpg', '144366_r', NULL, NULL, NULL, 0, 'image', 'image/jpeg', 800, 600, 1, NULL),
(86, 'uploads/public/foto/13159176045123.jpg', 'a_058745-3_r', NULL, NULL, NULL, 0, 'image', 'image/jpeg', 800, 600, 1, NULL),
(87, 'uploads/public/foto/13159176632594.jpg', 'a_080461-2_r', NULL, NULL, NULL, 0, 'image', 'image/jpeg', 800, 600, 1, NULL),
(88, 'uploads/public/foto/13159177013261.jpg', 'a_092055-2_r', NULL, NULL, NULL, 0, 'image', 'image/jpeg', 800, 600, 1, NULL),
(89, 'uploads/public/foto/1315917719707.jpg', 'a_093040-1_r', NULL, NULL, NULL, 0, 'image', 'image/jpeg', 800, 600, 1, NULL),
(90, 'uploads/public/foto/13159177821699.jpg', 'a_112062-1_r', NULL, NULL, NULL, 0, 'image', 'image/jpeg', 800, 600, 1, NULL),
(91, 'uploads/public/foto/13159178023649.jpg', 'a_133290_r', NULL, NULL, NULL, 0, 'image', 'image/jpeg', 800, 600, 1, NULL),
(92, 'uploads/public/foto/13159178191460.jpg', 'a_135581_r', NULL, NULL, NULL, 0, 'image', 'image/jpeg', 800, 600, 1, NULL),
(93, 'uploads/public/foto/13159178476973.jpg', 'a_136636_r', NULL, NULL, NULL, 0, 'image', 'image/jpeg', 800, 772, 1, NULL),
(94, 'uploads/public/foto/13159178649765.jpg', 'a_139002_r', NULL, NULL, NULL, 0, 'image', 'image/jpeg', 800, 600, 1, NULL),
(95, 'uploads/public/foto/13159178795306.jpg', 'a_145366_r', NULL, NULL, NULL, 0, 'image', 'image/jpeg', 800, 600, 1, NULL),
(96, 'uploads/public/foto/13159178949885.jpg', 'a_149455_r', NULL, NULL, NULL, 0, 'image', 'image/jpeg', 800, 600, 1, NULL),
(97, 'uploads/public/foto/13159179103052.jpg', 'a_149598_r', NULL, NULL, NULL, 0, 'image', 'image/jpeg', 800, 600, 1, NULL),
(98, 'uploads/public/foto/13159179219387.jpg', 'a_150042_r', NULL, NULL, NULL, 0, 'image', 'image/jpeg', 800, 600, 1, NULL),
(99, 'uploads/public/foto/13159179335248.jpg', 'a_150449_r', NULL, NULL, NULL, 0, 'image', 'image/jpeg', 800, 600, 1, NULL),
(100, 'uploads/public/foto/13159179472695.jpg', 'a_151076_r', NULL, NULL, NULL, 0, 'image', 'image/jpeg', 800, 600, 1, NULL),
(101, 'uploads/public/papka', 'папка', NULL, NULL, NULL, 0, 'folder', 'unknown/mime-type', NULL, NULL, 1, NULL),
(103, 'uploads/public/allMK/.svn/text-base/13167915697800.svn-base', 'allmk.xml', NULL, '2011-09-23', NULL, 0, 'unknown', 'text/x-c', NULL, NULL, 1, NULL),
(104, 'uploads/public/allMK/.svn/text-base/13167915698909.svn-base', 'EXTDICT_535', NULL, '2011-09-23', NULL, 0, 'unknown', 'application/octet-stream', NULL, NULL, 1, NULL),
(105, 'uploads/public/allMK/.svn/text-base/13167915697782.svn-base', 'allmk.txt', NULL, '2011-09-23', NULL, 0, 'unknown', 'text/plain', NULL, NULL, 1, NULL),
(106, 'uploads/public/allMK/.svn/prop-base/13167915707631.svn-base', 'EXTDICT_535', NULL, '2011-09-23', NULL, 0, 'unknown', 'text/plain', NULL, NULL, 1, NULL),
(107, 'uploads/public/allMK/.svn/entries', 'entries', NULL, '2011-09-23', NULL, 0, 'unknown', 'text/plain', NULL, NULL, 1, NULL),
(108, 'uploads/public/allMK/13167915705794.xml', 'allmk', NULL, '2011-09-23', NULL, 0, 'unknown', 'text/x-c', NULL, NULL, 1, NULL),
(109, 'uploads/public/allMK/EXTDICT_535', 'EXTDICT_535', NULL, '2011-09-23', NULL, 0, 'unknown', 'application/octet-stream', NULL, NULL, 1, NULL),
(110, 'uploads/public/allMK/131679157050.txt', 'allmk', NULL, '2011-09-23', NULL, 0, 'unknown', 'text/plain', NULL, NULL, 1, NULL),
(111, 'uploads/public/allMK/.svn/tmp/text-base', 'text-base', NULL, '2011-09-23', NULL, 0, NULL, NULL, NULL, NULL, 1, NULL),
(112, 'uploads/public/allMK/.svn/tmp/prop-base', 'prop-base', NULL, '2011-09-23', NULL, 0, NULL, NULL, NULL, NULL, 1, NULL),
(113, 'uploads/public/allMK/.svn/tmp/props', 'props', NULL, '2011-09-23', NULL, 0, NULL, NULL, NULL, NULL, 1, NULL),
(114, 'uploads/public/allMK/.svn/text-base', 'text-base', NULL, '2011-09-23', NULL, 0, NULL, NULL, NULL, NULL, 1, NULL),
(115, 'uploads/public/allMK/.svn/prop-base', 'prop-base', NULL, '2011-09-23', NULL, 0, NULL, NULL, NULL, NULL, 1, NULL),
(116, 'uploads/public/allMK/.svn/props', 'props', NULL, '2011-09-23', NULL, 0, NULL, NULL, NULL, NULL, 1, NULL),
(117, 'uploads/public/allMK/.svn/tmp', 'tmp', NULL, '2011-09-23', NULL, 0, NULL, NULL, NULL, NULL, 1, NULL),
(118, 'uploads/public/allMK/13167915715784.svn', '13167915715784.svn', NULL, '2011-09-23', NULL, 0, NULL, NULL, NULL, NULL, 1, NULL),
(119, 'uploads/public/allMK', 'allMK', NULL, '2011-09-23', NULL, 0, NULL, NULL, NULL, NULL, 1, NULL),
(120, 'uploads/public/allMK/13172135957617.gif', 'bm2034', NULL, '2011-09-01', NULL, 0, 'image', 'image/gif', 660, 450, 1, NULL),
(121, 'uploads/public/20110930', '!2011-09-30', NULL, NULL, NULL, 0, 'folder', 'unknown/mime-type', NULL, NULL, 1, NULL),
(123, 'uploads/public/20110930/13173959861640.flv', 'Morshinska', NULL, '2011-09-30', NULL, 0, 'video', 'video/x-flv', NULL, NULL, 1, NULL),
(124, 'uploads/public/20111006', '!2011-10-06', NULL, NULL, NULL, 0, 'folder', 'unknown/mime-type', NULL, NULL, 1, NULL),
(125, 'uploads/public/20111006/13179117669663.jpg', '_ORL0820', NULL, '2011-10-06', NULL, 0, 'image', 'image/jpeg', 2832, 4256, 1, NULL),
(126, 'uploads/public/20111006/13179117923139.jpg', '_ORL0924', NULL, NULL, NULL, 0, 'image', 'image/jpeg', 4256, 2832, 1, NULL),
(127, 'uploads/public/20111007', '!2011-10-07', NULL, NULL, NULL, 0, 'folder', 'unknown/mime-type', NULL, NULL, 1, NULL),
(128, 'uploads/public/20111007/13179757278003.jpg', '_ORL0927', NULL, '2011-10-07', NULL, 0, 'image', 'image/jpeg', 2832, 4256, 1, NULL),
(129, 'uploads/public/20111007/13179757538125.jpg', '_ORL0931', NULL, NULL, NULL, 0, 'image', 'image/jpeg', 4256, 2832, 1, NULL),
(130, 'uploads/public/20111019', '!2011-10-19', NULL, NULL, NULL, 0, 'folder', 'unknown/mime-type', NULL, NULL, 1, NULL),
(131, 'uploads/public/20111019/1319018057930.PNG', 'somick_logo', NULL, '2011-10-19', NULL, 0, 'image', 'image/png', 404, 262, 1, NULL);

-- --------------------------------------------------------

--
-- Table structure for table `share_uploads_tags`
--

CREATE TABLE IF NOT EXISTS `share_uploads_tags` (
  `upl_id` int(10) unsigned NOT NULL,
  `tag_id` int(10) unsigned NOT NULL,
  PRIMARY KEY (`upl_id`,`tag_id`),
  KEY `tag_id` (`tag_id`)
) ENGINE=InnoDB DEFAULT CHARSET=utf8;

-- --------------------------------------------------------

--
-- Table structure for table `share_widgets`
--

CREATE TABLE IF NOT EXISTS `share_widgets` (
  `widget_id` int(10) unsigned NOT NULL AUTO_INCREMENT,
  `widget_name` varchar(250) NOT NULL,
  `widget_xml` text NOT NULL,
  `widget_icon_img` varchar(250) DEFAULT NULL,
  PRIMARY KEY (`widget_id`)
) ENGINE=InnoDB  DEFAULT CHARSET=utf8 AUTO_INCREMENT=2 ;

--
-- Dumping data for table `share_widgets`
--

INSERT INTO `share_widgets` (`widget_id`, `widget_name`, `widget_xml`, `widget_icon_img`) VALUES
(1, 'Текстовый блок', '<container name="customTextBlockContainer" block="beta" widget="widget">\n    <component name="customTextBlock" module="share" class="TextBlock">\n        <params>\n            <param name="title">TXT_NEW_TEXTBLOCK</param>\n            <param name="num">customTextBlock</param>\n        </params>\n    </component>\n</container>', NULL);

-- --------------------------------------------------------

--
-- Table structure for table `user_ban_ips`
--

CREATE TABLE IF NOT EXISTS `user_ban_ips` (
  `ban_ip_id` int(10) unsigned NOT NULL AUTO_INCREMENT,
  `ban_ip` int(4) unsigned NOT NULL,
  `ban_ip_end_date` date NOT NULL,
  PRIMARY KEY (`ban_ip_id`),
  UNIQUE KEY `i_ban_ip_uniq` (`ban_ip`),
  KEY `i_ban_ip_end_date` (`ban_ip_end_date`)
) ENGINE=InnoDB DEFAULT CHARSET=utf8 AUTO_INCREMENT=1 ;

-- --------------------------------------------------------

--
-- Table structure for table `user_groups`
--

CREATE TABLE IF NOT EXISTS `user_groups` (
  `group_id` int(10) unsigned NOT NULL AUTO_INCREMENT,
  `group_name` char(50) NOT NULL DEFAULT '',
  `group_default` tinyint(1) NOT NULL DEFAULT '0',
  `group_user_default` tinyint(1) NOT NULL DEFAULT '0',
  PRIMARY KEY (`group_id`),
  KEY `group_default` (`group_default`)
) ENGINE=InnoDB  DEFAULT CHARSET=utf8 AUTO_INCREMENT=5 ;

--
-- Dumping data for table `user_groups`
--

INSERT INTO `user_groups` (`group_id`, `group_name`, `group_default`, `group_user_default`) VALUES
(1, 'Администратор', 0, 0),
(3, 'Гость', 1, 0),
(4, 'Пользователь', 0, 1);

-- --------------------------------------------------------

--
-- Table structure for table `user_group_rights`
--

CREATE TABLE IF NOT EXISTS `user_group_rights` (
  `right_id` int(10) unsigned NOT NULL AUTO_INCREMENT,
  `right_name` char(20) NOT NULL DEFAULT '',
  `right_const` char(20) NOT NULL DEFAULT '',
  PRIMARY KEY (`right_id`)
) ENGINE=InnoDB  DEFAULT CHARSET=utf8 AUTO_INCREMENT=4 ;

--
-- Dumping data for table `user_group_rights`
--

INSERT INTO `user_group_rights` (`right_id`, `right_name`, `right_const`) VALUES
(1, 'Read only', 'ACCESS_READ'),
(2, 'Edit', 'ACCESS_EDIT'),
(3, 'Full control', 'ACCESS_FULL');

-- --------------------------------------------------------

--
-- Table structure for table `user_users`
--

CREATE TABLE IF NOT EXISTS `user_users` (
  `u_id` int(10) unsigned NOT NULL AUTO_INCREMENT,
  `u_name` varchar(50) NOT NULL DEFAULT '',
  `u_password` varchar(40) NOT NULL DEFAULT '',
  `u_is_active` tinyint(1) NOT NULL DEFAULT '1',
  `u_fullname` varchar(250) NOT NULL,
  `u_nick` varchar(250) DEFAULT NULL,
  `u_avatar_img` varchar(255) DEFAULT NULL,
  PRIMARY KEY (`u_id`),
  UNIQUE KEY `u_login` (`u_name`)
) ENGINE=InnoDB  DEFAULT CHARSET=utf8 AUTO_INCREMENT=23 ;

--
-- Dumping data for table `user_users`
--

INSERT INTO `user_users` (`u_id`, `u_name`, `u_password`, `u_is_active`, `u_fullname`, `u_nick`, `u_avatar_img`) VALUES
(22, 'demo@energine.org', '89e495e7941cf9e40e6980d14a16bf023ccd4c91', 1, 'Admin', 'Admins', NULL);

-- --------------------------------------------------------

--
-- Table structure for table `user_users_ban`
--

CREATE TABLE IF NOT EXISTS `user_users_ban` (
  `u_id` int(10) unsigned NOT NULL,
  `ban_date` date NOT NULL,
  KEY `u_id` (`u_id`),
  KEY `ban_date` (`ban_date`)
) ENGINE=InnoDB DEFAULT CHARSET=utf8;

-- --------------------------------------------------------

--
-- Table structure for table `user_user_groups`
--

CREATE TABLE IF NOT EXISTS `user_user_groups` (
  `u_id` int(10) unsigned NOT NULL DEFAULT '0',
  `group_id` int(10) unsigned NOT NULL DEFAULT '0',
  PRIMARY KEY (`u_id`,`group_id`),
  KEY `group_id` (`group_id`)
) ENGINE=InnoDB DEFAULT CHARSET=utf8;

--
-- Dumping data for table `user_user_groups`
--

INSERT INTO `user_user_groups` (`u_id`, `group_id`) VALUES
(22, 1);

--
-- Constraints for dumped tables
--

--
-- Constraints for table `apps_ads`
--
ALTER TABLE `apps_ads`
  ADD CONSTRAINT `apps_ads_ibfk_1` FOREIGN KEY (`smap_id`) REFERENCES `share_sitemap` (`smap_id`) ON DELETE CASCADE ON UPDATE CASCADE;

--
-- Constraints for table `apps_feed`
--
ALTER TABLE `apps_feed`
  ADD CONSTRAINT `apps_feed_ibfk_1` FOREIGN KEY (`smap_id`) REFERENCES `share_sitemap` (`smap_id`) ON DELETE CASCADE ON UPDATE CASCADE;

--
-- Constraints for table `apps_feed_tags`
--
ALTER TABLE `apps_feed_tags`
  ADD CONSTRAINT `apps_feed_tags_ibfk_1` FOREIGN KEY (`tf_id`) REFERENCES `apps_feed` (`tf_id`) ON DELETE CASCADE ON UPDATE CASCADE,
  ADD CONSTRAINT `apps_feed_tags_ibfk_2` FOREIGN KEY (`tag_id`) REFERENCES `share_tags` (`tag_id`) ON DELETE CASCADE ON UPDATE CASCADE;

--
-- Constraints for table `apps_feed_translation`
--
ALTER TABLE `apps_feed_translation`
  ADD CONSTRAINT `apps_feed_translation_ibfk_1` FOREIGN KEY (`tf_id`) REFERENCES `apps_feed` (`tf_id`) ON DELETE CASCADE ON UPDATE CASCADE,
  ADD CONSTRAINT `apps_feed_translation_ibfk_2` FOREIGN KEY (`lang_id`) REFERENCES `share_languages` (`lang_id`) ON DELETE CASCADE ON UPDATE CASCADE;

--
-- Constraints for table `apps_feed_uploads`
--
ALTER TABLE `apps_feed_uploads`
  ADD CONSTRAINT `apps_feed_uploads_ibfk_1` FOREIGN KEY (`tf_id`) REFERENCES `apps_feed` (`tf_id`) ON DELETE CASCADE ON UPDATE CASCADE,
  ADD CONSTRAINT `apps_feed_uploads_ibfk_2` FOREIGN KEY (`upl_id`) REFERENCES `share_uploads` (`upl_id`) ON DELETE CASCADE ON UPDATE CASCADE;

--
-- Constraints for table `apps_news`
--
ALTER TABLE `apps_news`
  ADD CONSTRAINT `apps_news_ibfk_1` FOREIGN KEY (`smap_id`) REFERENCES `share_sitemap` (`smap_id`) ON DELETE CASCADE ON UPDATE CASCADE;

--
-- Constraints for table `apps_news_tags`
--
ALTER TABLE `apps_news_tags`
  ADD CONSTRAINT `apps_news_tags_ibfk_1` FOREIGN KEY (`news_id`) REFERENCES `apps_news` (`news_id`) ON DELETE CASCADE ON UPDATE CASCADE,
  ADD CONSTRAINT `apps_news_tags_ibfk_2` FOREIGN KEY (`tag_id`) REFERENCES `share_tags` (`tag_id`) ON DELETE CASCADE ON UPDATE CASCADE;

--
-- Constraints for table `apps_news_translation`
--
ALTER TABLE `apps_news_translation`
  ADD CONSTRAINT `apps_news_translation_ibfk_1` FOREIGN KEY (`news_id`) REFERENCES `apps_news` (`news_id`) ON DELETE CASCADE ON UPDATE CASCADE,
  ADD CONSTRAINT `apps_news_translation_ibfk_2` FOREIGN KEY (`lang_id`) REFERENCES `share_languages` (`lang_id`) ON DELETE CASCADE ON UPDATE CASCADE;

--
-- Constraints for table `apps_news_uploads`
--
ALTER TABLE `apps_news_uploads`
  ADD CONSTRAINT `apps_news_uploads_ibfk_1` FOREIGN KEY (`news_id`) REFERENCES `apps_news` (`news_id`) ON DELETE CASCADE ON UPDATE CASCADE,
  ADD CONSTRAINT `apps_news_uploads_ibfk_2` FOREIGN KEY (`upl_id`) REFERENCES `share_uploads` (`upl_id`) ON DELETE CASCADE ON UPDATE CASCADE;

--
-- Constraints for table `frm_forms_translation`
--
ALTER TABLE `frm_forms_translation`
  ADD CONSTRAINT `frm_forms_translation_ibfk_1` FOREIGN KEY (`form_id`) REFERENCES `frm_forms` (`form_id`) ON DELETE CASCADE ON UPDATE CASCADE,
  ADD CONSTRAINT `frm_forms_translation_ibfk_2` FOREIGN KEY (`lang_id`) REFERENCES `share_languages` (`lang_id`) ON DELETE CASCADE ON UPDATE CASCADE;

--
-- Constraints for table `image_photo_gallery`
--
ALTER TABLE `image_photo_gallery`
  ADD CONSTRAINT `image_photo_gallery_ibfk_1` FOREIGN KEY (`smap_id`) REFERENCES `share_sitemap` (`smap_id`) ON DELETE CASCADE,
  ADD CONSTRAINT `image_photo_gallery_ibfk_2` FOREIGN KEY (`pg_photo_img`) REFERENCES `share_uploads` (`upl_path`) ON DELETE CASCADE ON UPDATE CASCADE;

--
-- Constraints for table `image_photo_gallery_translation`
--
ALTER TABLE `image_photo_gallery_translation`
  ADD CONSTRAINT `image_photo_gallery_translation_ibfk_1` FOREIGN KEY (`pg_id`) REFERENCES `image_photo_gallery` (`pg_id`) ON DELETE CASCADE,
  ADD CONSTRAINT `image_photo_gallery_translation_ibfk_2` FOREIGN KEY (`lang_id`) REFERENCES `share_languages` (`lang_id`) ON DELETE CASCADE;

--
-- Constraints for table `share_access_level`
--
ALTER TABLE `share_access_level`
  ADD CONSTRAINT `share_access_level_ibfk_1` FOREIGN KEY (`smap_id`) REFERENCES `share_sitemap` (`smap_id`) ON DELETE CASCADE,
  ADD CONSTRAINT `share_access_level_ibfk_2` FOREIGN KEY (`group_id`) REFERENCES `user_groups` (`group_id`) ON DELETE CASCADE,
  ADD CONSTRAINT `share_access_level_ibfk_3` FOREIGN KEY (`right_id`) REFERENCES `user_group_rights` (`right_id`) ON DELETE CASCADE;

--
-- Constraints for table `share_lang_tags_translation`
--
ALTER TABLE `share_lang_tags_translation`
  ADD CONSTRAINT `FK_Reference_6` FOREIGN KEY (`ltag_id`) REFERENCES `share_lang_tags` (`ltag_id`) ON DELETE CASCADE,
  ADD CONSTRAINT `FK_tranaslatelv_language` FOREIGN KEY (`lang_id`) REFERENCES `share_languages` (`lang_id`) ON DELETE CASCADE;

--
-- Constraints for table `share_sitemap`
--
ALTER TABLE `share_sitemap`
  ADD CONSTRAINT `share_sitemap_ibfk_8` FOREIGN KEY (`smap_pid`) REFERENCES `share_sitemap` (`smap_id`) ON DELETE CASCADE ON UPDATE CASCADE,
  ADD CONSTRAINT `share_sitemap_ibfk_9` FOREIGN KEY (`site_id`) REFERENCES `share_sites` (`site_id`) ON DELETE CASCADE ON UPDATE CASCADE;

--
-- Constraints for table `share_sitemap_tags`
--
ALTER TABLE `share_sitemap_tags`
  ADD CONSTRAINT `share_sitemap_tags_ibfk_1` FOREIGN KEY (`smap_id`) REFERENCES `share_sitemap` (`smap_id`) ON DELETE CASCADE ON UPDATE CASCADE,
  ADD CONSTRAINT `share_sitemap_tags_ibfk_2` FOREIGN KEY (`tag_id`) REFERENCES `share_tags` (`tag_id`) ON DELETE CASCADE ON UPDATE CASCADE;

--
-- Constraints for table `share_sitemap_translation`
--
ALTER TABLE `share_sitemap_translation`
  ADD CONSTRAINT `FK_sitemaplv_language` FOREIGN KEY (`lang_id`) REFERENCES `share_languages` (`lang_id`) ON DELETE CASCADE,
  ADD CONSTRAINT `FK_sitemaplv_sitemap` FOREIGN KEY (`smap_id`) REFERENCES `share_sitemap` (`smap_id`) ON DELETE CASCADE;

--
-- Constraints for table `share_sitemap_uploads`
--
ALTER TABLE `share_sitemap_uploads`
  ADD CONSTRAINT `share_sitemap_uploads_ibfk_3` FOREIGN KEY (`smap_id`) REFERENCES `share_sitemap` (`smap_id`) ON DELETE CASCADE ON UPDATE CASCADE,
  ADD CONSTRAINT `share_sitemap_uploads_ibfk_4` FOREIGN KEY (`upl_id`) REFERENCES `share_uploads` (`upl_id`) ON DELETE CASCADE ON UPDATE CASCADE;

--
-- Constraints for table `share_sites_tags`
--
ALTER TABLE `share_sites_tags`
  ADD CONSTRAINT `share_sites_tags_ibfk_1` FOREIGN KEY (`site_id`) REFERENCES `share_sites` (`site_id`) ON DELETE CASCADE ON UPDATE CASCADE,
  ADD CONSTRAINT `share_sites_tags_ibfk_2` FOREIGN KEY (`tag_id`) REFERENCES `share_tags` (`tag_id`) ON DELETE CASCADE ON UPDATE CASCADE;

--
-- Constraints for table `share_sites_translation`
--
ALTER TABLE `share_sites_translation`
  ADD CONSTRAINT `share_sites_translation_ibfk_1` FOREIGN KEY (`site_id`) REFERENCES `share_sites` (`site_id`) ON DELETE CASCADE ON UPDATE CASCADE,
  ADD CONSTRAINT `share_sites_translation_ibfk_2` FOREIGN KEY (`lang_id`) REFERENCES `share_languages` (`lang_id`) ON DELETE CASCADE ON UPDATE CASCADE;

--
-- Constraints for table `share_textblocks`
--
ALTER TABLE `share_textblocks`
  ADD CONSTRAINT `share_textblocks_ibfk_1` FOREIGN KEY (`smap_id`) REFERENCES `share_sitemap` (`smap_id`) ON DELETE CASCADE;

--
-- Constraints for table `share_textblocks_translation`
--
ALTER TABLE `share_textblocks_translation`
  ADD CONSTRAINT `share_textblocks_translation_ibfk_1` FOREIGN KEY (`tb_id`) REFERENCES `share_textblocks` (`tb_id`) ON DELETE CASCADE,
  ADD CONSTRAINT `share_textblocks_translation_ibfk_2` FOREIGN KEY (`lang_id`) REFERENCES `share_languages` (`lang_id`) ON DELETE CASCADE;

--
-- Constraints for table `share_uploads_tags`
--
ALTER TABLE `share_uploads_tags`
  ADD CONSTRAINT `share_uploads_tags_ibfk_1` FOREIGN KEY (`upl_id`) REFERENCES `share_uploads` (`upl_id`) ON DELETE CASCADE ON UPDATE CASCADE,
  ADD CONSTRAINT `share_uploads_tags_ibfk_2` FOREIGN KEY (`tag_id`) REFERENCES `share_tags` (`tag_id`) ON DELETE CASCADE ON UPDATE CASCADE;

--
-- Constraints for table `user_user_groups`
--
ALTER TABLE `user_user_groups`
  ADD CONSTRAINT `user_user_groups_ibfk_3` FOREIGN KEY (`u_id`) REFERENCES `user_users` (`u_id`) ON DELETE CASCADE ON UPDATE CASCADE,
  ADD CONSTRAINT `user_user_groups_ibfk_4` FOREIGN KEY (`group_id`) REFERENCES `user_groups` (`group_id`) ON DELETE CASCADE ON UPDATE CASCADE;

/*!40101 SET CHARACTER_SET_CLIENT=@OLD_CHARACTER_SET_CLIENT */;
/*!40101 SET CHARACTER_SET_RESULTS=@OLD_CHARACTER_SET_RESULTS */;
/*!40101 SET COLLATION_CONNECTION=@OLD_COLLATION_CONNECTION */;
