-- phpMyAdmin SQL Dump
-- version 3.3.7deb7
-- http://www.phpmyadmin.net
--
-- Хост: localhost
-- Время создания: Май 04 2012 г., 10:32
-- Версия сервера: 5.1.61
-- Версия PHP: 5.3.3-7+squeeze8

SET SQL_MODE="NO_AUTO_VALUE_ON_ZERO";


/*!40101 SET @OLD_CHARACTER_SET_CLIENT=@@CHARACTER_SET_CLIENT */;
/*!40101 SET @OLD_CHARACTER_SET_RESULTS=@@CHARACTER_SET_RESULTS */;
/*!40101 SET @OLD_COLLATION_CONNECTION=@@COLLATION_CONNECTION */;
/*!40101 SET NAMES utf8 */;

--
-- База данных: `energine`
--

-- --------------------------------------------------------

--
-- Структура таблицы `apps_feed`
--

CREATE TABLE IF NOT EXISTS `apps_feed` (
  `tf_id` int(10) unsigned NOT NULL AUTO_INCREMENT,
  `smap_id` int(10) unsigned NOT NULL,
  `tf_order_num` int(10) unsigned DEFAULT '1',
  PRIMARY KEY (`tf_id`),
  KEY `smap_id` (`smap_id`),
  KEY `tf_order_num` (`tf_order_num`)
) ENGINE=InnoDB DEFAULT CHARSET=utf8 AUTO_INCREMENT=1 ;

--
-- Дамп данных таблицы `apps_feed`
--


-- --------------------------------------------------------

--
-- Структура таблицы `apps_feedback`
--

CREATE TABLE IF NOT EXISTS `apps_feedback` (
  `feed_id` int(10) unsigned NOT NULL AUTO_INCREMENT,
  `feed_date` datetime NOT NULL DEFAULT '0000-00-00 00:00:00',
  `rcp_id` int(10) unsigned NOT NULL,
  `feed_email` varchar(200) NOT NULL DEFAULT '',
  `feed_phone` varchar(10) DEFAULT NULL,
  `feed_author` varchar(250) NOT NULL,
  `feed_theme` varchar(250) NOT NULL,
  `feed_text` text NOT NULL,
  PRIMARY KEY (`feed_id`),
  KEY `rcp_id` (`rcp_id`)
) ENGINE=InnoDB  DEFAULT CHARSET=utf8 AUTO_INCREMENT=3 ;

--
-- Дамп данных таблицы `apps_feedback`
--

INSERT INTO `apps_feedback` (`feed_id`, `feed_date`, `rcp_id`, `feed_email`, `feed_phone`, `feed_author`, `feed_theme`, `feed_text`) VALUES
(2, '2012-02-03 19:09:21', 1, 'test@test.test', '322223', 'тест', 'тест', 'тест');

-- --------------------------------------------------------

--
-- Структура таблицы `apps_feed_tags`
--

CREATE TABLE IF NOT EXISTS `apps_feed_tags` (
  `tf_id` int(10) unsigned NOT NULL,
  `tag_id` int(10) unsigned NOT NULL,
  PRIMARY KEY (`tf_id`,`tag_id`),
  KEY `tag_id` (`tag_id`)
) ENGINE=InnoDB DEFAULT CHARSET=utf8;

--
-- Дамп данных таблицы `apps_feed_tags`
--


-- --------------------------------------------------------

--
-- Структура таблицы `apps_feed_translation`
--

CREATE TABLE IF NOT EXISTS `apps_feed_translation` (
  `tf_id` int(10) unsigned NOT NULL,
  `lang_id` int(10) unsigned NOT NULL,
  `tf_name` varchar(256) NOT NULL,
  `tf_annotation_rtf` text NOT NULL,
  `tf_text_rtf` text NOT NULL,
  PRIMARY KEY (`tf_id`,`lang_id`),
  KEY `lang_id` (`lang_id`)
) ENGINE=InnoDB DEFAULT CHARSET=utf8;

--
-- Дамп данных таблицы `apps_feed_translation`
--


-- --------------------------------------------------------

--
-- Структура таблицы `apps_feed_uploads`
--

CREATE TABLE IF NOT EXISTS `apps_feed_uploads` (
  `tf_id` int(10) unsigned NOT NULL,
  `upl_id` int(10) unsigned NOT NULL,
  `upl_order_num` int(10) unsigned DEFAULT '1',
  PRIMARY KEY (`tf_id`,`upl_id`),
  KEY `upl_order_num` (`upl_order_num`),
  KEY `upl_id` (`upl_id`)
) ENGINE=InnoDB DEFAULT CHARSET=utf8;

--
-- Дамп данных таблицы `apps_feed_uploads`
--


-- --------------------------------------------------------

--
-- Структура таблицы `apps_news`
--

CREATE TABLE IF NOT EXISTS `apps_news` (
  `news_id` int(10) unsigned NOT NULL AUTO_INCREMENT,
  `smap_id` int(10) unsigned NOT NULL,
  `news_date` datetime NOT NULL,
  `news_segment` varchar(100) COLLATE utf8_unicode_ci DEFAULT NULL,
  PRIMARY KEY (`news_id`),
  KEY `smap_id` (`smap_id`),
  KEY `news_segment` (`news_segment`)
) ENGINE=InnoDB  DEFAULT CHARSET=utf8 COLLATE=utf8_unicode_ci AUTO_INCREMENT=3 ;

--
-- Дамп данных таблицы `apps_news`
--

INSERT INTO `apps_news` (`news_id`, `smap_id`, `news_date`, `news_segment`) VALUES
(1, 3545, '2012-05-03 17:38:00', 'probnaja-novosty'),
(2, 3545, '2012-05-03 17:33:00', 'novosty-bez-teksta-novosti');

-- --------------------------------------------------------

--
-- Структура таблицы `apps_news_tags`
--

CREATE TABLE IF NOT EXISTS `apps_news_tags` (
  `news_id` int(10) unsigned NOT NULL,
  `tag_id` int(10) unsigned NOT NULL,
  PRIMARY KEY (`news_id`,`tag_id`),
  KEY `tag_id` (`tag_id`)
) ENGINE=InnoDB DEFAULT CHARSET=utf8;

--
-- Дамп данных таблицы `apps_news_tags`
--


-- --------------------------------------------------------

--
-- Структура таблицы `apps_news_translation`
--

CREATE TABLE IF NOT EXISTS `apps_news_translation` (
  `news_id` int(10) unsigned NOT NULL,
  `lang_id` int(10) unsigned NOT NULL,
  `news_title` varchar(200) COLLATE utf8_unicode_ci NOT NULL,
  `news_announce_rtf` text COLLATE utf8_unicode_ci,
  `news_text_rtf` mediumtext COLLATE utf8_unicode_ci,
  PRIMARY KEY (`news_id`,`lang_id`),
  KEY `lang_id` (`lang_id`)
) ENGINE=InnoDB DEFAULT CHARSET=utf8 COLLATE=utf8_unicode_ci;

--
-- Дамп данных таблицы `apps_news_translation`
--

INSERT INTO `apps_news_translation` (`news_id`, `lang_id`, `news_title`, `news_announce_rtf`, `news_text_rtf`) VALUES
(1, 1, 'Пробная новость с анонсом и полным текстом', 'Анонс пробной новости<div>со стихами</div>', 'Полный текст пробной новости<div><br></div><div><p style="margin-top: 0px; margin-right: 0px; margin-bottom: 1em; margin-left: 0px; font-family: Arial, ''Geneva CY'', sans-serif; font-size: medium; ">Не удалось навек оставить<br>И волю всей душой любя<br>Не удалось навек оставить<br>Вниманье дружбы возлюбя<br>Хотел бы я тебе представить<br>И жить решишься для себя<br>Хотел бы я тебе представить<br>И память Каменки любя<br>И в волны с берега бросает<br>Пустыни сей не возмущает<br>Промчалось много, много дней<br>Зачем вы посетили нас<br>Ужели не простите ей<br>Врагов, друзей, любовниц глас.</p><a href="http://vesna.yandex.ru/pushkin/?write=sonnet" style="color: black; font-family: Arial, ''Geneva CY'', sans-serif; font-size: medium; "><br class="Apple-interchange-newline"></a></div>'),
(1, 2, 'Пробная новость с анонсом и полным текстом', 'Анонс пробной новости<div><br></div><div><p style="margin-top: 0px; margin-right: 0px; margin-bottom: 1em; margin-left: 0px; font-family: Arial, ''Geneva CY'', sans-serif; font-size: medium; ">Не удалось навек оставить<br>И волю всей душой любя<br>Не удалось навек оставить<br>Вниманье дружбы возлюбя<br>Хотел бы я тебе представить<br>И жить решишься для себя<br>Хотел бы я тебе представить<br>И память Каменки любя<br>И в волны с берега бросает<br>Пустыни сей не возмущает<br>Промчалось много, много дней<br>Зачем вы посетили нас<br>Ужели не простите ей<br>Врагов, друзей, любовниц глас.</p><a href="http://vesna.yandex.ru/pushkin/?write=sonnet" style="color: black; font-family: Arial, ''Geneva CY'', sans-serif; font-size: medium; "><br class="Apple-interchange-newline"></a></div>', 'Полный текст пробной новости'),
(2, 1, 'Новость без текста новости', 'В этой новости есть только анонс', NULL);

-- --------------------------------------------------------

--
-- Структура таблицы `apps_news_uploads`
--

CREATE TABLE IF NOT EXISTS `apps_news_uploads` (
  `news_id` int(10) unsigned NOT NULL,
  `upl_id` int(10) unsigned NOT NULL,
  `upl_order_num` int(10) unsigned NOT NULL DEFAULT '0',
  PRIMARY KEY (`news_id`,`upl_id`,`upl_order_num`),
  KEY `upl_id` (`upl_id`)
) ENGINE=InnoDB DEFAULT CHARSET=utf8 COLLATE=utf8_unicode_ci;

--
-- Дамп данных таблицы `apps_news_uploads`
--


-- --------------------------------------------------------

--
-- Структура таблицы `share_access_level`
--

CREATE TABLE IF NOT EXISTS `share_access_level` (
  `smap_id` int(10) unsigned NOT NULL DEFAULT '0',
  `group_id` int(10) unsigned NOT NULL DEFAULT '0',
  `right_id` int(10) unsigned NOT NULL DEFAULT '0',
  PRIMARY KEY (`smap_id`,`group_id`,`right_id`),
  KEY `group_id` (`group_id`),
  KEY `right_id` (`right_id`)
) ENGINE=InnoDB DEFAULT CHARSET=utf8;

--
-- Дамп данных таблицы `share_access_level`
--

INSERT INTO `share_access_level` (`smap_id`, `group_id`, `right_id`) VALUES
(80, 1, 3),
(330, 1, 3),
(1254, 1, 3),
(1284, 1, 3),
(3538, 1, 3),
(3539, 1, 3),
(3540, 1, 3),
(3541, 1, 3),
(3542, 1, 3),
(3543, 1, 3),
(3544, 1, 3),
(3545, 1, 3),
(3546, 1, 3),
(3547, 1, 3),
(3548, 1, 3),
(3549, 1, 3),
(80, 3, 1),
(330, 3, 1),
(1254, 3, 1),
(1284, 3, 1),
(3538, 3, 1),
(3539, 3, 1),
(3540, 3, 1),
(3541, 3, 1),
(3542, 3, 1),
(3543, 3, 1),
(3544, 3, 1),
(3545, 3, 1),
(3546, 3, 1),
(3547, 3, 1),
(3548, 3, 1),
(3549, 3, 1),
(80, 4, 1),
(330, 4, 1),
(1254, 4, 1),
(1284, 4, 1),
(3538, 4, 1),
(3539, 4, 1),
(3540, 4, 1),
(3541, 4, 1),
(3542, 4, 1),
(3543, 4, 1),
(3544, 4, 1),
(3545, 4, 1),
(3546, 4, 1),
(3547, 4, 1),
(3548, 4, 1),
(3549, 4, 1);

-- --------------------------------------------------------

--
-- Структура таблицы `share_domain2site`
--

CREATE TABLE IF NOT EXISTS `share_domain2site` (
  `domain_id` int(10) unsigned NOT NULL,
  `site_id` int(10) unsigned NOT NULL,
  PRIMARY KEY (`domain_id`,`site_id`),
  KEY `site_id` (`site_id`)
) ENGINE=InnoDB DEFAULT CHARSET=utf8;

--
-- Дамп данных таблицы `share_domain2site`
--

INSERT INTO `share_domain2site` (`domain_id`, `site_id`) VALUES
(1, 1);

-- --------------------------------------------------------

--
-- Структура таблицы `share_domains`
--

CREATE TABLE IF NOT EXISTS `share_domains` (
  `domain_id` int(10) unsigned NOT NULL AUTO_INCREMENT,
  `domain_protocol` char(5) NOT NULL DEFAULT 'http',
  `domain_port` mediumint(8) unsigned NOT NULL DEFAULT '80',
  `domain_host` varchar(255) NOT NULL,
  `domain_root` varchar(255) NOT NULL,
  PRIMARY KEY (`domain_id`),
  UNIQUE KEY `domain_protocol` (`domain_protocol`,`domain_host`,`domain_port`,`domain_root`)
) ENGINE=InnoDB  DEFAULT CHARSET=utf8 AUTO_INCREMENT=2 ;

--
-- Дамп данных таблицы `share_domains`
--

INSERT INTO `share_domains` (`domain_id`, `domain_protocol`, `domain_port`, `domain_host`, `domain_root`) VALUES
(1, 'http', 80, 'site.rzn.fsin.uis', '/');

-- --------------------------------------------------------

--
-- Структура таблицы `share_file_repos`
--

CREATE TABLE IF NOT EXISTS `share_file_repos` (
  `repo_id` int(10) unsigned NOT NULL AUTO_INCREMENT,
  `repo_path` varchar(100) NOT NULL,
  `repo_name` varchar(250) NOT NULL,
  PRIMARY KEY (`repo_id`),
  UNIQUE KEY `repo_path` (`repo_path`)
) ENGINE=InnoDB  DEFAULT CHARSET=utf8 AUTO_INCREMENT=2 ;

--
-- Дамп данных таблицы `share_file_repos`
--

INSERT INTO `share_file_repos` (`repo_id`, `repo_path`, `repo_name`) VALUES
(1, '/uploads/public/', 'Локальный');

-- --------------------------------------------------------

--
-- Структура таблицы `share_languages`
--

CREATE TABLE IF NOT EXISTS `share_languages` (
  `lang_id` int(10) unsigned NOT NULL AUTO_INCREMENT,
  `lang_locale` char(30) NOT NULL,
  `lang_abbr` char(2) NOT NULL,
  `lang_name` char(20) NOT NULL,
  `lang_default` tinyint(1) NOT NULL DEFAULT '0',
  `lang_order_num` int(10) unsigned NOT NULL DEFAULT '1',
  PRIMARY KEY (`lang_id`),
  KEY `idx_abbr` (`lang_abbr`)
) ENGINE=InnoDB  DEFAULT CHARSET=utf8 AUTO_INCREMENT=3 ;

--
-- Дамп данных таблицы `share_languages`
--

INSERT INTO `share_languages` (`lang_id`, `lang_locale`, `lang_abbr`, `lang_name`, `lang_default`, `lang_order_num`) VALUES
(1, 'ru_UA.UTF8', 'ru', 'Русский', 1, 1);

-- --------------------------------------------------------

--
-- Структура таблицы `share_lang_tags`
--

CREATE TABLE IF NOT EXISTS `share_lang_tags` (
  `ltag_id` int(10) unsigned NOT NULL AUTO_INCREMENT,
  `ltag_name` varchar(70) NOT NULL DEFAULT '',
  PRIMARY KEY (`ltag_id`),
  UNIQUE KEY `ltag_name` (`ltag_name`)
) ENGINE=InnoDB  DEFAULT CHARSET=utf8 AUTO_INCREMENT=1318 ;

--
-- Дамп данных таблицы `share_lang_tags`
--

INSERT INTO `share_lang_tags` (`ltag_id`, `ltag_name`) VALUES
(493, 'BTN_ACTIVATE'),
(43, 'BTN_ADD'),
(1288, 'BTN_ADD_ARTICLE'),
(313, 'BTN_ADD_DIR'),
(446, 'BTN_ADD_FILE'),
(868, 'BTN_ADD_GALLERY'),
(742, 'BTN_ADD_GROUP'),
(426, 'BTN_ADD_NEWS'),
(57, 'BTN_ADD_PAGE'),
(495, 'BTN_ADD_PHOTO'),
(743, 'BTN_ADD_SHORTCUT'),
(1290, 'BTN_ADD_STAFF'),
(464, 'BTN_ALIGN_CENTER'),
(465, 'BTN_ALIGN_JUSTIFY'),
(462, 'BTN_ALIGN_LEFT'),
(463, 'BTN_ALIGN_RIGHT'),
(1208, 'BTN_APPLY'),
(327, 'BTN_APPLY_FILTER'),
(701, 'BTN_APPROVE'),
(457, 'BTN_BOLD'),
(347, 'BTN_CANCEL'),
(55, 'BTN_CHANGE'),
(134, 'BTN_CLOSE'),
(1158, 'BTN_CREATE'),
(47, 'BTN_DELETE'),
(1287, 'BTN_DELETE_ARTICLE'),
(428, 'BTN_DELETE_NEWS'),
(59, 'BTN_DELETE_PAGE'),
(497, 'BTN_DELETE_PHOTO'),
(1292, 'BTN_DELETE_STAFF'),
(448, 'BTN_DEL_FILE'),
(323, 'BTN_DIV_EDITOR'),
(546, 'BTN_DOWN'),
(46, 'BTN_EDIT'),
(1289, 'BTN_EDIT_ARTICLE'),
(1135, 'BTN_EDIT_BLOCKS'),
(1160, 'BTN_EDIT_FORM'),
(56, 'BTN_EDIT_MODE'),
(427, 'BTN_EDIT_NEWS'),
(1197, 'BTN_EDIT_NEXT'),
(58, 'BTN_EDIT_PAGE'),
(1198, 'BTN_EDIT_PREV'),
(1159, 'BTN_EDIT_PROPERTIES'),
(1291, 'BTN_EDIT_STAFF'),
(1186, 'BTN_EDIT_VALUES'),
(1184, 'BTN_EXPORT_CSV'),
(1207, 'BTN_EXT_FLASH'),
(466, 'BTN_FILE_LIBRARY'),
(357, 'BTN_FILE_REPOSITORY'),
(214, 'BTN_GO'),
(1025, 'BTN_GOTONEWS'),
(459, 'BTN_HREF'),
(169, 'BTN_IMAGELIB'),
(171, 'BTN_IMAGE_MANAGER'),
(168, 'BTN_INSERT'),
(161, 'BTN_INSERT_IMAGE'),
(1121, 'BTN_INSERT_WIDGET'),
(458, 'BTN_ITALIC'),
(969, 'BTN_ITEMS'),
(489, 'BTN_LANG_EDITOR'),
(260, 'BTN_LOAD'),
(639, 'BTN_LOAD_FILE'),
(79, 'BTN_LOGIN'),
(15, 'BTN_LOGOUT'),
(251, 'BTN_MOVE_DOWN'),
(250, 'BTN_MOVE_UP'),
(461, 'BTN_OL'),
(312, 'BTN_OPEN'),
(525, 'BTN_PARAMS_LIST'),
(753, 'BTN_PREVIOUS_WEEK'),
(542, 'BTN_PRINT'),
(54, 'BTN_REGISTER'),
(314, 'BTN_RENAME'),
(1105, 'BTN_RESET_TEMPLATES'),
(45, 'BTN_RETURN_LIST'),
(491, 'BTN_ROLE_EDITOR'),
(42, 'BTN_SAVE'),
(330, 'BTN_SAVE_GO'),
(284, 'BTN_SEARCH'),
(237, 'BTN_SELECT'),
(269, 'BTN_SEND'),
(74, 'BTN_SET_RIGHTS'),
(62, 'BTN_SET_ROLE'),
(1161, 'BTN_SHOW_RESULTS'),
(1134, 'BTN_SITE_EDITOR'),
(324, 'BTN_TMPL_EDITOR'),
(381, 'BTN_TRANS_EDITOR'),
(460, 'BTN_UL'),
(545, 'BTN_UP'),
(346, 'BTN_UPDATE'),
(490, 'BTN_USER_EDITOR'),
(157, 'BTN_VIEW'),
(60, 'BTN_VIEWMODESWITCHER'),
(61, 'BTN_VIEWSOURCE'),
(365, 'BTN_VIEW_PROFILE'),
(641, 'BTN_VOTE'),
(469, 'BTN_ZIP_UPLOAD'),
(865, 'CONTENT_ADMIN_CHILDS'),
(1279, 'CONTENT_BRANDING_EDITOR'),
(604, 'CONTENT_CHILDS'),
(1280, 'CONTENT_EPISODE'),
(841, 'CONTENT_FEEDBACK_FORM'),
(842, 'CONTENT_FEEDBACK_LIST'),
(605, 'CONTENT_FILE_REPOSITORY'),
(1201, 'CONTENT_FORM'),
(1202, 'CONTENT_FORM_EDITOR'),
(1203, 'CONTENT_FORM_RESULTS'),
(606, 'CONTENT_GOOGLE_SITEMAP'),
(607, 'CONTENT_LANGUAGES'),
(608, 'CONTENT_LOGIN'),
(1145, 'CONTENT_MAIN'),
(1276, 'CONTENT_MANAGER'),
(609, 'CONTENT_MAP'),
(1146, 'CONTENT_MEDIA_TEXTBLOCK'),
(1209, 'CONTENT_MODIFICIROVANNAJA-GLAVNAJA'),
(610, 'CONTENT_NEWS'),
(856, 'CONTENT_NEWS_CATEGORIES_EDITOR'),
(612, 'CONTENT_NEWS_REPOSITORY'),
(1281, 'CONTENT_PROJECT_EPISODE'),
(1244, 'CONTENT_PROJECT_MAIN'),
(1282, 'CONTENT_PROJECT_NEWS'),
(1283, 'CONTENT_PROJECT_TEXTBLOCK'),
(1284, 'CONTENT_PROJECT_WIDE_TEXTBLOCK'),
(611, 'CONTENT_REGISTER'),
(613, 'CONTENT_RESTORE_PASSWORD'),
(614, 'CONTENT_ROLES'),
(618, 'CONTENT_SITES'),
(597, 'CONTENT_SITE_DIV_EDITOR'),
(1263, 'CONTENT_STAFF'),
(858, 'CONTENT_TAG_EDITOR'),
(617, 'CONTENT_TEXTBLOCK'),
(619, 'CONTENT_TRANSLATIONS'),
(621, 'CONTENT_USERS'),
(620, 'CONTENT_USER_PROFILE'),
(848, 'CONTENT_VIDEO'),
(1243, 'CONTENT_WIDE_TEXTBLOCK'),
(422, 'DUMMY_EMAIL'),
(1182, 'ERROR_NO_FORM'),
(170, 'ERR_403'),
(96, 'ERR_404'),
(376, 'ERR_BAD_LOGIN'),
(468, 'ERR_BAD_URL'),
(65, 'ERR_CANT_DELETE_YOURSELF'),
(383, 'ERR_CANT_MOVE'),
(263, 'ERR_DATABASE_ERROR'),
(339, 'ERR_DEFAULT_GROUP'),
(389, 'ERR_DEV_NO_DATA'),
(303, 'ERR_NOT_UNIQUE_DATA'),
(544, 'ERR_NO_DIV_NAME'),
(295, 'ERR_NO_U_NAME'),
(952, 'ERR_PWD_MISMATCH'),
(1310, 'ERR_VALIDATE_FORM'),
(1269, 'FIELD_ANSWER_IMAGE'),
(1265, 'FIELD_ANSW_IS_CORRECT'),
(1267, 'FIELD_ANSW_PHOTO'),
(1268, 'FIELD_ANSW_PHOTO_FULL'),
(796, 'FIELD_ATTACHMENTS'),
(898, 'FIELD_BACK_TOP_RIGHT_IMG'),
(899, 'FIELD_BACK_TOP_RIGHT_INDENT'),
(904, 'FIELD_BACK_WRAPPER1_IMG'),
(905, 'FIELD_BACK_WRAPPER1_PROPS'),
(906, 'FIELD_BACK_WRAPPER2_IMG'),
(907, 'FIELD_BACK_WRAPPER2_PROPS'),
(1023, 'FIELD_BAN_DATE'),
(1014, 'FIELD_BAN_IP'),
(1016, 'FIELD_BAN_IP_END_DATE'),
(1232, 'FIELD_BRAND_BGCOLOR'),
(1233, 'FIELD_BRAND_CSS_RULE'),
(1236, 'FIELD_BRAND_ID'),
(1235, 'FIELD_BRAND_LAYOUT_CCLASS'),
(1231, 'FIELD_BRAND_MAIN_IMG'),
(1234, 'FIELD_BRAND_MIN_HEIGHT'),
(1230, 'FIELD_BRAND_NAME'),
(667, 'FIELD_CAST_ANNOTATION_RTF'),
(881, 'FIELD_CAST_IS_MAIN'),
(666, 'FIELD_CAST_NAME'),
(665, 'FIELD_CAST_START_DATE'),
(668, 'FIELD_CAST_TEXT_RTF'),
(1136, 'FIELD_CATEGORY'),
(774, 'FIELD_CATEGORY_CLOSED'),
(773, 'FIELD_CATEGORY_DESC'),
(775, 'FIELD_CATEGORY_ID'),
(772, 'FIELD_CATEGORY_NAME'),
(1301, 'FIELD_CAT_ID'),
(738, 'FIELD_CAT_NAME'),
(736, 'FIELD_CAT_SEGMENT'),
(372, 'FIELD_CHANGE_U_PASSWORD'),
(373, 'FIELD_CHANGE_U_PASSWORD2'),
(1138, 'FIELD_CONFIG'),
(766, 'FIELD_COPY_SITE_STRUCTURE'),
(514, 'FIELD_CURR_ABBR'),
(515, 'FIELD_CURR_FORMAT'),
(559, 'FIELD_CURR_IS_MAIN'),
(512, 'FIELD_CURR_NAME'),
(513, 'FIELD_CURR_RATE'),
(1024, 'FIELD_DELETE_BAN'),
(729, 'FIELD_DOW_0'),
(730, 'FIELD_DOW_1'),
(731, 'FIELD_DOW_2'),
(732, 'FIELD_DOW_3'),
(733, 'FIELD_DOW_4'),
(734, 'FIELD_DOW_5'),
(735, 'FIELD_DOW_6'),
(799, 'FIELD_EPISODE_ANNOTATION_RTF'),
(797, 'FIELD_EPISODE_DATE'),
(798, 'FIELD_EPISODE_NAME'),
(800, 'FIELD_EPISODE_TEXT_RTF'),
(1181, 'FIELD_ERROR_MSG'),
(699, 'FIELD_EXEC_ADDITIONAL_TEXT'),
(652, 'FIELD_EXEC_ANNOTATION_RTF'),
(647, 'FIELD_EXEC_NAME'),
(651, 'FIELD_EXEC_POST'),
(653, 'FIELD_EXEC_TEXT_RTF'),
(437, 'FIELD_FEED_AUTHOR'),
(442, 'FIELD_FEED_DATE'),
(438, 'FIELD_FEED_EMAIL'),
(1007, 'FIELD_FEED_PHONE'),
(436, 'FIELD_FEED_TEXT'),
(1293, 'FIELD_FEED_THEME'),
(993, 'FIELD_FEED_TOPIC'),
(1006, 'FIELD_FEED_TYPE'),
(996, 'FIELD_FEED_TYPE_EMAIL'),
(995, 'FIELD_FEED_TYPE_NAME'),
(1167, 'FIELD_FIELD_IS_NULLABLE'),
(1165, 'FIELD_FIELD_NAME'),
(1166, 'FIELD_FIELD_TYPE'),
(1164, 'FIELD_FORM_ANNOTATION_RTF'),
(1155, 'FIELD_FORM_CREATION_DATE'),
(1175, 'FIELD_FORM_DATE'),
(1163, 'FIELD_FORM_EMAIL_ADRESSES'),
(1154, 'FIELD_FORM_ID'),
(1157, 'FIELD_FORM_IS_ACTIVE'),
(1156, 'FIELD_FORM_NAME'),
(1077, 'FIELD_GRAVITY'),
(67, 'FIELD_GROUP_DEFAULT'),
(340, 'FIELD_GROUP_DEFAULT_RIGHTS'),
(63, 'FIELD_GROUP_ID'),
(66, 'FIELD_GROUP_NAME'),
(68, 'FIELD_GROUP_USER_DEFAULT'),
(1081, 'FIELD_ID'),
(172, 'FIELD_IMG_ALIGN'),
(167, 'FIELD_IMG_ALTTEXT'),
(159, 'FIELD_IMG_DESCRIPTION'),
(162, 'FIELD_IMG_FILENAME'),
(158, 'FIELD_IMG_FILENAME_IMG'),
(164, 'FIELD_IMG_HEIGHT'),
(165, 'FIELD_IMG_HSPACE'),
(500, 'FIELD_IMG_MARGIN_BOTTOM'),
(501, 'FIELD_IMG_MARGIN_LEFT'),
(502, 'FIELD_IMG_MARGIN_RIGHT'),
(503, 'FIELD_IMG_MARGIN_TOP'),
(160, 'FIELD_IMG_THUMBNAIL_IMG'),
(166, 'FIELD_IMG_VSPACE'),
(163, 'FIELD_IMG_WIDTH'),
(69, 'FIELD_LANG_ABBR'),
(71, 'FIELD_LANG_DEFAULT'),
(70, 'FIELD_LANG_NAME'),
(73, 'FIELD_LANG_WIN_CODE'),
(1316, 'FIELD_LIB_ANNOTATION'),
(1312, 'FIELD_LIB_AUTHOR'),
(1314, 'FIELD_LIB_MOD_DATE'),
(1315, 'FIELD_LIB_NAME'),
(1313, 'FIELD_LIB_PUBLISH_DATE'),
(1069, 'FIELD_LIMIT'),
(305, 'FIELD_LTAG_DESCRIPTION'),
(49, 'FIELD_LTAG_NAME'),
(14, 'FIELD_LTAG_VALUE'),
(109, 'FIELD_LTAG_VALUE_RTF'),
(925, 'FIELD_MS_FIRST_BLOCK'),
(923, 'FIELD_MS_PHOTO_IMG'),
(926, 'FIELD_MS_SECOND_BLOCK'),
(927, 'FIELD_MS_THIRD_BLOCK'),
(924, 'FIELD_MS_URL'),
(689, 'FIELD_NEWS_ADDITIONAL_TITLE'),
(393, 'FIELD_NEWS_ANNOUNCE_RTF'),
(737, 'FIELD_NEWS_CATEGORIES'),
(392, 'FIELD_NEWS_DATE'),
(660, 'FIELD_NEWS_IS_DISABLED'),
(882, 'FIELD_NEWS_IS_HOT'),
(875, 'FIELD_NEWS_MAIN'),
(877, 'FIELD_NEWS_PROJ_MAIN'),
(874, 'FIELD_NEWS_PROJ_TOP'),
(686, 'FIELD_NEWS_PUBLISH_DATE'),
(625, 'FIELD_NEWS_SOURCE'),
(394, 'FIELD_NEWS_TEXT_RTF'),
(391, 'FIELD_NEWS_TITLE'),
(876, 'FIELD_NEWS_TOP'),
(367, 'FIELD_NEW_PASSWORD'),
(935, 'FIELD_NICK'),
(1150, 'FIELD_NUM'),
(1053, 'FIELD_ORDER'),
(519, 'FIELD_OS_NAME'),
(820, 'FIELD_PART_AGE'),
(821, 'FIELD_PART_ANNOTATION_RTF'),
(819, 'FIELD_PART_CITY'),
(824, 'FIELD_PART_FNAME'),
(823, 'FIELD_PART_INFO_RTF'),
(817, 'FIELD_PART_IS_DISABLED'),
(818, 'FIELD_PART_NAME'),
(822, 'FIELD_PART_TEXT_RTF'),
(867, 'FIELD_PG_DATE'),
(485, 'FIELD_PG_PHOTO_IMG'),
(483, 'FIELD_PG_TEXT'),
(498, 'FIELD_PG_THUMB_IMG'),
(484, 'FIELD_PG_TITLE'),
(1034, 'FIELD_PG_TOTAL_PHOTOS'),
(1188, 'FIELD_PK_ID'),
(547, 'FIELD_PPV_VALUE'),
(526, 'FIELD_PP_NAME'),
(527, 'FIELD_PP_TYPE'),
(1297, 'FIELD_PROJECT_NAME'),
(531, 'FIELD_PS_ID'),
(517, 'FIELD_PS_IS_DEFAULT'),
(516, 'FIELD_PS_NAME'),
(539, 'FIELD_PT_ID'),
(524, 'FIELD_PT_NAME'),
(1272, 'FIELD_QUEST_COST'),
(1273, 'FIELD_QUEST_TEXT_RTF'),
(1296, 'FIELD_RCP_ID'),
(1295, 'FIELD_RCP_NAME'),
(1294, 'FIELD_RCP_RECIPIENTS'),
(1061, 'FIELD_RECORDSPERTAB'),
(1139, 'FIELD_RECURSIVE'),
(265, 'FIELD_REMEMBER_LOGIN'),
(1248, 'FIELD_RES_ID'),
(1247, 'FIELD_RES_SCORE'),
(1245, 'FIELD_RES_STARTED'),
(1246, 'FIELD_RES_TIME'),
(518, 'FIELD_RIGHT_ID'),
(1300, 'FIELD_R_COMMAND'),
(1304, 'FIELD_R_EMAIL'),
(1299, 'FIELD_R_NAME'),
(1303, 'FIELD_R_SI'),
(1302, 'FIELD_R_YEAR'),
(745, 'FIELD_SHORTCUTS'),
(748, 'FIELD_SHORTCUT_NAME'),
(749, 'FIELD_SHORTCUT_URL'),
(750, 'FIELD_SHORTGROUP_ID'),
(744, 'FIELD_SHORTGROUP_NAME'),
(1151, 'FIELD_SHOWALL'),
(1049, 'FIELD_SITE'),
(592, 'FIELD_SITE_FOLDER'),
(588, 'FIELD_SITE_HOST'),
(602, 'FIELD_SITE_ID'),
(728, 'FIELD_SITE_IS_ACTIVE'),
(591, 'FIELD_SITE_IS_DEFAULT'),
(594, 'FIELD_SITE_META_DESCRIPTION'),
(593, 'FIELD_SITE_META_KEYWORDS'),
(590, 'FIELD_SITE_NAME'),
(765, 'FIELD_SITE_PORT'),
(587, 'FIELD_SITE_PROTOCOL'),
(589, 'FIELD_SITE_ROOT'),
(595, 'FIELD_SMAP_CONTENT'),
(127, 'FIELD_SMAP_DEFAULT'),
(130, 'FIELD_SMAP_DESCRIPTION_RTF'),
(384, 'FIELD_SMAP_HTML_TITLE'),
(236, 'FIELD_SMAP_ID'),
(128, 'FIELD_SMAP_IS_DISABLED'),
(126, 'FIELD_SMAP_IS_FINAL'),
(596, 'FIELD_SMAP_LAYOUT'),
(300, 'FIELD_SMAP_LINK_ID'),
(133, 'FIELD_SMAP_META_DESCRIPTION'),
(131, 'FIELD_SMAP_META_KEYWORDS'),
(1206, 'FIELD_SMAP_META_ROBOTS'),
(129, 'FIELD_SMAP_NAME'),
(125, 'FIELD_SMAP_ORDER_NUM'),
(122, 'FIELD_SMAP_PID'),
(467, 'FIELD_SMAP_REDIRECT_URL'),
(123, 'FIELD_SMAP_SEGMENT'),
(1261, 'FIELD_STAFF_ANNOUNCE_RTF'),
(1260, 'FIELD_STAFF_NAME'),
(1264, 'FIELD_STAFF_POST'),
(1262, 'FIELD_STAFF_TEXT_RTF'),
(973, 'FIELD_SVI_COUNT_PERCENT'),
(974, 'FIELD_SVI_DESC_RTF'),
(966, 'FIELD_SV_IS_ACTIVE'),
(967, 'FIELD_SV_NAME'),
(1065, 'FIELD_TABCOUNT'),
(329, 'FIELD_TAGS'),
(703, 'FIELD_TARGET_ID'),
(1073, 'FIELD_TEMPLATE'),
(348, 'FIELD_TEXTBLOCK_SOURCE'),
(1057, 'FIELD_TITLE'),
(77, 'FIELD_TMPL_CONTENT'),
(494, 'FIELD_TMPL_ICON'),
(124, 'FIELD_TMPL_ID'),
(78, 'FIELD_TMPL_IS_SYSTEM'),
(76, 'FIELD_TMPL_LAYOUT'),
(75, 'FIELD_TMPL_NAME'),
(1129, 'FIELD_TOP'),
(677, 'FIELD_TVPROGRAM_ANNOTATION_RTF'),
(681, 'FIELD_TVPROGRAM_CAST'),
(680, 'FIELD_TVPROGRAM_DIRECTOR'),
(684, 'FIELD_TVPROGRAM_HOST'),
(716, 'FIELD_TVPROGRAM_ID'),
(676, 'FIELD_TVPROGRAM_NAME'),
(682, 'FIELD_TVPROGRAM_REDIRECT_URL'),
(674, 'FIELD_TVPROGRAM_SEGMENT'),
(678, 'FIELD_TVPROGRAM_TEXT_RTF'),
(675, 'FIELD_TVPROGRAM_YEAR'),
(768, 'FIELD_TVPS_IS_GROUP'),
(769, 'FIELD_TVPS_IS_PREMIERE'),
(770, 'FIELD_TVPS_NAME'),
(767, 'FIELD_TVPS_URL'),
(715, 'FIELD_TVSLOT_ANNOTATION_RTF'),
(949, 'FIELD_TVSLOT_DATE'),
(713, 'FIELD_TVSLOT_DURATION'),
(950, 'FIELD_TVSLOT_IS_YESTERDAY'),
(712, 'FIELD_TVSLOT_NAME'),
(711, 'FIELD_TVSLOT_TIME'),
(673, 'FIELD_TVTYPE_ID'),
(670, 'FIELD_TVTYPE_NAME'),
(671, 'FIELD_TVTYPE_NAME_PLURAL'),
(669, 'FIELD_TVTYPE_SEGMENT'),
(672, 'FIELD_TVTYPE_SHORTNAME'),
(1169, 'FIELD_TYPE_BOOL'),
(1172, 'FIELD_TYPE_DATE'),
(1173, 'FIELD_TYPE_DATETIME'),
(1174, 'FIELD_TYPE_FILE'),
(1178, 'FIELD_TYPE_INFO'),
(1179, 'FIELD_TYPE_MULTI'),
(1171, 'FIELD_TYPE_SELECT'),
(1168, 'FIELD_TYPE_STRING'),
(1170, 'FIELD_TYPE_TEXT'),
(688, 'FIELD_UPL_DESCRIPTION'),
(444, 'FIELD_UPL_FILE'),
(336, 'FIELD_UPL_NAME'),
(397, 'FIELD_UPL_PATH'),
(687, 'FIELD_UPL_PUBLICATION_DATE'),
(910, 'FIELD_UPL_RESIZE_IMAGE'),
(1033, 'FIELD_UPL_VIEWS'),
(368, 'FIELD_U_ADDRESS'),
(697, 'FIELD_U_AVATAR_IMG'),
(487, 'FIELD_U_AVATAR_PRFILE'),
(695, 'FIELD_U_BIRTHDAY'),
(486, 'FIELD_U_FULLNAME'),
(506, 'FIELD_U_GROUP'),
(277, 'FIELD_U_ID'),
(492, 'FIELD_U_IS_ACTIVE'),
(694, 'FIELD_U_IS_MALE'),
(345, 'FIELD_U_MAIN_PHONE'),
(50, 'FIELD_U_NAME'),
(693, 'FIELD_U_NICK'),
(958, 'FIELD_U_NICK_2'),
(52, 'FIELD_U_PASSWORD'),
(53, 'FIELD_U_PASSWORD2'),
(1285, 'FIELD_U_PHONE'),
(696, 'FIELD_U_PLACE'),
(636, 'FIELD_VACANCY_ANNOTATION_RTF'),
(634, 'FIELD_VACANCY_CONTACT_EMAIL'),
(631, 'FIELD_VACANCY_DATE'),
(632, 'FIELD_VACANCY_END_DATE'),
(638, 'FIELD_VACANCY_INFO_RTF'),
(630, 'FIELD_VACANCY_IS_ACTIVE'),
(633, 'FIELD_VACANCY_NAME'),
(637, 'FIELD_VACANCY_TEXT_RTF'),
(635, 'FIELD_VACANCY_URL_SEGMENT'),
(722, 'FIELD_VOTE_ANNOTATION_RTF'),
(718, 'FIELD_VOTE_CREATED'),
(721, 'FIELD_VOTE_END_DATE'),
(725, 'FIELD_VOTE_ID'),
(717, 'FIELD_VOTE_NAME'),
(723, 'FIELD_VOTE_QUESTION_COUNTER'),
(724, 'FIELD_VOTE_QUESTION_TITLE'),
(720, 'FIELD_VOTE_START_DATE'),
(710, 'FIELD_WEEK_IS_ACTIVE'),
(709, 'FIELD_WEEK_NAME'),
(1117, 'FIELD_WIDGET_ICON_IMG'),
(1113, 'FIELD_WIDGET_NAME'),
(1204, 'FIELD_WIDGET_XML'),
(470, 'FIELD_ZIP_FILE'),
(601, 'LAYOUT_DEFAULT'),
(957, 'LAYOUT_DEFAULT_WITHOUT_SIDEBAR'),
(600, 'LAYOUT_EMPTY'),
(599, 'LAYOUT_GOOGLE_SITEMAP'),
(826, 'LAYOUT_MAIN'),
(825, 'LAYOUT_MAIN_PAGE'),
(598, 'LAYOUT_NE_ADMIN'),
(1226, 'LAYOUT_PROJECT'),
(556, 'MSG_BAD_CURR_ABBR'),
(144, 'MSG_BAD_EMAIL_FORMAT'),
(146, 'MSG_BAD_FLOAT_FORMAT'),
(178, 'MSG_BAD_FORMAT'),
(145, 'MSG_BAD_PHONE_FORMAT'),
(179, 'MSG_BAD_USER_NAME_FORMAT'),
(154, 'MSG_CONFIRM_DELETE'),
(1152, 'MSG_CONFIRM_TEMPLATES_RESET'),
(499, 'MSG_DELETE_FILE'),
(1259, 'MSG_EMPTY_RECORDSET'),
(343, 'MSG_EMPTY_SEARCH_RESULT'),
(136, 'MSG_FIELD_IS_NOT_NULL'),
(783, 'MSG_FILE_IS_NOT_NULL'),
(1223, 'MSG_GAME_CORRECT_ANSWER'),
(1238, 'MSG_GAME_DEFAULT_TEXT'),
(1224, 'MSG_GAME_MISTAKE'),
(1220, 'MSG_GAME_NEXT_QUESTION'),
(1242, 'MSG_GAME_SAVE_RESULT_NEED_AUTH'),
(1241, 'MSG_GAME_SAVE_RESULT_SUCCESS'),
(1222, 'MSG_GAME_SELECT_ANSWER'),
(1237, 'MSG_GAME_STAGE_NUMBER'),
(1249, 'MSG_GAME_WAIT'),
(784, 'MSG_LOAD_FILE'),
(447, 'MSG_NO_ATTACHED_FILES'),
(261, 'MSG_NO_FILE'),
(296, 'MSG_PASSWORD_SENT'),
(374, 'MSG_PWD_MISMATCH'),
(1219, 'MSG_RELOAD_GAME'),
(424, 'MSG_REQUEST_SENT'),
(331, 'MSG_START_EDITING'),
(558, 'MSG_SWITCHER_TIP'),
(1153, 'MSG_TEMPLATES_RESET'),
(1270, 'TAB_ANSWERS'),
(445, 'TAB_ATTACHED_FILES'),
(510, 'TAB_PAGE_RIGHTS'),
(1045, 'TAB_PARAMS'),
(320, 'TXT_ACCESS_EDIT'),
(319, 'TXT_ACCESS_FULL'),
(321, 'TXT_ACCESS_READ'),
(1213, 'TXT_ACTION_SELECTOR'),
(456, 'TXT_ADDRESS'),
(1028, 'TXT_ADD_TO_FAVORITES'),
(1140, 'TXT_ADS'),
(508, 'TXT_AFTER_SAVE_ACTION'),
(953, 'TXT_AGE'),
(173, 'TXT_ALIGN_BOTTOM'),
(176, 'TXT_ALIGN_LEFT'),
(174, 'TXT_ALIGN_MIDDLE'),
(177, 'TXT_ALIGN_RIGHT'),
(175, 'TXT_ALIGN_TOP'),
(879, 'TXT_ALL'),
(760, 'TXT_ALL_CASTINGS'),
(1258, 'TXT_ALL_EPISODES'),
(762, 'TXT_ALL_GENRES'),
(1278, 'TXT_ALL_MANAGERS'),
(1142, 'TXT_ALL_NEWS'),
(1275, 'TXT_ALL_PRESENTERS'),
(912, 'TXT_ANSWER'),
(1266, 'TXT_ANSWERSEDITOR'),
(1254, 'TXT_AUTH_BLOCK_TITLE'),
(429, 'TXT_BACK_TO_LIST'),
(985, 'TXT_BAD_CAPTCHA'),
(302, 'TXT_BAD_SEGMENT_FORMAT'),
(1037, 'TXT_BAN'),
(1085, 'TXT_BANIP'),
(1015, 'TXT_BANIPEDITOR'),
(1017, 'TXT_BAN_FOR_DAY'),
(1021, 'TXT_BAN_FOR_EVER'),
(1019, 'TXT_BAN_FOR_MONTH'),
(1018, 'TXT_BAN_FOR_WEEK'),
(1020, 'TXT_BAN_FOR_YEAR'),
(1229, 'TXT_BEDITOR'),
(1286, 'TXT_BODY_REGISTER'),
(1309, 'TXT_BODY_REQUEST_ADMIN'),
(1307, 'TXT_BODY_REQUEST_USER'),
(813, 'TXT_CASTING_BLOCK'),
(759, 'TXT_CASTING_LABEL'),
(763, 'TXT_CAT_NEWS_ALL'),
(1093, 'TXT_CHANGED'),
(421, 'TXT_CLOSE_FIELD'),
(432, 'TXT_CONTACTS'),
(419, 'TXT_CONTACTS_TITLE'),
(1212, 'TXT_CONTENT'),
(560, 'TXT_CURRENCY_RATE'),
(883, 'TXT_DAY_MAIN_NEWS'),
(943, 'TXT_DELETE'),
(82, 'TXT_DETAIL_INFO'),
(507, 'TXT_DIVISIONS'),
(238, 'TXT_DIVISION_EDITOR'),
(121, 'TXT_DIV_EDITOR'),
(205, 'TXT_DOWNLOAD_FILE'),
(942, 'TXT_EDIT'),
(112, 'TXT_EDIT_ITEM'),
(1187, 'TXT_EMAIL_FROM_FORM'),
(579, 'TXT_ENTER_CAPTCHA'),
(371, 'TXT_ENTER_PASSWORD'),
(64, 'TXT_ERRORS'),
(987, 'TXT_FEEDBACKARTISTSEDITOR'),
(1004, 'TXT_FEEDBACKCOMMONLIST'),
(443, 'TXT_FEEDBACKLIST'),
(1298, 'TXT_FEEDBACK_FORM'),
(1001, 'TXT_FEEDBACK_FROM_AUTHOR'),
(1002, 'TXT_FEEDBACK_FROM_EMAIL'),
(991, 'TXT_FEEDBACK_FROM_PHONE'),
(1000, 'TXT_FEEDBACK_FROM_TEXT'),
(440, 'TXT_FEEDBACK_SUCCESS_SEND'),
(691, 'TXT_FEMALE'),
(396, 'TXT_FILELIBRARY'),
(683, 'TXT_FILEREPO'),
(326, 'TXT_FILTER'),
(1149, 'TXT_FILTER_SIGN_BETWEEN'),
(1147, 'TXT_FILTER_SIGN_CONTAINS'),
(1148, 'TXT_FILTER_SIGN_NOT_CONTAINS'),
(297, 'TXT_FORGOT_PWD'),
(1180, 'TXT_FORM'),
(1183, 'TXT_FORMRESULTS'),
(1185, 'TXT_FORM_SUCCESS_SEND'),
(739, 'TXT_FROM'),
(756, 'TXT_FULL_SCHEDULE'),
(1225, 'TXT_GAME_IS_FINISHED'),
(1221, 'TXT_GAME_QUESTION_PREFIX'),
(1240, 'TXT_GAME_SCORE'),
(1239, 'TXT_GAME_TIME'),
(914, 'TXT_GENDER'),
(761, 'TXT_GENRE_LABEL'),
(450, 'TXT_H1'),
(451, 'TXT_H2'),
(452, 'TXT_H3'),
(453, 'TXT_H4'),
(454, 'TXT_H5'),
(455, 'TXT_H6'),
(344, 'TXT_HOME'),
(255, 'TXT_IMAGE_LIBRARY'),
(971, 'TXT_ITEMEDITOR'),
(279, 'TXT_LANGUAGE_EDITOR'),
(1211, 'TXT_LAYOUT'),
(1317, 'TXT_LIBRARY'),
(954, 'TXT_LOCATION'),
(1251, 'TXT_LOGIN'),
(580, 'TXT_LOGIN_ENGAGED'),
(1137, 'TXT_LOGIN_FORM'),
(624, 'TXT_MAIN_NEWS'),
(692, 'TXT_MALE'),
(471, 'TXT_MONTH_1'),
(480, 'TXT_MONTH_10'),
(481, 'TXT_MONTH_11'),
(482, 'TXT_MONTH_12'),
(472, 'TXT_MONTH_2'),
(473, 'TXT_MONTH_3'),
(474, 'TXT_MONTH_4'),
(475, 'TXT_MONTH_5'),
(476, 'TXT_MONTH_6'),
(477, 'TXT_MONTH_7'),
(478, 'TXT_MONTH_8'),
(479, 'TXT_MONTH_9'),
(1250, 'TXT_NEWS_BY_TAG'),
(827, 'TXT_NEW_PHOTO'),
(1205, 'TXT_NEW_TEXTBLOCK'),
(812, 'TXT_NEW_VIDEO'),
(1200, 'TXT_NO'),
(880, 'TXT_NOW'),
(156, 'TXT_NO_RIGHTS'),
(420, 'TXT_OPEN_FIELD'),
(548, 'TXT_OR'),
(83, 'TXT_ORDER'),
(216, 'TXT_PAGES'),
(529, 'TXT_PARAM_TYPE_INT'),
(528, 'TXT_PARAM_TYPE_STRING'),
(530, 'TXT_PARAM_TYPE_TEXT'),
(830, 'TXT_PHOTO'),
(915, 'TXT_PLACE'),
(1030, 'TXT_POST_ON_FACEBOOK'),
(1032, 'TXT_POST_ON_LIVEJOURNAL'),
(1031, 'TXT_POST_ON_TWITTER'),
(1029, 'TXT_POST_ON_VKONTAKTE'),
(878, 'TXT_PREMIERE'),
(385, 'TXT_PREVIEW'),
(1027, 'TXT_PRINT'),
(1109, 'TXT_PROJECT_NEWS'),
(81, 'TXT_PROPERTIES'),
(1271, 'TXT_QUESTIONEDITOR'),
(979, 'TXT_READ_ALL_CASTINGS'),
(758, 'TXT_READ_ALL_NEWS'),
(965, 'TXT_READ_ALL_VACANCIES'),
(752, 'TXT_READ_MORE'),
(1253, 'TXT_REGFORM'),
(1252, 'TXT_REGISTER'),
(886, 'TXT_REGISTRATION'),
(135, 'TXT_REGISTRATION_SUCCESS'),
(690, 'TXT_REGISTRATION_TEXT'),
(1305, 'TXT_REQUEST_FORM'),
(439, 'TXT_REQUIRED_FIELDS'),
(449, 'TXT_RESET'),
(1089, 'TXT_RESET_CONTENT'),
(328, 'TXT_RESET_FILTER'),
(341, 'TXT_ROLE_DIV_RIGHTS'),
(274, 'TXT_ROLE_EDITOR'),
(488, 'TXT_ROLE_TEXT'),
(1214, 'TXT_SAVE_CONTENT'),
(1216, 'TXT_SAVE_TO_CURRENT_CONTENT'),
(1215, 'TXT_SAVE_TO_NEW_CONTENT'),
(511, 'TXT_SEARCH_CATALOGUE'),
(342, 'TXT_SEARCH_RESULT'),
(1026, 'TXT_SEND_EMAIL'),
(757, 'TXT_SHARE_BLOCK_TITLE'),
(143, 'TXT_SHIT_HAPPENS'),
(1257, 'TXT_SHORT_EPISODES'),
(1277, 'TXT_SHORT_MANAGERS'),
(1255, 'TXT_SHORT_NEWS'),
(1274, 'TXT_SHORT_PRESENTERS'),
(1012, 'TXT_SIMILAR_NEWS'),
(431, 'TXT_SITEMAP'),
(968, 'TXT_SPONSORVOTEEDITOR'),
(1003, 'TXT_SUBJ_FEEDBACK_COMMON'),
(504, 'TXT_SUBJ_REGISTER'),
(1308, 'TXT_SUBJ_REQUEST_ADMIN'),
(1306, 'TXT_SUBJ_REQUEST_USER'),
(293, 'TXT_SUBJ_RESTORE_PASSWORD'),
(80, 'TXT_SUCCESS'),
(186, 'TXT_TEMPLATE_EDITOR'),
(1097, 'TXT_TEXTBLOCK_SOURCE_EDITOR'),
(322, 'TXT_THUMB'),
(740, 'TXT_TO'),
(726, 'TXT_TODAY'),
(1141, 'TXT_TOPNEWS'),
(1311, 'TXT_TOP_NEWS'),
(828, 'TXT_TOP_PHOTO'),
(785, 'TXT_TOP_VIDEO'),
(1228, 'TXT_TOTAL'),
(1227, 'TXT_TRKU'),
(1256, 'TXT_TRKU_REGISTER'),
(708, 'TXT_TVWEEKSCHEDULEEDITOR'),
(884, 'TXT_UNKNOWN'),
(1022, 'TXT_USER_BAN_EDITOR'),
(273, 'TXT_USER_EDITOR'),
(287, 'TXT_USER_GREETING'),
(304, 'TXT_USER_GROUPS'),
(286, 'TXT_USER_NAME'),
(325, 'TXT_USER_PROFILE_SAVED'),
(375, 'TXT_USER_PROFILE_WRONG_PWD'),
(441, 'TXT_USER_REGISTRED'),
(640, 'TXT_VACANCIES'),
(811, 'TXT_VACANCIES_BLOCK'),
(964, 'TXT_VACANCY_CONTACT_EMAIL'),
(963, 'TXT_VACANCY_END_DATE'),
(962, 'TXT_VACANCY_START_DATE'),
(871, 'TXT_VIDEO'),
(110, 'TXT_VIEW_ITEM'),
(1011, 'TXT_VIEW_VIDEO'),
(661, 'TXT_VIKNA_NEWS'),
(984, 'TXT_VOTE'),
(983, 'TXT_VOTES_IN_FAVOUR'),
(786, 'TXT_VOTE_TITLE'),
(873, 'TXT_WATCH'),
(764, 'TXT_WATCH_ALL'),
(829, 'TXT_WATCH_ALL_PHOTO'),
(787, 'TXT_WATCH_ALL_VIDEO'),
(1125, 'TXT_WIDGETEDITOR'),
(1199, 'TXT_YES'),
(727, 'TXT_YESTERDAY'),
(642, 'TXT_YOU_ALREADY_VOTED');

-- --------------------------------------------------------

--
-- Структура таблицы `share_lang_tags_translation`
--

CREATE TABLE IF NOT EXISTS `share_lang_tags_translation` (
  `ltag_id` int(10) unsigned NOT NULL DEFAULT '0',
  `lang_id` int(10) unsigned NOT NULL DEFAULT '0',
  `ltag_value_rtf` text NOT NULL,
  PRIMARY KEY (`ltag_id`,`lang_id`),
  KEY `FK_tranaslatelv_language` (`lang_id`)
) ENGINE=InnoDB DEFAULT CHARSET=utf8;

--
-- Дамп данных таблицы `share_lang_tags_translation`
--

INSERT INTO `share_lang_tags_translation` (`ltag_id`, `lang_id`, `ltag_value_rtf`) VALUES
(14, 1, 'Значение'),
(14, 2, 'Значение'),
(15, 1, 'Выйти'),
(15, 2, 'Выйти'),
(42, 1, 'Сохранить'),
(42, 2, 'Сохранить'),
(43, 1, 'Добавить'),
(43, 2, 'Добавить'),
(45, 1, 'вернуться к списку'),
(45, 2, 'вернуться к списку'),
(46, 1, 'Редактировать'),
(46, 2, 'Редактировать'),
(47, 1, 'Удалить'),
(47, 2, 'Удалить'),
(49, 1, 'Имя тега'),
(49, 2, 'Имя тега'),
(50, 1, 'E-mail'),
(50, 2, 'E-mail'),
(52, 1, 'Пароль'),
(52, 2, 'Пароль'),
(53, 1, 'Повторите пароль'),
(53, 2, 'Повторите пароль'),
(54, 1, 'Зарегистрироваться'),
(54, 2, 'Зарегистрироваться'),
(55, 1, 'Сохранить изменения'),
(55, 2, 'Сохранить изменения'),
(56, 1, 'Режим редактирования'),
(56, 2, 'Режим редактирования'),
(57, 1, 'Добавить страницу'),
(57, 2, 'Добавить страницу'),
(58, 1, 'Редактировать страницу'),
(58, 2, 'Редактировать страницу'),
(59, 1, 'Удалить страницу'),
(59, 2, 'Удалить страницу'),
(60, 1, 'Режим просмотра'),
(60, 2, 'Режим просмотра'),
(61, 1, 'Исходный код'),
(61, 2, 'Исходный код'),
(62, 1, 'Назначить группы'),
(62, 2, 'Назначить группы'),
(63, 1, 'Группы'),
(63, 2, 'Группы'),
(64, 1, 'В процессе работы возникли ошибки'),
(64, 2, 'В процессе работы возникли ошибки'),
(65, 1, 'Невозможно удалить себя самого.'),
(65, 2, 'Невозможно удалить себя самого.'),
(66, 1, 'Имя группы'),
(66, 2, 'Имя группы'),
(67, 1, 'По умолчанию для гостей'),
(67, 2, 'По умолчанию для гостей'),
(68, 1, 'По умолчанию для пользователей'),
(68, 2, 'По умолчанию для пользователей'),
(69, 1, 'Аббревиатура языка'),
(69, 2, 'Аббревиатура языка'),
(70, 1, 'Название языка'),
(70, 2, 'Название языка'),
(71, 1, 'Язык по умолчанию'),
(71, 2, 'Язык по умолчанию'),
(73, 1, 'Локаль для Windows'),
(73, 2, 'Локаль для Windows'),
(74, 1, 'Назначить права'),
(74, 2, 'Назначить права'),
(75, 1, 'Название шаблона'),
(75, 2, 'Название шаблона'),
(76, 1, 'Layout'),
(76, 2, 'Layout'),
(77, 1, 'Content'),
(77, 2, 'Content'),
(78, 1, 'Системный шаблон'),
(78, 2, 'Системный шаблон'),
(79, 1, 'Войти'),
(79, 2, 'Войти'),
(80, 1, 'Регистрация прошла успешно'),
(80, 2, 'Регистрация прошла успешно'),
(81, 1, 'Свойства'),
(81, 2, 'Свойства'),
(82, 1, 'подробнее'),
(82, 2, 'подробнее'),
(83, 1, 'Заказать'),
(83, 2, 'Заказать'),
(96, 1, 'Ошибка 404: документ не найден.'),
(96, 2, 'Ошибка 404: документ не найден.'),
(109, 1, 'Перевод'),
(109, 2, 'Перевод'),
(110, 1, 'Просмотр'),
(110, 2, 'Просмотр'),
(112, 1, 'Редактирование'),
(112, 2, 'Редактирование'),
(121, 1, 'Редактор разделов'),
(121, 2, 'Редактор разделов'),
(122, 1, 'Родительский раздел'),
(122, 2, 'Родительский раздел'),
(123, 1, 'Сегмент URI'),
(123, 2, 'Сегмент URI'),
(124, 1, 'Шаблон'),
(124, 2, 'Шаблон'),
(125, 1, 'Порядок следования'),
(125, 2, 'Порядок следования'),
(126, 1, 'Конечный раздел'),
(126, 2, 'Конечный раздел'),
(127, 1, 'Раздел по умолчанию'),
(127, 2, 'Раздел по умолчанию'),
(128, 1, 'Отключен'),
(128, 2, 'Отключен'),
(129, 1, 'Название раздела'),
(129, 2, 'Название раздела'),
(130, 1, 'Описание раздела'),
(130, 2, 'Описание раздела'),
(131, 1, 'Ключевые слова (meta keywords)'),
(131, 2, 'Ключевые слова (meta keywords)'),
(133, 1, 'Мета-описание (meta description)'),
(133, 2, 'Мета-описание (meta description)'),
(134, 1, 'Закрыть'),
(134, 2, 'Закрыть'),
(135, 1, 'Успешная регистрация'),
(135, 2, 'Успешная регистрация'),
(136, 1, 'Поле не может быть пустым.'),
(136, 2, 'Поле не может быть пустым.'),
(143, 1, 'При сохранении произошли ошибки'),
(143, 2, 'При сохранении произошли ошибки'),
(144, 1, 'Неправильный формат e-mail.'),
(144, 2, 'Неправильный формат e-mail.'),
(145, 1, 'Неправильный формат телефонного номера. Он должен содержать только цифры, знак "-", или пробел.'),
(145, 2, 'Неправильный формат телефонного номера. Он должен содержать только цифры, знак "-", или пробел.'),
(146, 1, 'Неправильный формат числа.'),
(146, 2, 'Неправильный формат числа.'),
(154, 1, 'Вы уверены, что хотите удалить запись? Восстановить данные потом будет невозможно.'),
(154, 2, 'Вы уверены, что хотите удалить запись? Восстановить данные потом будет невозможно.'),
(156, 1, 'Права отсутствуют'),
(156, 2, 'Права отсутствуют'),
(157, 1, 'Просмотреть'),
(157, 2, 'Просмотреть'),
(158, 1, 'Изображение'),
(158, 2, 'Изображение'),
(159, 1, 'Описание изображения'),
(159, 2, 'Описание изображения'),
(160, 1, 'Маленькое изображение'),
(160, 2, 'Маленькое изображение'),
(161, 1, 'Вставить изображение'),
(161, 2, 'Вставить изображение'),
(162, 1, 'Имя файла'),
(162, 2, 'Имя файла'),
(163, 1, 'Ширина'),
(163, 2, 'Ширина'),
(164, 1, 'Высота'),
(164, 2, 'Высота'),
(165, 1, 'Горизонтальный отступ'),
(165, 2, 'Горизонтальный отступ'),
(166, 1, 'Вертикальный отступ'),
(166, 2, 'Вертикальный отступ'),
(167, 1, 'Альтернативный текст'),
(167, 2, 'Альтернативный текст'),
(168, 1, 'Вставить изображение'),
(168, 2, 'Вставить изображение'),
(169, 1, 'Библиотека изображений'),
(169, 2, 'Библиотека изображений'),
(170, 1, 'У Вас недостаточно прав на просмотр этой страницы.'),
(170, 2, 'У Вас недостаточно прав на просмотр этой страницы.'),
(171, 1, 'Менеджер изображений'),
(171, 2, 'Менеджер изображений'),
(172, 1, 'Выравнивание'),
(172, 2, 'Выравнивание'),
(173, 1, 'Внизу'),
(173, 2, 'Внизу'),
(174, 1, 'Посередине'),
(174, 2, 'Посередине'),
(175, 1, 'Вверху'),
(175, 2, 'Вверху'),
(176, 1, 'Слева'),
(176, 2, 'Слева'),
(177, 1, 'Справа'),
(177, 2, 'Справа'),
(178, 1, 'Неправильный формат'),
(178, 2, 'Неправильный формат'),
(179, 1, 'Неправильный формат имени пользователя. В поле должны быть только латинские буквы и цифры.'),
(179, 2, 'Неправильный формат имени пользователя. В поле должны быть только латинские буквы и цифры.'),
(186, 1, 'Редактор шаблонов'),
(186, 2, 'Редактор шаблонов'),
(205, 1, 'Загрузить в формате PDF'),
(205, 2, 'Загрузить в формате PDF'),
(214, 1, 'Перейти'),
(214, 2, 'Перейти'),
(216, 1, 'Страницы'),
(216, 2, 'Страницы'),
(236, 1, 'Категория'),
(236, 2, 'Категория'),
(237, 1, 'Выбрать'),
(237, 2, 'Выбрать'),
(238, 1, 'Список разделов'),
(238, 2, 'Список разделов'),
(250, 1, 'Поднять'),
(250, 2, 'Поднять'),
(251, 1, 'Опустить'),
(251, 2, 'Опустить'),
(255, 1, 'Библиотека изображений'),
(255, 2, 'Библиотека изображений'),
(260, 1, 'Загрузить'),
(260, 2, 'Загрузить'),
(261, 1, 'Файл не выбран'),
(261, 2, 'Файл не выбран'),
(263, 1, 'Произошла ошибка при работе с базой данных.'),
(263, 2, 'Произошла ошибка при работе с базой данных.'),
(265, 1, 'Запомнить'),
(265, 2, 'Запомнить'),
(269, 1, 'Отправить'),
(269, 2, 'Отправить'),
(273, 1, 'Редактор пользователей'),
(273, 2, 'Редактор пользователей'),
(274, 1, 'Редактор ролей'),
(274, 2, 'Редактор ролей'),
(277, 1, 'Пользователь'),
(277, 2, 'Пользователь'),
(279, 1, 'Редактор языков'),
(279, 2, 'Редактор языков'),
(284, 1, 'Искать'),
(284, 2, 'Искать'),
(286, 1, 'Вы вошли в систему как'),
(286, 2, 'Вы вошли в систему как'),
(287, 1, 'Приветствуем,'),
(287, 2, 'Приветствуем,'),
(293, 1, 'Восстановление пароля'),
(293, 2, 'Восстановление пароля'),
(295, 1, 'Неправильное имя пользователя'),
(295, 2, 'Неправильное имя пользователя'),
(296, 1, 'На указанный вами адрес электронной почты был отправлен новый пароль.'),
(296, 2, 'На указанный вами адрес электронной почты был отправлен новый пароль.'),
(297, 1, 'Забыли пароль?'),
(297, 2, 'Забыли пароль?'),
(300, 1, 'Ссылка на раздел'),
(300, 2, 'Ссылка на раздел'),
(302, 1, 'Неправильный формат сегмента URL'),
(302, 2, 'Неправильный формат сегмента URL'),
(303, 1, '<P><STRONG>Пользователь с такими данными уже существует.</STRONG></P>\n<P>Скорее всего вы уже зарегистрированы в нашем магазине. </P>\n<P>Вам необходимо авторизоваться , перейдя на форму авторизации. </P>\n<P>Если вы забыли свой пароль, воспользуйтесь формой восстановления пароля, расположенной на той же странице.</P>'),
(303, 2, '<P><STRONG>Пользователь с такими данными уже существует.</STRONG></P>\n<P>Скорее всего вы уже зарегистрированы в нашем магазине. </P>\n<P>Вам необходимо авторизоваться , перейдя на форму авторизации. </P>\n<P>Если вы забыли свой пароль, воспользуйтесь формой восстановления пароля, расположенной на той же странице.</P>'),
(304, 1, 'Группы'),
(304, 2, 'Группы'),
(305, 1, 'Комментарий'),
(305, 2, 'Комментарий'),
(312, 1, 'Открыть'),
(312, 2, 'Открыть'),
(313, 1, 'Создать папку'),
(313, 2, 'Создать папку'),
(314, 1, 'Переименовать'),
(314, 2, 'Переименовать'),
(319, 1, 'Полный доступ'),
(319, 2, 'Полный доступ'),
(320, 1, 'Редактирование'),
(320, 2, 'Редактирование'),
(321, 1, 'Только чтение'),
(321, 2, 'Только чтение'),
(322, 1, 'Маленькое изображение для: '),
(322, 2, 'Маленькое изображение для: '),
(323, 1, 'Структура сайта'),
(323, 2, 'Структура сайта'),
(324, 1, 'Шаблоны'),
(324, 2, 'Шаблоны'),
(325, 1, '<p>Пользовательские настройки сохранены.</p>'),
(325, 2, '<p>Пользовательские настройки сохранены.</p>'),
(326, 1, 'Фильтр'),
(326, 2, 'Фильтр'),
(327, 1, 'Применить'),
(327, 2, 'Применить'),
(328, 1, 'Сбросить'),
(328, 2, 'Сбросить'),
(329, 1, 'Теги'),
(329, 2, 'Теги'),
(330, 1, 'Сохранить и перейти к редактированию'),
(330, 2, 'Сохранить и перейти к редактированию'),
(331, 1, 'Вы хотите перейти на новосозданную страницу?'),
(331, 2, 'Вы хотите перейти на новосозданную страницу?'),
(336, 1, 'Название'),
(336, 2, 'Название'),
(339, 1, 'Нельзя удалить группу по умолчанию'),
(339, 2, 'Нельзя удалить группу по умолчанию'),
(340, 1, 'Права группы по умолчанию'),
(340, 2, 'Права группы по умолчанию'),
(341, 1, 'Права на разделы'),
(341, 2, 'Права на разделы'),
(342, 1, 'Результаты поиска'),
(342, 2, 'Результаты поиска'),
(343, 1, 'По вашему запросу товар не найден.'),
(343, 2, 'По вашему запросу товар не найден.'),
(344, 1, 'Главная'),
(344, 2, 'Главная'),
(345, 1, 'Телефон'),
(345, 2, 'Телефон'),
(346, 1, 'Сохранить'),
(346, 2, 'Сохранить'),
(347, 1, 'Отменить'),
(347, 2, 'Отменить'),
(348, 1, 'Исходный код текстового блока'),
(348, 2, 'Исходный код текстового блока'),
(357, 1, 'Файловый репозиторий'),
(357, 2, 'Файловый репозиторий'),
(365, 1, 'Изменить персональные данные'),
(365, 2, 'Изменить персональные данные'),
(367, 1, 'Новый пароль'),
(367, 2, 'Новый пароль'),
(368, 1, 'Адрес'),
(368, 2, 'Адрес'),
(371, 1, 'Для сохранения необходимо ввести пароль'),
(371, 2, 'Для сохранения необходимо ввести пароль'),
(372, 1, 'Новый пароль'),
(372, 2, 'Новый пароль'),
(373, 1, 'Подтвердите пароль'),
(373, 2, 'Подтвердите пароль'),
(374, 1, 'Новый пароль и его подтверждение должны быть одинаковыми.'),
(374, 2, 'Новый пароль и его подтверждение должны быть одинаковыми.'),
(375, 1, 'Вы ввели неверный пароль'),
(375, 2, 'Вы ввели неверный пароль'),
(376, 1, 'Неверный логин или пароль'),
(376, 2, 'Неверный логин или пароль'),
(381, 1, 'Переводы'),
(381, 2, 'Переводы'),
(383, 1, 'Невозможно изменить порядок следования'),
(383, 2, 'Невозможно изменить порядок следования'),
(384, 1, 'Альтернативный title страницы'),
(384, 2, 'Альтернативный title страницы'),
(385, 1, 'Режим просмотра'),
(385, 2, 'Режим просмотра'),
(389, 1, 'Неправильные данные.'),
(389, 2, 'Неправильные данные.'),
(391, 1, 'Заголовок новости'),
(391, 2, 'Заголовок новости'),
(392, 1, 'Дата новости'),
(392, 2, 'Дата новости'),
(393, 1, 'Анонс новости '),
(393, 2, 'Анонс новости '),
(394, 1, 'Текст новости'),
(394, 2, 'Текст новости'),
(396, 1, 'Файловый репозиторий'),
(396, 2, 'Файловый репозиторий'),
(397, 1, 'Имя папки (сегмент URI)'),
(397, 2, 'Имя папки (сегмент URI)'),
(419, 1, 'Контакты'),
(419, 2, 'Контакты'),
(420, 1, 'Открыть поле'),
(420, 2, 'Открыть поле'),
(421, 1, 'Скрыть поле'),
(421, 2, 'Скрыть поле'),
(422, 1, '/^(([^()<>@,;:\\\\\\".\\[\\] ]+)|("[^"\\\\\\\\\\r]*"))((\\.[^()<>@,;:\\\\\\".\\[\\] ]+)|(\\."[^"\\\\\\\\\\r]*"))*@(([a-z0-9][a-z0-9\\-]+)*[a-z0-9]+\\.)+[a-z]{2,}$/i'),
(422, 2, '/^(([^()<>@,;:\\\\\\".\\[\\] ]+)|("[^"\\\\\\\\\\r]*"))((\\.[^()<>@,;:\\\\\\".\\[\\] ]+)|(\\."[^"\\\\\\\\\\r]*"))*@(([a-z0-9][a-z0-9\\-]+)*[a-z0-9]+\\.)+[a-z]{2,}$/i'),
(424, 1, 'Спасибо за внимание к нашим продуктам. Ваша заявка отправлена. В ближайшее время мы свяжемся с Вами.'),
(424, 2, 'Спасибо за внимание к нашим продуктам. Ваша заявка отправлена. В ближайшее время мы свяжемся с Вами.'),
(426, 1, 'Добавить новость'),
(426, 2, 'Добавить новость'),
(427, 1, 'Редактировать новость'),
(427, 2, 'Редактировать новость'),
(428, 1, 'Удалить новость'),
(428, 2, 'Удалить новость'),
(429, 1, 'вернуться к списку'),
(429, 2, 'вернуться к списку'),
(431, 1, 'Карта сайта'),
(431, 2, 'Карта сайта'),
(432, 1, 'Контакты'),
(432, 2, 'Контакты'),
(436, 1, 'Текст сообщения'),
(436, 2, 'Текст сообщения'),
(437, 1, 'Имя и фамилия'),
(437, 2, 'Имя и фамилия'),
(438, 1, 'Ваш е-mail'),
(438, 2, 'Ваш е-mail'),
(439, 1, '<span class="mark">*</span> - поля, обязательные для заполнения'),
(439, 2, '<span class="mark">*</span> - поля, обязательные для заполнения'),
(440, 1, 'Ваше сообщение успешно отправлено.'),
(440, 2, 'Ваше сообщение успешно отправлено.'),
(441, 1, 'Поздравляем, Вы успешно зарегистрировались. На указанный Вами адрес\nэлектронной почты отправлено письмо с Вашим паролем.'),
(441, 2, 'Поздравляем, Вы успешно зарегистрировались. На указанный Вами адрес\nэлектронной почты отправлено письмо с Вашим паролем.'),
(442, 1, 'Дата сообщения'),
(442, 2, 'Дата сообщения'),
(443, 1, 'Список сообщений'),
(443, 2, 'Список сообщений'),
(444, 1, 'Файл'),
(444, 2, 'Файл'),
(445, 1, 'Дополнительные файлы'),
(445, 2, 'Дополнительные файлы'),
(446, 1, 'Вставить из репозитория'),
(446, 2, 'Вставить из репозитория'),
(447, 1, 'Дополнительные файлы отсутствуют'),
(447, 2, 'Дополнительные файлы отсутствуют'),
(448, 1, 'Удалить'),
(448, 2, 'Удалить'),
(449, 1, 'Очистить форматирование'),
(449, 2, 'Очистить форматирование'),
(450, 1, 'Заголовок 1'),
(450, 2, 'Заголовок 1'),
(451, 1, 'Заголовок 2'),
(451, 2, 'Заголовок 2'),
(452, 1, 'Заголовок 3'),
(452, 2, 'Заголовок 3'),
(453, 1, 'Заголовок 4'),
(453, 2, 'Заголовок 4'),
(454, 1, 'Заголовок 5'),
(454, 2, 'Заголовок 5'),
(455, 1, 'Заголовок 6'),
(455, 2, 'Заголовок 6'),
(456, 1, 'Адрес'),
(456, 2, 'Адрес'),
(457, 1, 'Полужирный шрифт'),
(457, 2, 'Полужирный шрифт'),
(458, 1, 'Курсив'),
(458, 2, 'Курсив'),
(459, 1, 'Вставить ссылку'),
(459, 2, 'Вставить ссылку'),
(460, 1, 'Ненумерованный список'),
(460, 2, 'Ненумерованный список'),
(461, 1, 'Нумерованный список'),
(461, 2, 'Нумерованный список'),
(462, 1, 'Выравнивание по левому краю'),
(462, 2, 'Выравнивание по левому краю'),
(463, 1, 'Выравнивание по правому краю'),
(463, 2, 'Выравнивание по правому краю'),
(464, 1, 'Выравнивание по центру'),
(464, 2, 'Выравнивание по центру'),
(465, 1, 'Выравнивание по ширине'),
(465, 2, 'Выравнивание по ширине'),
(466, 1, 'Вставить ссылку на файл'),
(466, 2, 'Вставить ссылку на файл'),
(467, 1, 'Перенаправлять по адресу'),
(467, 2, 'Перенаправлять по адресу'),
(468, 1, 'Неправильный формат УРЛ'),
(468, 2, 'Неправильный формат УРЛ'),
(469, 1, 'Загрузить архив'),
(469, 2, 'Загрузить архив'),
(470, 1, 'Архив содержащий  файлы для загрузки'),
(470, 2, 'Архив содержащий  файлы для загрузки'),
(471, 1, 'января'),
(471, 2, 'января'),
(472, 1, 'февраля'),
(472, 2, 'февраля'),
(473, 1, 'марта'),
(473, 2, 'марта'),
(474, 1, 'апреля'),
(474, 2, 'апреля'),
(475, 1, 'мая'),
(475, 2, 'мая'),
(476, 1, 'июня'),
(476, 2, 'июня'),
(477, 1, 'июля'),
(477, 2, 'июля'),
(478, 1, 'августа'),
(478, 2, 'августа'),
(479, 1, 'сентября'),
(479, 2, 'сентября'),
(480, 1, 'октября'),
(480, 2, 'октября'),
(481, 1, 'ноября'),
(481, 2, 'ноября'),
(482, 1, 'декабря'),
(482, 2, 'декабря'),
(483, 1, 'Описание'),
(483, 2, 'Описание'),
(484, 1, 'Название'),
(484, 2, 'Название'),
(485, 1, 'Фотография'),
(485, 2, 'Фотография'),
(486, 1, 'Полное имя'),
(486, 2, 'Полное имя'),
(487, 1, 'Аватар'),
(487, 2, 'Аватар'),
(488, 1, 'Роль'),
(488, 2, 'Роль'),
(489, 1, 'Языки'),
(489, 2, 'Языки'),
(490, 1, 'Пользователи'),
(490, 2, 'Пользователи'),
(491, 1, 'Роли'),
(491, 2, 'Роли'),
(492, 1, 'Активизирован'),
(492, 2, 'Активизирован'),
(493, 1, 'Активизировать'),
(493, 2, 'Активизировать'),
(494, 1, 'Иконка'),
(494, 2, 'Иконка'),
(495, 1, 'Добавить фотографию'),
(495, 2, 'Добавить фотографию'),
(497, 1, 'Удалить'),
(497, 2, 'Удалить'),
(498, 1, 'Маленькое изображение'),
(498, 2, 'Маленькое изображение'),
(499, 1, 'Удалить файл'),
(499, 2, 'Удалить файл'),
(500, 1, 'Отступ снизу'),
(500, 2, 'Отступ снизу'),
(501, 1, 'Отступ слева'),
(501, 2, 'Отступ слева'),
(502, 1, 'Оступ справа'),
(502, 2, 'Оступ справа'),
(503, 1, 'Отступ сверху'),
(503, 2, 'Отступ сверху'),
(504, 1, 'Уведомление о регистрации'),
(504, 2, 'Уведомление о регистрации'),
(506, 1, 'Группы'),
(506, 2, 'Группы'),
(507, 1, '<img src="images/loading.gif" width="32" height="32"/>'),
(507, 2, '<img src="images/loading.gif" width="32" height="32"/>'),
(508, 1, 'и'),
(508, 2, 'и'),
(510, 1, 'Права на страницу'),
(510, 2, 'Права на страницу'),
(511, 1, 'Поиск по каталогу'),
(511, 2, 'Поиск по каталогу'),
(512, 1, 'Валюта'),
(512, 2, 'Валюта'),
(513, 1, 'Курс'),
(513, 2, 'Курс'),
(514, 1, 'Аббревиатура'),
(514, 2, 'Аббревиатура'),
(515, 1, 'Формат'),
(515, 2, 'Формат'),
(516, 1, 'Статус товара'),
(516, 2, 'Статус товара'),
(517, 1, 'Статус по-умолчанию'),
(517, 2, 'Статус по-умолчанию'),
(518, 1, 'Уровень прав, необходимый для просмотра товаров с этим статусом'),
(518, 2, 'Уровень прав, необходимый для просмотра товаров с этим статусом'),
(519, 1, 'Статус заказа'),
(519, 2, 'Статус заказа'),
(524, 1, 'Тип товара'),
(524, 2, 'Тип товара'),
(525, 1, 'Параметры'),
(525, 2, 'Параметры'),
(526, 1, 'Параметр'),
(526, 2, 'Параметр'),
(527, 1, 'Тип'),
(527, 2, 'Тип'),
(528, 1, 'Строка'),
(528, 2, 'Строка'),
(529, 1, 'Число'),
(529, 2, 'Число'),
(530, 1, 'Текст'),
(530, 2, 'Текст'),
(531, 1, 'Статус'),
(531, 2, 'Статус'),
(539, 1, 'Тип товара'),
(539, 2, 'Тип товара'),
(542, 1, 'Печатать'),
(542, 2, 'Печатать'),
(544, 1, 'Необходимо указать название раздела для всех не отключенных языковых версий'),
(544, 2, 'Необходимо указать название раздела для всех не отключенных языковых версий'),
(545, 1, 'Поднять'),
(545, 2, 'Поднять'),
(546, 1, 'Опустить'),
(546, 2, 'Опустить'),
(547, 1, 'Значение параметра'),
(547, 2, 'Значение параметра'),
(548, 1, 'или'),
(548, 2, 'или'),
(556, 1, 'Аббревиатура валюты должна состоять из трех латинских букв'),
(556, 2, 'Аббревиатура валюты должна состоять из трех латинских букв'),
(558, 1, 'Показать цены в'),
(558, 2, 'Показать цены в'),
(559, 1, 'Базовая валюта'),
(559, 2, 'Базовая валюта'),
(560, 1, 'Курс валют'),
(560, 2, 'Курс валют'),
(579, 1, 'Пожалуйста, введите цифры изображенные на картинке ниже: '),
(579, 2, 'Пожалуйста, введите цифры изображенные на картинке ниже: '),
(580, 1, 'Этот электронный адрес уже используется. Пожалуйста, используйте другой\ne-mail.'),
(580, 2, 'Этот электронный адрес уже используется. Пожалуйста, используйте другой\ne-mail.'),
(587, 1, 'Протокол'),
(587, 2, 'Протокол'),
(588, 1, 'Хост'),
(588, 2, 'Хост'),
(589, 1, 'Корневая папка'),
(589, 2, 'Корневая папка'),
(590, 1, 'Название сайта'),
(590, 2, 'Название сайта'),
(591, 1, 'Базовый'),
(591, 2, 'Базовый'),
(592, 1, 'Вариант дизайна'),
(592, 2, 'Вариант дизайна'),
(593, 1, 'Мета keywords'),
(593, 2, 'Мета keywords'),
(594, 1, 'Мета описание'),
(594, 2, 'Мета описание'),
(595, 1, 'Содержимое страницы'),
(595, 2, 'Содержимое страницы'),
(596, 1, 'Макет страницы'),
(596, 2, 'Макет страницы'),
(597, 1, 'Редактор разделов'),
(597, 2, 'Редактор разделов'),
(598, 1, 'Административная часть'),
(598, 2, 'Административная часть'),
(599, 1, 'Google sitemap'),
(599, 2, 'Google sitemap'),
(600, 1, 'Пустой'),
(600, 2, 'Пустой'),
(601, 1, 'Базовый'),
(601, 2, 'Базовый'),
(602, 1, 'Проект'),
(602, 2, 'Проект'),
(604, 1, 'Список подразделов'),
(604, 2, 'Список подразделов'),
(605, 1, 'Файловый репозиторий'),
(605, 2, 'Файловый репозиторий'),
(606, 1, 'Google sitemap'),
(606, 2, 'Google sitemap'),
(607, 1, 'Редактор языков'),
(607, 2, 'Редактор языков'),
(608, 1, 'Авторизация'),
(608, 2, 'Авторизация'),
(609, 1, 'Карта сайта'),
(609, 2, 'Карта сайта'),
(610, 1, 'Список новостей'),
(610, 2, 'Список новостей'),
(611, 1, 'Регистрация'),
(611, 2, 'Регистрация'),
(612, 1, 'Редактор новостей'),
(612, 2, 'Редактор новостей'),
(613, 1, 'Восстановление пароля'),
(613, 2, 'Восстановление пароля'),
(614, 1, 'Редактор ролей'),
(614, 2, 'Редактор ролей'),
(617, 1, 'Текстовая страница'),
(617, 2, 'Текстовая страница'),
(618, 1, 'Редактор сайтов'),
(618, 2, 'Редактор сайтов'),
(619, 1, 'Редактор переводов'),
(619, 2, 'Редактор переводов'),
(620, 1, 'Профиль пользователя'),
(620, 2, 'Профиль пользователя'),
(621, 1, 'Редактор пользователей'),
(621, 2, 'Редактор пользователей'),
(624, 1, 'Главные новости'),
(624, 2, 'Главные новости'),
(625, 1, 'Источник'),
(625, 2, 'Источник'),
(630, 1, 'Вакансия открыта'),
(630, 2, 'Вакансия открыта'),
(631, 1, 'Дата открытия вакансии'),
(631, 2, 'Дата открытия вакансии'),
(632, 1, 'Дата закрытия вакансии'),
(632, 2, 'Дата закрытия вакансии'),
(633, 1, 'Название вакансии'),
(633, 2, 'Название вакансии'),
(634, 1, 'Контактный e-mail'),
(634, 2, 'Контактный e-mail'),
(635, 1, 'Сегмент URL вакансии'),
(635, 2, 'Сегмент URL вакансии'),
(636, 1, 'Краткое описание вакансии'),
(636, 2, 'Краткое описание вакансии'),
(637, 1, 'Полное описание вакансии'),
(637, 2, 'Полное описание вакансии'),
(638, 1, 'Дополнительная информация'),
(638, 2, 'Дополнительная информация'),
(639, 1, 'Загрузить файл'),
(639, 2, 'Загрузить файл'),
(640, 1, 'Вакансии'),
(640, 2, 'Вакансии'),
(641, 1, 'Проголосовать'),
(641, 2, 'Проголосовать'),
(642, 1, 'Вы уже проголосовали.'),
(642, 2, 'Вы уже проголосовали.'),
(647, 1, 'Имя руководителя'),
(647, 2, 'Имя руководителя'),
(651, 1, 'Должность руководителя'),
(651, 2, 'Должность руководителя'),
(652, 1, 'Краткий текст о руководителе'),
(652, 2, 'Краткий текст о руководителе'),
(653, 1, 'Полный текст про руководителя'),
(653, 2, 'Полный текст про руководителя'),
(660, 1, 'Скрыть версию'),
(660, 2, 'Скрыть версию'),
(661, 1, 'Викна-новости'),
(661, 2, 'Викна-новости'),
(665, 1, 'Дата начала кастинга'),
(665, 2, 'Дата начала кастинга'),
(666, 1, 'Название кастинга'),
(666, 2, 'Название кастинга'),
(667, 1, 'Краткий текст о кастинге'),
(667, 2, 'Краткий текст о кастинге'),
(668, 1, 'Полный текст про кастинг'),
(668, 2, 'Полный текст про кастинг'),
(669, 1, 'Сегмент URI жанра'),
(669, 2, 'Сегмент URI жанра'),
(670, 1, 'Название жанра'),
(670, 2, 'Название жанра'),
(671, 1, 'Название жанра (во множественном числе)'),
(671, 2, 'Название жанра (во множественном числе)'),
(672, 1, 'Аббревиатура жанра'),
(672, 2, 'Аббревиатура жанра'),
(673, 1, 'Жанр передачи'),
(673, 2, 'Жанр передачи'),
(674, 1, 'Сегмент URI передачи'),
(674, 2, 'Сегмент URI передачи'),
(675, 1, 'Год выпуска'),
(675, 2, 'Год выпуска'),
(676, 1, 'Название передачи'),
(676, 2, 'Название передачи'),
(677, 1, 'Краткий текст о передаче'),
(677, 2, 'Краткий текст о передаче'),
(678, 1, 'Полный текст про передачу'),
(678, 2, 'Полный текст про передачу'),
(680, 1, 'Режиссер'),
(680, 2, 'Режиссер'),
(681, 1, 'В ролях'),
(681, 2, 'В ролях'),
(682, 1, 'Перенаправлять на страницу'),
(682, 2, 'Перенаправлять на страницу'),
(683, 1, 'Файловый репозиторий'),
(683, 2, 'Файловый репозиторий'),
(684, 1, 'Ведущий'),
(684, 2, 'Ведущий'),
(686, 1, 'Дата публикации'),
(686, 2, 'Дата публикации'),
(687, 1, 'Дата публикации'),
(687, 2, 'Дата публикации'),
(688, 1, 'Описание'),
(688, 2, 'Описание'),
(689, 1, 'Подпись к картинке'),
(689, 2, 'Подпись к картинке'),
(690, 1, 'Введите Ваш логин (в качестве логина используется адрес Вашей\nэлектронной почты), желаемый никнейм (Ваше отображаемое имя) и полное\nимя. Система автоматически создаст пароль и отправит Вам по указанному\nэлектронному адресу.'),
(690, 2, 'Введите Ваш логин (в качестве логина используется адрес Вашей\nэлектронной почты), желаемый никнейм (Ваше отображаемое имя) и полное\nимя. Система автоматически создаст пароль и отправит Вам по указанному\nэлектронному адресу.'),
(691, 1, 'Женский'),
(691, 2, 'Женский'),
(692, 1, 'Мужской'),
(692, 2, 'Мужской'),
(693, 1, 'Никнейм (Ваше отображаемое имя)'),
(693, 2, 'Никнейм (Ваше отображаемое имя)'),
(694, 1, 'Пол'),
(694, 2, 'Пол'),
(695, 1, 'Дата рождения'),
(695, 2, 'Дата рождения'),
(696, 1, 'Из какого Вы города?'),
(696, 2, 'Из какого Вы города?'),
(697, 1, 'Аватар (100px х 100px)'),
(697, 2, 'Аватар (100px х 100px)'),
(699, 1, 'Подпись под картинкой'),
(699, 2, 'Подпись под картинкой'),
(701, 1, 'Разрешить'),
(701, 2, 'Разрешить'),
(703, 1, 'Таргет'),
(703, 2, 'Таргет'),
(708, 1, 'Программа'),
(708, 2, 'Программа'),
(709, 1, 'Период'),
(709, 2, 'Период'),
(710, 1, 'Активная'),
(710, 2, 'Активная'),
(711, 1, 'Время'),
(711, 2, 'Время'),
(712, 1, 'Название'),
(712, 2, 'Название'),
(713, 1, 'Продолжительность'),
(713, 2, 'Продолжительность'),
(715, 1, 'Аннотация'),
(715, 2, 'Аннотация'),
(716, 1, 'Программа'),
(716, 2, 'Программа'),
(717, 1, 'Заголовок'),
(717, 2, 'Заголовок'),
(718, 1, 'Дата создания'),
(718, 2, 'Дата создания'),
(720, 1, 'Дата начала'),
(720, 2, 'Дата начала'),
(721, 1, 'Дата окончания'),
(721, 2, 'Дата окончания'),
(722, 1, 'Текст'),
(722, 2, 'Текст'),
(723, 1, 'Количество голосов'),
(723, 2, 'Количество голосов'),
(724, 1, 'Вариант ответа'),
(724, 2, 'Вариант ответа'),
(725, 1, 'Вопрос'),
(725, 2, 'Вопрос'),
(726, 1, 'Сегодня'),
(726, 2, 'Сегодня'),
(727, 1, 'Вчера'),
(727, 2, 'Вчера'),
(728, 1, 'Активный'),
(728, 2, 'Активный'),
(729, 1, 'Пн'),
(729, 2, 'Пн'),
(730, 1, 'Вт'),
(730, 2, 'Вт'),
(731, 1, 'Ср'),
(731, 2, 'Ср'),
(732, 1, 'Чт'),
(732, 2, 'Чт'),
(733, 1, 'Пт'),
(733, 2, 'Пт'),
(734, 1, 'Сб'),
(734, 2, 'Сб'),
(735, 1, 'Вс'),
(735, 2, 'Вс'),
(736, 1, 'Сегмент УРЛ'),
(736, 2, 'Сегмент УРЛ'),
(737, 1, 'Категории'),
(737, 2, 'Категории'),
(738, 1, 'Название категории'),
(738, 2, 'Название категории'),
(739, 1, 'с'),
(739, 2, 'с'),
(740, 1, 'по'),
(740, 2, 'по'),
(742, 1, 'Добавить группу'),
(742, 2, 'Добавить группу'),
(743, 1, 'Добавить ссылку'),
(743, 2, 'Добавить ссылку'),
(744, 1, 'Название группы'),
(744, 2, 'Название группы'),
(745, 1, 'Элементы'),
(745, 2, 'Элементы'),
(748, 1, 'Название элемента'),
(748, 2, 'Название элемента'),
(749, 1, 'УРЛ элемента'),
(749, 2, 'УРЛ элемента'),
(750, 1, 'Группа'),
(750, 2, 'Группа'),
(752, 1, 'подробнее'),
(752, 2, 'подробнее'),
(753, 1, 'Предыдущая<br/>\r\nнеделя'),
(753, 2, 'Предыдущая<br/>\r\nнеделя'),
(756, 1, 'Все расписание'),
(756, 2, 'Все расписание'),
(757, 1, 'Будьте с нами'),
(757, 2, 'Будьте с нами'),
(758, 1, 'читать все новости'),
(758, 2, 'читать все новости'),
(759, 1, 'Смотреть по проекту'),
(759, 2, 'Смотреть по проекту'),
(760, 1, 'Все проекты'),
(760, 2, 'Все проекты'),
(761, 1, 'Фильтровать по жанрам'),
(761, 2, 'Фильтровать по жанрам'),
(762, 1, 'Все жанры'),
(762, 2, 'Все жанры'),
(763, 1, 'Все'),
(763, 2, 'Все'),
(764, 1, 'смотреть все'),
(764, 2, 'смотреть все'),
(765, 1, 'Порт'),
(765, 2, 'Порт'),
(766, 1, 'Скопировать структуру с'),
(766, 2, 'Скопировать структуру с'),
(767, 1, 'Адрес'),
(767, 2, 'Адрес'),
(768, 1, 'Группа'),
(768, 2, 'Группа'),
(769, 1, 'Премьера'),
(769, 2, 'Премьера'),
(770, 1, 'Название'),
(770, 2, 'Название'),
(772, 1, 'Название'),
(772, 2, 'Название'),
(773, 1, 'Описание'),
(773, 2, 'Описание'),
(774, 1, 'Закрыта'),
(774, 2, 'Закрыта'),
(775, 1, 'Категория'),
(775, 2, 'Категория'),
(783, 1, 'Необходимо загрузить файл'),
(783, 2, 'Необходимо загрузить файл'),
(784, 1, 'Загрузить файл'),
(784, 2, 'Загрузить файл'),
(785, 1, 'Топ видео'),
(785, 2, 'Топ видео'),
(786, 1, 'Голосование'),
(786, 2, 'Голосование'),
(787, 1, 'смотреть все видео'),
(787, 2, 'смотреть все видео'),
(796, 1, 'Смотрите:'),
(796, 2, 'Смотрите:'),
(797, 1, 'Дата'),
(797, 2, 'Дата'),
(798, 1, 'Название'),
(798, 2, 'Название'),
(799, 1, 'Краткий текст'),
(799, 2, 'Краткий текст'),
(800, 1, 'Текст'),
(800, 2, 'Текст'),
(811, 1, 'Вакансии'),
(811, 2, 'Вакансии'),
(812, 1, 'Новое видео'),
(812, 2, 'Новое видео'),
(813, 1, 'Кастинги'),
(813, 2, 'Кастинги'),
(817, 1, 'Участник выбыл'),
(817, 2, 'Участник выбыл'),
(818, 1, 'Имя'),
(818, 2, 'Имя'),
(819, 1, 'Город'),
(819, 2, 'Город'),
(820, 1, 'Возраст'),
(820, 2, 'Возраст'),
(821, 1, 'Аннотация'),
(821, 2, 'Аннотация'),
(822, 1, 'Текст'),
(822, 2, 'Текст'),
(823, 1, 'Дополнительная информация'),
(823, 2, 'Дополнительная информация'),
(824, 1, 'Фамилия'),
(824, 2, 'Фамилия'),
(825, 1, 'Главная страница'),
(825, 2, 'Главная страница'),
(826, 1, 'Главная страница'),
(826, 2, 'Главная страница'),
(827, 1, 'Новое фото'),
(827, 2, 'Новое фото'),
(828, 1, 'Топ фото'),
(828, 2, 'Топ фото'),
(829, 1, 'смотреть все фото'),
(829, 2, 'смотреть все фото'),
(830, 1, 'Фото'),
(830, 2, 'Фото'),
(841, 1, 'Форма обратной связи'),
(841, 2, 'Форма обратной связи'),
(842, 1, 'Список обратной связи'),
(842, 2, 'Список обратной связи'),
(848, 1, 'Видео'),
(848, 2, 'Видео'),
(856, 1, 'Редактор категорий новостей'),
(856, 2, 'Редактор категорий новостей'),
(858, 1, 'Редактор тегов'),
(858, 2, 'Редактор тегов'),
(865, 1, 'Список дочерних разделов админчасти'),
(865, 2, 'Список дочерних разделов админчасти'),
(867, 1, 'Дата'),
(867, 2, 'Дата'),
(868, 1, 'Добавить галерею'),
(868, 2, 'Добавить галерею'),
(871, 1, 'Видео проекта'),
(871, 2, 'Видео проекта'),
(873, 1, 'Смотреть'),
(873, 2, 'Смотреть'),
(874, 1, 'Топ проекта'),
(874, 2, 'Топ проекта'),
(875, 1, 'Выводить на главную страницу'),
(875, 2, 'Выводить на главную страницу'),
(876, 1, 'Топ'),
(876, 2, 'Топ'),
(877, 1, 'Выводить на главную страницу проекта'),
(877, 2, 'Выводить на главную страницу проекта'),
(878, 1, 'Премьера'),
(878, 2, 'Премьера'),
(879, 1, 'Все'),
(879, 2, 'Все'),
(880, 1, 'Сейчас'),
(880, 2, 'Сейчас'),
(881, 1, 'Выводить на главную'),
(881, 2, 'Выводить на главную'),
(882, 1, 'Главная новость дня'),
(882, 2, 'Главная новость дня'),
(883, 1, 'Главная новость дня'),
(883, 2, 'Главная новость дня'),
(884, 1, 'не указан'),
(884, 2, 'не указан'),
(886, 1, 'Регистрация'),
(886, 2, 'Регистрация'),
(898, 1, 'Верхнее правое изображение'),
(898, 2, 'Верхнее правое изображение'),
(899, 1, 'Отступ верхнего правого изображения'),
(899, 2, 'Отступ верхнего правого изображения'),
(904, 1, 'Нижнее фоновое изображение'),
(904, 2, 'Нижнее фоновое изображение'),
(905, 1, 'Свойства нижнего фонового изображения'),
(905, 2, 'Свойства нижнего фонового изображения'),
(906, 1, 'Верхнее фоновое изображение'),
(906, 2, 'Верхнее фоновое изображение'),
(907, 1, 'Свойства верхнего фонового изображения'),
(907, 2, 'Свойства верхнего фонового изображения'),
(910, 1, 'Изменить размеры изображения до стандартных'),
(910, 2, 'Изменить размеры изображения до стандартных'),
(912, 1, 'Ответить'),
(912, 2, 'Ответить'),
(914, 1, 'Пол'),
(914, 2, 'Пол'),
(915, 1, 'Откуда'),
(915, 2, 'Откуда'),
(923, 1, 'Изображение'),
(923, 2, 'Изображение'),
(924, 1, 'URL'),
(924, 2, 'URL'),
(925, 1, 'Первый блок'),
(925, 2, 'Первый блок'),
(926, 1, 'Второй блок'),
(926, 2, 'Второй блок'),
(927, 1, 'Третий блок'),
(927, 2, 'Третий блок'),
(935, 1, 'Последний комментарий'),
(935, 2, 'Последний комментарий'),
(942, 1, 'Редактировать'),
(942, 2, 'Редактировать'),
(943, 1, 'Удалить'),
(943, 2, 'Удалить'),
(949, 1, 'Дата вывода'),
(949, 2, 'Дата вывода'),
(950, 1, 'Предыдущий теледень'),
(950, 2, 'Предыдущий теледень'),
(952, 1, 'Пароли не совпадают'),
(952, 2, 'Пароли не совпадают'),
(953, 1, 'Возраст'),
(953, 2, 'Возраст'),
(954, 1, 'Откуда'),
(954, 2, 'Откуда'),
(957, 1, 'Базовый без боковой колонки'),
(957, 2, 'Базовый без боковой колонки'),
(958, 1, 'Ник'),
(958, 2, 'Ник'),
(962, 1, 'Вакансия открыта'),
(962, 2, 'Вакансия открыта'),
(963, 1, 'и действительна до'),
(963, 2, 'и действительна до'),
(964, 1, 'Контактный e-mail'),
(964, 2, 'Контактный e-mail'),
(965, 1, 'смотреть все вакансии'),
(965, 2, 'смотреть все вакансии'),
(966, 1, 'Активный'),
(966, 2, 'Активный'),
(967, 1, 'Название'),
(967, 2, 'Название'),
(968, 1, 'Редактор конкурса'),
(968, 2, 'Редактор конкурса'),
(969, 1, 'Конкурсанты'),
(969, 2, 'Конкурсанты'),
(971, 1, 'Редактор конкурсантов'),
(971, 2, 'Редактор конкурсантов'),
(973, 1, 'Проценты'),
(973, 2, 'Проценты'),
(974, 1, 'Описание'),
(974, 2, 'Описание'),
(979, 1, 'смотреть все кастинги'),
(979, 2, 'смотреть все кастинги'),
(983, 1, 'Поддержали'),
(983, 2, 'Поддержали'),
(984, 1, 'Голосовать'),
(984, 2, 'Голосовать'),
(985, 1, 'Неверный код'),
(985, 2, 'Неверный код'),
(987, 1, 'Редактор заказов артистов'),
(987, 2, 'Редактор заказов артистов'),
(991, 1, 'Телефон'),
(991, 2, 'Телефон'),
(993, 1, 'Тема'),
(993, 2, 'Тема'),
(995, 1, 'Название'),
(995, 2, 'Название'),
(996, 1, 'Email'),
(996, 2, 'Email'),
(1000, 1, 'Сообщение'),
(1000, 2, 'Сообщение'),
(1001, 1, 'Автор'),
(1001, 2, 'Автор'),
(1002, 1, 'EMAIL пользователя'),
(1002, 2, 'EMAIL пользователя'),
(1003, 1, 'Сообщение с формы обратной связи'),
(1003, 2, 'Сообщение с формы обратной связи'),
(1004, 1, 'Список сообщений с формы обратной связи'),
(1004, 2, 'Список сообщений с формы обратной связи'),
(1006, 1, 'Тема сообщения'),
(1006, 2, 'Тема сообщения'),
(1007, 1, 'Телефон'),
(1007, 2, 'Телефон'),
(1011, 1, 'Видео'),
(1011, 2, 'Видео'),
(1012, 1, 'Похожие новости'),
(1012, 2, 'Похожие новости'),
(1014, 1, 'IP'),
(1014, 2, 'IP'),
(1015, 1, 'Редактор запрещенных IP'),
(1015, 2, 'Редактор запрещенных IP'),
(1016, 1, 'Время бана'),
(1016, 2, 'Время бана'),
(1017, 1, 'на день'),
(1017, 2, 'на день'),
(1018, 1, 'на неделю'),
(1018, 2, 'на неделю'),
(1019, 1, 'на месяц'),
(1019, 2, 'на месяц'),
(1020, 1, 'на год'),
(1020, 2, 'на год'),
(1021, 1, 'навсегда'),
(1021, 2, 'навсегда'),
(1022, 1, 'Редактор бана пользователя'),
(1022, 2, 'Редактор бана пользователя'),
(1023, 1, 'Время бана'),
(1023, 2, 'Время бана'),
(1024, 1, 'Удалить бан'),
(1024, 2, 'Удалить бан'),
(1025, 1, 'Перейти на страницу'),
(1025, 2, 'Перейти на страницу'),
(1026, 1, 'Отправить по e-mail'),
(1026, 2, 'Отправить по e-mail'),
(1027, 1, 'Распечатать страницу'),
(1027, 2, 'Распечатать страницу'),
(1028, 1, 'Добавить в избранное'),
(1028, 2, 'Добавить в избранное'),
(1029, 1, 'ВКонтакт'),
(1029, 2, 'ВКонтакт'),
(1030, 1, 'В Facebook'),
(1030, 2, 'В Facebook'),
(1031, 1, 'Затвитить'),
(1031, 2, 'Затвитить'),
(1032, 1, 'Запостить в ЖЖ'),
(1032, 2, 'Запостить в ЖЖ'),
(1033, 1, 'просмотров'),
(1033, 2, 'просмотров'),
(1034, 1, 'фото'),
(1034, 2, 'фото'),
(1037, 1, 'Бан'),
(1037, 2, 'Бан'),
(1045, 1, 'Параметры'),
(1045, 2, 'Параметры'),
(1049, 1, 'Данные с сайта'),
(1049, 2, 'Данные с сайта'),
(1053, 1, 'Порядок сортировки'),
(1053, 2, 'Порядок сортировки'),
(1057, 1, 'Заголовок блока'),
(1057, 2, 'Заголовок блока'),
(1061, 1, 'Количество записей во вкладке'),
(1061, 2, 'Количество записей во вкладке'),
(1065, 1, 'Количество вкладок'),
(1065, 2, 'Количество вкладок'),
(1069, 1, 'Количество записей'),
(1069, 2, 'Количество записей'),
(1073, 1, 'Шаблон вывода'),
(1073, 2, 'Шаблон вывода'),
(1077, 1, 'Маска вывода'),
(1077, 2, 'Маска вывода'),
(1081, 1, 'Идентификатор блока'),
(1081, 2, 'Идентификатор блока'),
(1085, 1, 'Бан по IP'),
(1085, 2, 'Бан по IP'),
(1089, 1, 'Вернуть к начальному виду'),
(1089, 2, 'Вернуть к начальному виду'),
(1093, 1, 'Изменено'),
(1093, 2, 'Изменено'),
(1097, 1, 'Редактор исходного кода текстового блока'),
(1097, 2, 'Редактор исходного кода текстового блока'),
(1105, 1, 'Сбросить шаблоны'),
(1105, 2, 'Сбросить шаблоны'),
(1109, 1, 'Новости проекта'),
(1109, 2, 'Новости проекта'),
(1113, 1, 'Название блока'),
(1113, 2, 'Название блока'),
(1117, 1, 'Иконка блока'),
(1117, 2, 'Иконка блока'),
(1121, 1, 'Вставить блок'),
(1121, 2, 'Вставить блок'),
(1125, 1, 'Редактор блоков'),
(1125, 2, 'Редактор блоков'),
(1129, 1, 'Только популярные'),
(1129, 2, 'Только популярные'),
(1134, 1, 'Сайты'),
(1134, 2, 'Сайты');
INSERT INTO `share_lang_tags_translation` (`ltag_id`, `lang_id`, `ltag_value_rtf`) VALUES
(1135, 1, 'Управление блоками'),
(1135, 2, 'Управление блоками'),
(1136, 1, 'Категория'),
(1136, 2, 'Категория'),
(1137, 1, 'Вход'),
(1137, 2, 'Вход'),
(1138, 1, 'Файл конфигурации'),
(1138, 2, 'Файл конфигурации'),
(1139, 1, 'Выводить все вложенные разделы'),
(1139, 2, 'Выводить все вложенные разделы'),
(1140, 1, 'Рекламные места'),
(1140, 2, 'Рекламные места'),
(1141, 1, 'Топ новости'),
(1141, 2, 'Топ новости'),
(1142, 1, 'Все новости'),
(1142, 2, 'Все новости'),
(1145, 1, 'Главная страница'),
(1145, 2, 'Главная страница'),
(1146, 1, 'Текстовая страница с медиа-файлами'),
(1146, 2, 'Текстовая страница с медиа-файлами'),
(1147, 1, 'содержит'),
(1147, 2, 'содержит'),
(1148, 1, 'не содержит'),
(1148, 2, 'не содержит'),
(1149, 1, 'между'),
(1149, 2, 'между'),
(1150, 1, 'Номер'),
(1150, 2, 'Номер'),
(1151, 1, 'Включить в вывод также все записи из вложенных подразделов'),
(1151, 2, 'Включить в вывод также все записи из вложенных подразделов'),
(1152, 1, 'Вы уверены, что хотите вернуть шаблоны всех страниц к начальному виду? Отменить это действие будет невозможно.'),
(1152, 2, 'Вы уверены, что хотите вернуть шаблоны всех страниц к начальному виду? Отменить это действие будет невозможно.'),
(1153, 1, 'Шаблоны всех страниц приведены к начальному виду'),
(1153, 2, 'Шаблоны всех страниц приведены к начальному виду'),
(1154, 1, 'Идентификатор формы'),
(1154, 2, 'Идентификатор формы'),
(1155, 1, 'Дата создания'),
(1155, 2, 'Дата создания'),
(1156, 1, 'Название'),
(1156, 2, 'Название'),
(1157, 1, 'Активная'),
(1157, 2, 'Активная'),
(1158, 1, 'Создать'),
(1158, 2, 'Создать'),
(1159, 1, 'Редактировать свойства'),
(1159, 2, 'Редактировать свойства'),
(1160, 1, 'Редактировать форму'),
(1160, 2, 'Редактировать форму'),
(1161, 1, 'Показать результаты'),
(1161, 2, 'Показать результаты'),
(1163, 1, 'E-mail, на который приходят заполненные формы'),
(1163, 2, 'E-mail, на который приходят заполненные формы'),
(1164, 1, 'Описание'),
(1164, 2, 'Описание'),
(1165, 1, 'Имя поля'),
(1165, 2, 'Имя поля'),
(1166, 1, 'Тип поля'),
(1166, 2, 'Тип поля'),
(1167, 1, 'Поле может быть пустым'),
(1167, 2, 'Поле может быть пустым'),
(1168, 1, 'строка'),
(1168, 2, 'строка'),
(1169, 1, 'логическое'),
(1169, 2, 'логическое'),
(1170, 1, 'текстовое'),
(1170, 2, 'текстовое'),
(1171, 1, 'список значений'),
(1171, 2, 'список значений'),
(1172, 1, 'дата'),
(1172, 2, 'дата'),
(1173, 1, 'дата и время'),
(1173, 2, 'дата и время'),
(1174, 1, 'файл'),
(1174, 2, 'файл'),
(1175, 1, 'Дата создания записи'),
(1175, 2, 'Дата создания записи'),
(1178, 1, 'инфо'),
(1178, 2, 'инфо'),
(1179, 1, 'множественный выбор'),
(1179, 2, 'множественный выбор'),
(1180, 1, 'Форма'),
(1180, 2, 'Форма'),
(1181, 1, 'Произошла ошибка'),
(1181, 2, 'Произошла ошибка'),
(1182, 1, 'нет формы для отображения'),
(1182, 2, 'нет формы для отображения'),
(1183, 1, 'Результаты формы'),
(1183, 2, 'Результаты формы'),
(1184, 1, 'Экспортировать в CSV'),
(1184, 2, 'Экспортировать в CSV'),
(1185, 1, 'Данные успешно отправлены.'),
(1185, 2, 'Данные успешно отправлены.'),
(1186, 1, 'Редактировать значения'),
(1186, 2, 'Редактировать значения'),
(1187, 1, 'Новое сообщение с формы'),
(1187, 2, 'Новое сообщение с формы'),
(1188, 1, 'Идентификатор записи'),
(1188, 2, 'Идентификатор записи'),
(1197, 1, 'Редактировать следующую запись'),
(1197, 2, 'Редактировать следующую запись'),
(1198, 1, 'Редактировать предыдущую запись'),
(1198, 2, 'Редактировать предыдущую запись'),
(1199, 1, 'Да'),
(1199, 2, 'Да'),
(1200, 1, 'Нет'),
(1200, 2, 'Нет'),
(1201, 1, 'Конструктор форм: форма'),
(1201, 2, 'Конструктор форм: форма'),
(1202, 1, 'Конструктор форм: редактор'),
(1202, 2, 'Конструктор форм: редактор'),
(1203, 1, 'Конструктор форм: результаты'),
(1203, 2, 'Конструктор форм: результаты'),
(1204, 1, 'XML-код блока'),
(1204, 2, 'XML-код блока'),
(1205, 1, 'Новый текстовый блок'),
(1205, 2, 'Новый текстовый блок'),
(1206, 1, 'Параметры индексирования страницы (содержимое meta-тега robots)'),
(1206, 2, 'Параметры индексирования страницы (содержимое meta-тега robots)'),
(1207, 1, 'Вставить embed код'),
(1207, 2, 'Вставить embed код'),
(1208, 1, 'Применить'),
(1208, 2, 'Применить'),
(1211, 1, 'Макет страницы:'),
(1211, 2, 'Макет страницы:'),
(1212, 1, 'Содержимое страницы:'),
(1212, 2, 'Содержимое страницы:'),
(1213, 1, 'Действие:'),
(1213, 2, 'Действие:'),
(1214, 1, 'Сохранить только для этой страницы'),
(1214, 2, 'Сохранить только для этой страницы'),
(1215, 1, 'Сохранить как новое'),
(1215, 2, 'Сохранить как новое'),
(1216, 1, 'Сохранить в текущем шаблоне'),
(1216, 2, 'Сохранить в текущем шаблоне'),
(1219, 1, 'Начать заново'),
(1219, 2, 'Начать заново'),
(1220, 1, 'Следующий вопрос'),
(1220, 2, 'Следующий вопрос'),
(1221, 1, 'Только один'),
(1221, 2, 'Только один'),
(1222, 1, 'Для выбора ответа кликните на картинке'),
(1222, 2, 'Для выбора ответа кликните на картинке'),
(1223, 1, 'ПРАВИЛЬНО'),
(1223, 2, 'ПРАВИЛЬНО'),
(1224, 1, 'НЕПРАВИЛЬНО'),
(1224, 2, 'НЕПРАВИЛЬНО'),
(1225, 1, '<a class="btn_save" href="#"></a>\n<script type="text/javascript">\nGameResults = {\n''score'':%s,\n''time'':%s,\n''saveURL'':''%s'',\n''restartURL'':''%s''\n}\n</script>\n<a class="btn_again" href="#"></a>'),
(1225, 2, '<a class="btn_save" href="#"></a>\n<script type="text/javascript">\nGameResults = {\n''score'':%s,\n''time'':%s,\n''saveURL'':''%s'',\n''restartURL'':''%s''\n}\n</script>\n<a class="btn_again" href="#"></a>'),
(1226, 1, 'Подпроект'),
(1226, 2, 'Подпроект'),
(1227, 1, 'Телеканал Украина'),
(1227, 2, 'Телеканал Украина'),
(1228, 1, 'Всего'),
(1228, 2, 'Всего'),
(1229, 1, 'Редактор брендирования'),
(1229, 2, 'Редактор брендирования'),
(1230, 1, 'Название брендирования'),
(1230, 2, 'Название брендирования'),
(1231, 1, 'Фоновое изображение'),
(1231, 2, 'Фоновое изображение'),
(1232, 1, 'Цвет фона (шестнадцатеричный код, например #c0c0c0)'),
(1232, 2, 'Цвет фона (шестнадцатеричный код, например #c0c0c0)'),
(1233, 1, 'CSS-правило, задающее поведение фонового изображения (например, center top no-repeat)'),
(1233, 2, 'CSS-правило, задающее поведение фонового изображения (например, center top no-repeat)'),
(1234, 1, 'Минимальная высота блока с фоновым изображением'),
(1234, 2, 'Минимальная высота блока с фоновым изображением'),
(1235, 1, 'Цветовая схема для страницы'),
(1235, 2, 'Цветовая схема для страницы'),
(1236, 1, 'Брендирование'),
(1236, 2, 'Брендирование'),
(1237, 1, 'Вопрос %s из %s'),
(1237, 2, 'Вопрос %s из %s'),
(1238, 1, 'Для выбора ответа кликните на картинке'),
(1238, 2, 'Для выбора ответа кликните на картинке'),
(1239, 1, 'Время'),
(1239, 2, 'Время'),
(1240, 1, 'Баллы'),
(1240, 2, 'Баллы'),
(1241, 1, 'Данные о игре успшно сохранены. Для просмотра перейдите на <a href="/cup.only/stats/">страницу статистики</a>.'),
(1241, 2, 'Данные о игре успшно сохранены. Для просмотра перейдите на <a href="/cup.only/stats/">страницу статистики</a>.'),
(1242, 1, 'Для сохранения результатов вам необходимо <a class="login" href="#">авторизоваться</a> или  <a href="#" class="register">зарегистрироваться</a>.'),
(1242, 2, 'Для сохранения результатов вам необходимо <a class="login" href="#">авторизоваться</a> или  <a href="#" class="register">зарегистрироваться</a>.'),
(1243, 1, 'Широкая текстовая страница'),
(1243, 2, 'Широкая текстовая страница'),
(1244, 1, 'Главная страница подпроекта'),
(1244, 2, 'Главная страница подпроекта'),
(1245, 1, 'Игра начата'),
(1245, 2, 'Игра начата'),
(1246, 1, 'Время игры'),
(1246, 2, 'Время игры'),
(1247, 1, 'Набранные баллы'),
(1247, 2, 'Набранные баллы'),
(1248, 1, 'Номер игры'),
(1248, 2, 'Номер игры'),
(1249, 1, 'Ждем'),
(1249, 2, 'Ждем'),
(1250, 1, 'Новости по тегу'),
(1250, 2, 'Новости по тегу'),
(1251, 1, 'Войти'),
(1251, 2, 'Войти'),
(1252, 1, 'Зарегистрироваться'),
(1252, 2, 'Зарегистрироваться'),
(1253, 1, 'Зарегистрироваться'),
(1253, 2, 'Зарегистрироваться'),
(1254, 1, 'Авторизация / Регистрация'),
(1254, 2, 'Авторизация / Регистрация'),
(1255, 1, 'Последние новости'),
(1255, 2, 'Последние новости'),
(1256, 1, 'Регистрация прошла успешно. На указанный Вами email было отправлено письмо с паролем.'),
(1256, 2, 'Регистрация прошла успешно. На указанный Вами email было отправлено письмо с паролем.'),
(1257, 1, 'Последние выпуски'),
(1257, 2, 'Последние выпуски'),
(1258, 1, 'Все выпуски'),
(1258, 2, 'Все выпуски'),
(1259, 1, 'Нет ни одной записи.'),
(1259, 2, 'Нет ни одной записи.'),
(1260, 1, 'Имя сотрудника'),
(1260, 2, 'Имя сотрудника'),
(1261, 1, 'Краткая информация о сотруднике'),
(1261, 2, 'Краткая информация о сотруднике'),
(1262, 1, 'Полная информация о сотруднике'),
(1262, 2, 'Полная информация о сотруднике'),
(1263, 1, 'Список сотрудников'),
(1263, 2, 'Список сотрудников'),
(1264, 1, 'Должность сотрудника'),
(1264, 2, 'Должность сотрудника'),
(1265, 1, 'Ответ правильный'),
(1265, 2, 'Ответ правильный'),
(1266, 1, 'Ответы'),
(1266, 2, 'Ответы'),
(1267, 1, 'Фото вопроса(обрезанное)'),
(1267, 2, 'Фото вопроса(обрезанное)'),
(1268, 1, 'Фото ответа(полное) 212х280'),
(1268, 2, 'Фото ответа(полное) 212х280'),
(1269, 1, 'Изображение'),
(1269, 2, 'Изображение'),
(1270, 1, 'Ответы'),
(1270, 2, 'Ответы'),
(1271, 1, 'Редактор вопросов'),
(1271, 2, 'Редактор вопросов'),
(1272, 1, 'Цена вопроса'),
(1272, 2, 'Цена вопроса'),
(1273, 1, 'Текст'),
(1273, 2, 'Текст'),
(1274, 1, 'Ведущие'),
(1274, 2, 'Ведущие'),
(1275, 1, 'Все ведущие'),
(1275, 2, 'Все ведущие'),
(1276, 1, 'Список менеджеров'),
(1276, 2, 'Список менеджеров'),
(1277, 1, 'Топ-менеджмент'),
(1277, 2, 'Топ-менеджмент'),
(1278, 1, 'Весь топ-менеджмент'),
(1278, 2, 'Весь топ-менеджмент'),
(1279, 1, 'Редактор брендирования'),
(1279, 2, 'Редактор брендирования'),
(1280, 1, 'Список выпусков'),
(1280, 2, 'Список выпусков'),
(1281, 1, 'Список выпусков подпроекта'),
(1281, 2, 'Список выпусков подпроекта'),
(1282, 1, 'Список новостей подпроекта'),
(1282, 2, 'Список новостей подпроекта'),
(1283, 1, 'Текстовая страница подпроекта'),
(1283, 2, 'Текстовая страница подпроекта'),
(1284, 1, 'Широкая текстовая страница подпроекта'),
(1284, 2, 'Широкая текстовая страница подпроекта'),
(1285, 1, 'Телефон'),
(1285, 2, 'Телефон'),
(1286, 1, '<p>Здравствуйте, $name.<br>\nВы были зарегистрированы на сайте.</p>\n<p>Ваш логин: $login<br>\nПароль: $password</p>'),
(1286, 2, '<p>Здравствуйте, $name.<br>\nВы были зарегистрированы на сайте.</p>\n<p>Ваш логин: $login<br>\nПароль: $password</p>'),
(1287, 1, 'Удалить статью'),
(1287, 2, 'Удалить статью'),
(1288, 1, 'Добавить статью'),
(1288, 2, 'Добавить статью'),
(1289, 1, 'Редактировать'),
(1289, 2, 'Редактировать'),
(1290, 1, 'Добавить сотрудника'),
(1290, 2, 'Добавить сотрудника'),
(1291, 1, 'Редактировать сотрудника'),
(1291, 2, 'Редактировать сотрудника'),
(1292, 1, 'Удалить сотрудника'),
(1292, 2, 'Удалить сотрудника'),
(1293, 1, 'Тема'),
(1293, 2, 'Тема'),
(1294, 1, 'Адрес получателя'),
(1294, 2, 'Адрес получателя'),
(1295, 1, 'Название получателя'),
(1295, 2, 'Название получателя'),
(1296, 1, 'Кому'),
(1296, 2, 'Кому'),
(1297, 1, 'Имя проекта'),
(1297, 2, 'Имя проекта'),
(1298, 1, 'У вас есть вопросы, предложения, замечания? Напишите нам:'),
(1298, 2, 'У вас есть вопросы, предложения, замечания? Напишите нам:'),
(1299, 1, 'Фамилия, Имя'),
(1299, 2, 'Фамилия, Имя'),
(1300, 1, 'Команда'),
(1300, 2, 'Команда'),
(1301, 1, 'Разряд'),
(1301, 2, 'Разряд'),
(1302, 1, 'Год рождения'),
(1302, 2, 'Год рождения'),
(1303, 1, 'Номер SportIdent'),
(1303, 2, 'Номер SportIdent'),
(1304, 1, 'Контактный email'),
(1304, 2, 'Контактный email'),
(1305, 1, 'Заявка на участие в Кубке Светлячка'),
(1305, 2, 'Заявка на участие в Кубке Светлячка'),
(1306, 1, 'Сообщение с сайта http://svetl.info'),
(1306, 2, 'Сообщение с сайта http://svetl.info'),
(1307, 1, 'Здравствуйте,\nВаша заявка зарегистрирована.'),
(1307, 2, 'Здравствуйте,\nВаша заявка зарегистрирована.'),
(1308, 1, 'Поступила новая заявка'),
(1308, 2, 'Поступила новая заявка'),
(1309, 1, '<p>Ф.И,О:$r_name</p>\n<p>Ф.И,О:$r_name</p>'),
(1309, 2, '<p>Ф.И,О:$r_name</p>\n<p>Ф.И,О:$r_name</p>'),
(1310, 1, 'Произошла ошибка при отправке данных. Попробуйте еще раз.'),
(1310, 2, 'Произошла ошибка при отправке данных. Попробуйте еще раз.'),
(1311, 1, 'Последние новости'),
(1311, 2, 'Последние новости'),
(1312, 1, 'Автор'),
(1312, 2, 'Author'),
(1313, 1, 'Дата публикации'),
(1313, 2, 'Publish date'),
(1314, 1, 'Дата изменения'),
(1314, 2, 'Modification date'),
(1315, 1, 'Название'),
(1315, 2, 'FIELD_LIB_NAME'),
(1316, 1, 'Аннотация'),
(1316, 2, 'FIELD_LIB_ANNOTATION'),
(1317, 1, 'Библиотека');

-- --------------------------------------------------------

--
-- Структура таблицы `share_session`
--

CREATE TABLE IF NOT EXISTS `share_session` (
  `session_id` int(10) unsigned NOT NULL AUTO_INCREMENT,
  `session_native_id` char(40) NOT NULL,
  `session_last_impression` int(11) NOT NULL,
  `session_created` int(11) NOT NULL,
  `session_expires` int(11) NOT NULL,
  `session_ip` int(4) unsigned DEFAULT NULL,
  `session_user_agent` char(255) NOT NULL,
  `u_id` int(10) unsigned DEFAULT NULL,
  `session_data` varchar(5000) DEFAULT NULL,
  PRIMARY KEY (`session_id`),
  UNIQUE KEY `session_native_id` (`session_native_id`),
  KEY `i_session_u_id` (`u_id`),
  KEY `i_session_ip` (`session_ip`),
  KEY `session_expires` (`session_expires`)
) ENGINE=MEMORY  DEFAULT CHARSET=utf8 AUTO_INCREMENT=3 ;

--
-- Дамп данных таблицы `share_session`
--

INSERT INTO `share_session` (`session_id`, `session_native_id`, `session_last_impression`, `session_created`, `session_expires`, `session_ip`, `session_user_agent`, `u_id`, `session_data`) VALUES
(1, '6a5b1fe2a1d61bc28ae77499d50aa2022025950b', 1336053301, 1336027615, 1336161301, 171835458, '', 2, 'userID|i:2;'),
(2, '1b979e8336893cc1c8f8074236119aacc58ecbdb', 1336051382, 1336051321, 1336159382, 171835506, '', 1, 'userID|i:1;');

-- --------------------------------------------------------

--
-- Структура таблицы `share_sitemap`
--

CREATE TABLE IF NOT EXISTS `share_sitemap` (
  `smap_id` int(10) unsigned NOT NULL AUTO_INCREMENT,
  `site_id` int(10) unsigned NOT NULL,
  `smap_layout` char(200) NOT NULL,
  `smap_layout_xml` text NOT NULL,
  `smap_content` char(200) NOT NULL,
  `smap_content_xml` text NOT NULL,
  `smap_pid` int(10) unsigned DEFAULT NULL,
  `smap_segment` char(50) NOT NULL DEFAULT '',
  `smap_order_num` int(10) unsigned DEFAULT '1',
  `smap_redirect_url` char(250) DEFAULT NULL,
  `smap_meta_robots` text,
  PRIMARY KEY (`smap_id`),
  UNIQUE KEY `smap_pid` (`smap_pid`,`site_id`,`smap_segment`),
  KEY `site_id` (`site_id`),
  KEY `smap_order_num` (`smap_order_num`)
) ENGINE=InnoDB  DEFAULT CHARSET=utf8 AUTO_INCREMENT=3550 ;

--
-- Дамп данных таблицы `share_sitemap`
--

INSERT INTO `share_sitemap` (`smap_id`, `site_id`, `smap_layout`, `smap_layout_xml`, `smap_content`, `smap_content_xml`, `smap_pid`, `smap_segment`, `smap_order_num`, `smap_redirect_url`, `smap_meta_robots`) VALUES
(80, 1, 'default.layout.xml', '', 'main.content.xml', '<?xml version="1.0" encoding="utf-8" ?><content html_class="colset colset3"><container name="left" column="column" html_class="col col1"><container name="mainMenuContainer" block="beta" widget="widget"><component name="mainMenu" module="share" class="PageList"><params><param name="tags">menu</param>\n<param name="recursive">1</param>\n<param name="config">core/modules/share/MainMenu.component.xml</param></params></component></container>\n<container name="leftAdBlock"></container>\n<container name="topNewsContainer" block="beta" widget="widget"><component name="topNews" module="apps" class="NewsFeed"><params><param name="title">TXT_TOP_NEWS</param>\n<param name="limit" type="hidden">5</param>\n<param name="showAll">1</param>\n<param name="active" type="hidden">0</param>\n<param name="template">news</param></params></component></container></container>\n<container name="center" column="column" html_class="col col2"><container name="textBlockContainer1" block="alfa" widget="static"><component name="textBlock_1" module="share" class="TextBlock"><params><param name="num">1</param></params></component></container></container>\n<container name="right" column="column" html_class="col col3 last_col"><container name="loginFormContainer" block="beta" widget="widget"><component name="loginForm" module="user" class="LoginForm"></component></container>\n<container name="sidebarTextBlockContainer" block="beta" widget="widget"><component name="sidebarTextBlock" module="share" class="TextBlock"><params><param name="title"></param>\n<param name="num">sidebarTextBlock</param></params></component></container></container></content>', NULL, '', 310, NULL, NULL),
(330, 1, 'default.layout.xml', '', 'login.content.xml', '', 80, 'login', 60, NULL, NULL),
(1284, 1, 'default.layout.xml', '', 'feedback_form.content.xml', '', 80, 'contacts', 58, NULL, NULL),
(3538, 1, 'default.layout.xml', '', 'restore_password.content.xml', '', 80, 'restore_password', 9, NULL, NULL),
(3539, 1, 'default.layout.xml', '', 'extfeed.content.xml', '', 80, 'photo', 8, NULL, NULL),
(3542, 1, 'default.layout.xml', '', 'childs.content.xml', '', 80, 'info', 6, NULL, NULL),
(3543, 1, 'default.layout.xml', '', 'textblock.content.xml', '', 80, 'svetlik', 7, NULL, NULL),
(3545, 1, 'default.layout.xml', '', 'news.content.xml', '', 80, 'news', 4, NULL, NULL),
(3546, 1, 'default.layout.xml', '', 'textblock.content.xml', '', 3542, 'svn', 2, NULL, NULL),
(3547, 1, 'default.layout.xml', '', 'textblock.content.xml', '', 3542, 'template', 3, NULL, NULL),
(3548, 1, 'default.layout.xml', '', 'textblock.content.xml', '', 3542, 'blocks', 4, NULL, NULL),
(3549, 1, 'default.layout.xml', '', 'default/library.content.xml', '', 80, 'books', 5, NULL, NULL);

-- --------------------------------------------------------

--
-- Структура таблицы `share_sitemap_tags`
--

CREATE TABLE IF NOT EXISTS `share_sitemap_tags` (
  `smap_id` int(10) unsigned NOT NULL,
  `tag_id` int(10) unsigned NOT NULL,
  PRIMARY KEY (`smap_id`,`tag_id`),
  KEY `tag_id` (`tag_id`)
) ENGINE=InnoDB DEFAULT CHARSET=utf8;

--
-- Дамп данных таблицы `share_sitemap_tags`
--

INSERT INTO `share_sitemap_tags` (`smap_id`, `tag_id`) VALUES
(1254, 1),
(1284, 1),
(3538, 1),
(3539, 1),
(3540, 1),
(3541, 1),
(3542, 1),
(3543, 1),
(3545, 1),
(3549, 1),
(330, 5);

-- --------------------------------------------------------

--
-- Структура таблицы `share_sitemap_translation`
--

CREATE TABLE IF NOT EXISTS `share_sitemap_translation` (
  `smap_id` int(10) unsigned NOT NULL DEFAULT '0',
  `lang_id` int(10) unsigned NOT NULL DEFAULT '0',
  `smap_name` varchar(200) DEFAULT NULL,
  `smap_description_rtf` text,
  `smap_html_title` varchar(250) DEFAULT NULL,
  `smap_meta_keywords` text,
  `smap_meta_description` text,
  `smap_is_disabled` tinyint(1) NOT NULL DEFAULT '0',
  PRIMARY KEY (`lang_id`,`smap_id`),
  KEY `sitemaplv_sitemap_FK` (`smap_id`)
) ENGINE=InnoDB DEFAULT CHARSET=utf8;

--
-- Дамп данных таблицы `share_sitemap_translation`
--

INSERT INTO `share_sitemap_translation` (`smap_id`, `lang_id`, `smap_name`, `smap_description_rtf`, `smap_html_title`, `smap_meta_keywords`, `smap_meta_description`, `smap_is_disabled`) VALUES
(80, 1, 'Главная страница', NULL, NULL, NULL, '<meta name=''yandex-verification'' content=''421f31c92020f4c9'' />', 0),
(330, 1, 'Войти', NULL, 'Вход', NULL, NULL, 0),
(1284, 1, 'Контакты', NULL, NULL, NULL, NULL, 0),
(3538, 1, 'Восстановление пароля', NULL, NULL, NULL, NULL, 0),
(3539, 1, 'Фото', NULL, NULL, NULL, NULL, 0),
(3540, 1, 'Финиш', NULL, NULL, NULL, NULL, 0),
(3541, 1, 'Старт', NULL, NULL, NULL, NULL, 0),
(3542, 1, 'Информация', NULL, NULL, NULL, NULL, 0),
(3543, 1, 'Светловодск', NULL, NULL, NULL, NULL, 0),
(3544, 1, 'Заявка на Кубок Светлячка', NULL, NULL, NULL, NULL, 0),
(3545, 1, 'Новости', NULL, NULL, NULL, NULL, 0),
(3546, 1, 'Механизм сборки проекта', NULL, NULL, NULL, NULL, 0),
(3547, 1, 'Создание собственного шаблона', NULL, NULL, NULL, NULL, 0),
(3548, 1, 'Создаём собственные текстовые блоки', NULL, NULL, NULL, NULL, 0),
(3549, 1, 'Книги', NULL, NULL, NULL, NULL, 0),
(80, 2, 'Главная страница', NULL, NULL, NULL, '<meta name=''yandex-verification'' content=''421f31c92020f4c9'' />', 0),
(330, 2, 'Войти', NULL, 'Вход', NULL, NULL, 0),
(1284, 2, 'Контакты', NULL, NULL, NULL, NULL, 0),
(3538, 2, 'Восстановление пароля', NULL, NULL, NULL, NULL, 0),
(3539, 2, 'Фото', NULL, NULL, NULL, NULL, 0),
(3540, 2, 'Финиш', NULL, NULL, NULL, NULL, 0),
(3541, 2, 'Старт', NULL, NULL, NULL, NULL, 0),
(3542, 2, 'Информация', NULL, NULL, NULL, NULL, 0),
(3543, 2, 'Светловодск', NULL, NULL, NULL, NULL, 0),
(3544, 2, 'Заявка на Кубок Светлячка', NULL, NULL, NULL, NULL, 0),
(3545, 2, 'Новости', NULL, NULL, NULL, NULL, 0),
(3546, 2, 'Механизм сборки проекта', NULL, NULL, NULL, NULL, 0),
(3547, 2, 'Создание собственного шаблона', NULL, NULL, NULL, NULL, 0),
(3548, 2, 'Создаём собственные текстовые блоки', NULL, NULL, NULL, NULL, 0),
(3549, 2, 'Books', NULL, NULL, NULL, NULL, 0);

-- --------------------------------------------------------

--
-- Структура таблицы `share_sitemap_uploads`
--

CREATE TABLE IF NOT EXISTS `share_sitemap_uploads` (
  `smap_id` int(10) unsigned NOT NULL,
  `upl_id` int(10) unsigned NOT NULL,
  `upl_order_num` int(10) unsigned NOT NULL,
  PRIMARY KEY (`smap_id`,`upl_id`,`upl_order_num`),
  KEY `upl_id` (`upl_id`)
) ENGINE=InnoDB DEFAULT CHARSET=utf8;

--
-- Дамп данных таблицы `share_sitemap_uploads`
--


-- --------------------------------------------------------

--
-- Структура таблицы `share_sites`
--

CREATE TABLE IF NOT EXISTS `share_sites` (
  `site_id` int(11) unsigned NOT NULL AUTO_INCREMENT,
  `site_is_active` tinyint(1) NOT NULL DEFAULT '1',
  `site_is_indexed` tinyint(1) NOT NULL DEFAULT '1',
  `site_is_default` tinyint(1) NOT NULL DEFAULT '0',
  `site_folder` char(20) NOT NULL DEFAULT 'default',
  `site_order_num` int(10) unsigned DEFAULT '1',
  `site_meta_robots` text,
  PRIMARY KEY (`site_id`)
) ENGINE=InnoDB  DEFAULT CHARSET=utf8 AUTO_INCREMENT=2 ;

--
-- Дамп данных таблицы `share_sites`
--

INSERT INTO `share_sites` (`site_id`, `site_is_active`, `site_is_indexed`, `site_is_default`, `site_folder`, `site_order_num`, `site_meta_robots`) VALUES
(1, 1, 1, 1, 'default', 6, NULL);

-- --------------------------------------------------------

--
-- Структура таблицы `share_sites_tags`
--

CREATE TABLE IF NOT EXISTS `share_sites_tags` (
  `site_id` int(10) unsigned NOT NULL,
  `tag_id` int(10) unsigned NOT NULL,
  PRIMARY KEY (`site_id`,`tag_id`),
  KEY `tag_id` (`tag_id`)
) ENGINE=InnoDB DEFAULT CHARSET=utf8;

--
-- Дамп данных таблицы `share_sites_tags`
--


-- --------------------------------------------------------

--
-- Структура таблицы `share_sites_translation`
--

CREATE TABLE IF NOT EXISTS `share_sites_translation` (
  `site_id` int(11) unsigned NOT NULL,
  `lang_id` int(11) unsigned NOT NULL,
  `site_name` char(200) NOT NULL,
  `site_meta_keywords` text,
  `site_meta_description` text,
  PRIMARY KEY (`site_id`,`lang_id`),
  KEY `lang_id` (`lang_id`)
) ENGINE=InnoDB DEFAULT CHARSET=utf8;

--
-- Дамп данных таблицы `share_sites_translation`
--

INSERT INTO `share_sites_translation` (`site_id`, `lang_id`, `site_name`, `site_meta_keywords`, `site_meta_description`) VALUES
(1, 1, 'Демоверсия Energine 2.6', NULL, NULL),
(1, 2, 'Демоверсия Energine 2.6', NULL, NULL);

-- --------------------------------------------------------

--
-- Структура таблицы `share_tags`
--

CREATE TABLE IF NOT EXISTS `share_tags` (
  `tag_id` int(11) unsigned NOT NULL AUTO_INCREMENT,
  `tag_name` char(100) NOT NULL,
  PRIMARY KEY (`tag_id`),
  UNIQUE KEY `tag_name` (`tag_name`)
) ENGINE=InnoDB  DEFAULT CHARSET=utf8 AUTO_INCREMENT=246 ;

--
-- Дамп данных таблицы `share_tags`
--

INSERT INTO `share_tags` (`tag_id`, `tag_name`) VALUES
(2, 'main'),
(1, 'menu'),
(5, 'user'),
(214, 'бассейн'),
(205, 'батолит'),
(105, 'вектор'),
(188, 'вещества'),
(168, 'вода'),
(115, 'вращение'),
(128, 'гирокомпас'),
(129, 'гироскоп'),
(104, 'движение'),
(196, 'долина'),
(157, 'жизнь'),
(137, 'задача'),
(210, 'излом'),
(161, 'катер'),
(184, 'квант'),
(198, 'кимберлит'),
(199, 'комплекс'),
(116, 'корпус'),
(190, 'космос'),
(109, 'курс'),
(170, 'лед'),
(166, 'марс'),
(186, 'мир'),
(103, 'момент'),
(233, 'нет'),
(192, 'планеты'),
(114, 'подвес'),
(209, 'порода'),
(218, 'поток'),
(197, 'разлом'),
(120, 'рамка'),
(75, 'рапаррпар апр ап рап ра'),
(195, 'рельеф'),
(127, 'ротор'),
(217, 'руда'),
(194, 'русло'),
(140, 'сериал'),
(130, 'сила'),
(119, 'скорость'),
(204, 'слой'),
(206, 'сырье'),
(159, 'телефон'),
(85, 'тест'),
(106, 'трение'),
(207, 'триас'),
(143, 'тушканчики'),
(110, 'угол'),
(213, 'уровень моря'),
(156, 'ученые'),
(187, 'химики'),
(211, 'хребет'),
(138, 'что-нибудь такое'),
(113, 'штопор'),
(136, 'эпизод'),
(164, 'яхта');

-- --------------------------------------------------------

--
-- Структура таблицы `share_textblocks`
--

CREATE TABLE IF NOT EXISTS `share_textblocks` (
  `tb_id` int(10) unsigned NOT NULL AUTO_INCREMENT,
  `smap_id` int(10) unsigned DEFAULT NULL,
  `tb_num` char(50) NOT NULL DEFAULT '1',
  PRIMARY KEY (`tb_id`),
  UNIQUE KEY `smap_id` (`smap_id`,`tb_num`)
) ENGINE=InnoDB  DEFAULT CHARSET=utf8 AUTO_INCREMENT=49 ;

--
-- Дамп данных таблицы `share_textblocks`
--

INSERT INTO `share_textblocks` (`tb_id`, `smap_id`, `tb_num`) VALUES
(34, NULL, 'contactTextBlock'),
(28, NULL, 'copyright'),
(26, NULL, 'customTextBlock'),
(1, NULL, 'FooterTextBlock'),
(22, NULL, 'sidebarTextBlock'),
(2, 80, '1'),
(40, 1284, '1'),
(41, 3538, '1'),
(43, 3539, '1'),
(45, 3539, '2'),
(44, 3540, '1'),
(35, 3541, '1'),
(36, 3542, '1'),
(37, 3543, '1'),
(42, 3544, '1'),
(46, 3546, '1'),
(47, 3547, '1'),
(48, 3548, '1');

-- --------------------------------------------------------

--
-- Структура таблицы `share_textblocks_translation`
--

CREATE TABLE IF NOT EXISTS `share_textblocks_translation` (
  `tb_id` int(10) unsigned NOT NULL DEFAULT '0',
  `lang_id` int(10) unsigned NOT NULL DEFAULT '0',
  `tb_content` text NOT NULL,
  UNIQUE KEY `tb_id` (`tb_id`,`lang_id`),
  KEY `lang_id` (`lang_id`)
) ENGINE=InnoDB DEFAULT CHARSET=utf8;

--
-- Дамп данных таблицы `share_textblocks_translation`
--

INSERT INTO `share_textblocks_translation` (`tb_id`, `lang_id`, `tb_content`) VALUES
(1, 1, '© Energine, 2012\r\n'),
(1, 2, '© Energine, 2012\r\n'),
(2, 1, '<div><span style="font-family: arial, sans-serif; line-height: 1.25em; ">Energine is a content management system which allows to support web-applications (including websites) of any level of complexity. Energine is based on Energine CMF — a power full toolkit for web-application development using XML/XSLT transformations.</span><br></div><div><p style="line-height: 1.25em; max-width: 64em; font-family: arial, sans-serif; font-size: 13px; ">Main features of Energine are:</p><ol style="padding-left: 25px; max-width: 62em; font-family: arial, sans-serif; font-size: 13px; "><li style="margin-bottom: 0.3em; ">Multi-language support. Energine supports unbounded quantity of languages with ability to translate not only content of a site, but buttons, emails, captions too.</li><li style="margin-bottom: 0.3em; ">User''s access delimitation. User''s access control system allows to edit user''s rights to access and edit different parts of a website.</li><li style="margin-bottom: 0.3em; ">Visual text editor. A built in WYSIWYG (what you see is what you get) editor is a handy tool to edit web site''s content and preview it.</li><li style="margin-bottom: 0.3em; ">Files. Common file storage allows to use one method to work with files in forms and with a help of text editor.</li><li style="margin-bottom: 0.3em; ">Structure site management. Web site''s structure represented as a tree. User can add, edit and delete it''s nodes to modify parts of a site.</li></ol></div>'),
(2, 2, '<div><span style="font-family: arial, sans-serif; line-height: 1.25em; ">Energine is a content management system which allows to support web-applications (including websites) of any level of complexity. Energine is based on Energine CMF — a power full toolkit for web-application development using XML/XSLT transformations.</span><br></div><div><p style="line-height: 1.25em; max-width: 64em; font-family: arial, sans-serif; font-size: 13px; ">Main features of Energine are:</p><ol style="padding-left: 25px; max-width: 62em; font-family: arial, sans-serif; font-size: 13px; "><li style="margin-bottom: 0.3em; ">Multi-language support. Energine supports unbounded quantity of languages with ability to translate not only content of a site, but buttons, emails, captions too.</li><li style="margin-bottom: 0.3em; ">User''s access delimitation. User''s access control system allows to edit user''s rights to access and edit different parts of a website.</li><li style="margin-bottom: 0.3em; ">Visual text editor. A built in WYSIWYG (what you see is what you get) editor is a handy tool to edit web site''s content and preview it.</li><li style="margin-bottom: 0.3em; ">Files. Common file storage allows to use one method to work with files in forms and with a help of text editor.</li><li style="margin-bottom: 0.3em; ">Structure site management. Web site''s structure represented as a tree. User can add, edit and delete it''s nodes to modify parts of a site.</li></ol></div>'),
(22, 1, '<div style="color: red;"> \n<p>Вход в режим администратора:</p>\n<ul>\n<li>Логин: <strong>demo@energine.org</strong></li>\n<li>Пароль: <strong>demo</strong></li>\n</ul>\n</div>\n'),
(22, 2, '<div style="color: red;"> \n<p>Вход в режим администратора:</p>\n<ul>\n<li>Логин: <strong>demo@energine.org</strong></li>\n<li>Пароль: <strong>demo</strong></li>\n</ul>\n</div>\n'),
(26, 1, '<p>Новый текстовый блок</p>\n              '),
(26, 2, '<p>Новый текстовый блок</p>\n              '),
(28, 1, '© Телеканал "Украина". Все права защищены           '),
(28, 2, '© Телеканал "Украина". Все права защищены           '),
(34, 1, '<table class="contacts" border="1" cellpadding="0" cellspacing="0" width="100%">\n                                        <tbody><tr>\n                                            <td colspan="2" class="contacts_title"><strong>Киев</strong> 03148, г. Киев, ул. Героев Космоса, 4</td>\n                                        </tr>\n                                        <tr>\n                                            <td colspan="2" class="contacts_separator">&nbsp;</td>\n                                        </tr>\n                                        <tr>\n                                            <td class="contacts_name">Приёмная г. Киев</td>\n                                            <td class="contacts_phone">(044) 495-85-55</td>\n                                        </tr>\n                                        <tr>\n                                            <td colspan="2" class="contacts_separator">&nbsp;</td>\n                                        </tr>\n                                        <tr>\n                                            <td class="contacts_name">Департамент корпоративных коммуникаций</td>\n                                            <td class="contacts_phone">(044) 495-86-86</td>\n                                        </tr>\n                                        <tr>\n                                            <td colspan="2" class="contacts_separator">&nbsp;</td>\n                                        </tr>\n                                        <tr>\n                                            <td class="contacts_name">Департамент управления персоналом</td>\n                                            <td class="contacts_phone">(044) 495-86-72</td>\n                                        </tr>\n                                        <tr>\n                                            <td colspan="2" class="contacts_separator">&nbsp;</td>\n                                        </tr>\n                                        <tr>\n                                            <td class="contacts_name">Факс</td>\n                                            <td class="contacts_phone">(044) 495-85-58</td>\n                                        </tr>\n                                        <tr>\n                                            <td colspan="2" class="contacts_separator">&nbsp;</td>\n                                        </tr>\n                                        <tr>\n                                            <td class="contacts_name">Телеканал "Футбол"</td>\n                                            <td class="contacts_phone">(044) 495-86-70</td>\n                                        </tr>\n                                        <tr>\n                                            <td colspan="2" class="contacts_separator">&nbsp;</td>\n                                        </tr>\n                                        <tr>\n                                            <td colspan="2" class="contacts_title"><strong>Донецк</strong> 83000, г. Донецк, ул. Артёма, 74</td>\n                                        </tr>\n                                        <tr>\n                                            <td colspan="2" class="contacts_separator">&nbsp;</td>\n                                        </tr>\n                                        <tr>\n                                            <td class="contacts_name">Приёмная г. Донецк</td>\n                                            <td class="contacts_phone">(062) 332-72-09</td>\n                                        </tr>\n                                    </tbody></table>\n                '),
(34, 2, '<table class="contacts" border="1" cellpadding="0" cellspacing="0" width="100%">\n                                        <tbody><tr>\n                                            <td colspan="2" class="contacts_title"><strong>Киев</strong> 03148, г. Киев, ул. Героев Космоса, 4</td>\n                                        </tr>\n                                        <tr>\n                                            <td colspan="2" class="contacts_separator">&nbsp;</td>\n                                        </tr>\n                                        <tr>\n                                            <td class="contacts_name">Приёмная г. Киев</td>\n                                            <td class="contacts_phone">(044) 495-85-55</td>\n                                        </tr>\n                                        <tr>\n                                            <td colspan="2" class="contacts_separator">&nbsp;</td>\n                                        </tr>\n                                        <tr>\n                                            <td class="contacts_name">Департамент корпоративных коммуникаций</td>\n                                            <td class="contacts_phone">(044) 495-86-86</td>\n                                        </tr>\n                                        <tr>\n                                            <td colspan="2" class="contacts_separator">&nbsp;</td>\n                                        </tr>\n                                        <tr>\n                                            <td class="contacts_name">Департамент управления персоналом</td>\n                                            <td class="contacts_phone">(044) 495-86-72</td>\n                                        </tr>\n                                        <tr>\n                                            <td colspan="2" class="contacts_separator">&nbsp;</td>\n                                        </tr>\n                                        <tr>\n                                            <td class="contacts_name">Факс</td>\n                                            <td class="contacts_phone">(044) 495-85-58</td>\n                                        </tr>\n                                        <tr>\n                                            <td colspan="2" class="contacts_separator">&nbsp;</td>\n                                        </tr>\n                                        <tr>\n                                            <td class="contacts_name">Телеканал "Футбол"</td>\n                                            <td class="contacts_phone">(044) 495-86-70</td>\n                                        </tr>\n                                        <tr>\n                                            <td colspan="2" class="contacts_separator">&nbsp;</td>\n                                        </tr>\n                                        <tr>\n                                            <td colspan="2" class="contacts_title"><strong>Донецк</strong> 83000, г. Донецк, ул. Артёма, 74</td>\n                                        </tr>\n                                        <tr>\n                                            <td colspan="2" class="contacts_separator">&nbsp;</td>\n                                        </tr>\n                                        <tr>\n                                            <td class="contacts_name">Приёмная г. Донецк</td>\n                                            <td class="contacts_phone">(062) 332-72-09</td>\n                                        </tr>\n                                    </tbody></table>\n                '),
(35, 1, 'Начинаем здесь :)'),
(35, 2, 'Начинаем здесь :)'),
(36, 1, 'Информация о работе с Energine<br>'),
(36, 2, 'Информация о работе с Energine<br>'),
(37, 1, '<iframe src="http://www.youtube.com/embed/JTQcfJgJAzg" allowfullscreen="" frameborder="0" height="480" width="640"></iframe>\n                  '),
(37, 2, '<iframe src="http://www.youtube.com/embed/JTQcfJgJAzg" allowfullscreen="" frameborder="0" height="480" width="640"></iframe>\n                  '),
(40, 1, 'Шаблон формы обратной связи'),
(40, 2, 'Шаблон формы обратной связи'),
(41, 1, '<table>\n<tbody>\n<tr>\n<td><img src="uploads/public/partners/13309667545274.jpg" alt="13309667545274.jpg" align="bottom" border="0" height="81" width="220"></td>\n<td><a href="http://fartlex.com">Fartlex</a> - Разработка спортивной символики<br></td>\n</tr>\n<tr>\n<td><img src="uploads/public/partners/13309667359578.jpg" alt="13309667359578.jpg" align="bottom" border="0" height="80" width="220"></td>\n<td><a href="http://colocall.net">Компания ColoCall</a> - первый и крупнейший украинский\nИнтернет-провайдер, <br>специализирующийся на размещении информации в сети\nИнтернет.<br></td>\n</tr>\n</tbody>\n</table>\n'),
(41, 2, '<table>\n<tbody>\n<tr>\n<td><img src="uploads/public/partners/13309667545274.jpg" alt="13309667545274.jpg" align="bottom" border="0" height="81" width="220"></td>\n<td><a href="http://fartlex.com">Fartlex</a> - Разработка спортивной символики<br></td>\n</tr>\n<tr>\n<td><img src="uploads/public/partners/13309667359578.jpg" alt="13309667359578.jpg" align="bottom" border="0" height="80" width="220"></td>\n<td><a href="http://colocall.net">Компания ColoCall</a> - первый и крупнейший украинский\nИнтернет-провайдер, <br>специализирующийся на размещении информации в сети\nИнтернет.<br></td>\n</tr>\n</tbody>\n</table>\n'),
(42, 1, '<p>В зачёт соревнований&nbsp;<span style="font-size: 14px; ">«</span>Кубок Светлячка» идут три старта чемпионата\nУкраины, а также один старт ночного ориентирования, который пройдет\nвечером 07 апреля 2012 года в городской паковой зоне недалеко от Центра\nсоревнований.</p>\n<p>Все карты отрисованы в начале 2012 года Михаилом Пугачем.</p>\n<p>Победители и призеры «Кубка Светлячка» определяются по наибольшей\nсумме баллов набранных в 4-х стартах и будут награждены медалями,\nспециальными дипломами, а также памятными подарками.</p>\n<p>Баллы начисляются по системе:<br></p><p>1 место - N баллов, где N - количество участников закончивших\nдистанцию.<br></p>\n2 место - (N-1) баллов<br>\n3 место - (N-2) баллов<br>\n……….<br>\n……….<br>\nN место - 1 балл<br>\n<br>\nСтартовый взнос за участие в соревнованиях «Кубок Светлячка»:<br>Группы М/Ж 12-16, 55+ - 7 грн<br>Группы М/Ж 18-50 - 10 грн<div><br>\n75 % от всей суммы стартового взноса «Кубка Светлячка» пойдет на\nнаграждение победителей и призеров соревнований.</div>'),
(42, 2, '<p>В зачёт соревнований&nbsp;<span style="font-size: 14px; ">«</span>Кубок Светлячка» идут три старта чемпионата\nУкраины, а также один старт ночного ориентирования, который пройдет\nвечером 07 апреля 2012 года в городской паковой зоне недалеко от Центра\nсоревнований.</p>\n<p>Все карты отрисованы в начале 2012 года Михаилом Пугачем.</p>\n<p>Победители и призеры «Кубка Светлячка» определяются по наибольшей\nсумме баллов набранных в 4-х стартах и будут награждены медалями,\nспециальными дипломами, а также памятными подарками.</p>\n<p>Баллы начисляются по системе:<br></p><p>1 место - N баллов, где N - количество участников закончивших\nдистанцию.<br></p>\n2 место - (N-1) баллов<br>\n3 место - (N-2) баллов<br>\n……….<br>\n……….<br>\nN место - 1 балл<br>\n<br>\nСтартовый взнос за участие в соревнованиях «Кубок Светлячка»:<br>Группы М/Ж 12-16, 55+ - 7 грн<br>Группы М/Ж 18-50 - 10 грн<div><br>\n75 % от всей суммы стартового взноса «Кубка Светлячка» пойдет на\nнаграждение победителей и призеров соревнований.</div>'),
(43, 1, '\n                    <p>&nbsp;Фотографий&nbsp; пока нет<br></p>\n                  '),
(43, 2, '\n                    <p>&nbsp;Фотографий&nbsp; пока нет<br></p>\n                  '),
(44, 1, '\n                    <p>&nbsp;До финиша еще далеко<br></p>\n                  '),
(44, 2, '\n                    <p>&nbsp;До финиша еще далеко<br></p>\n                  '),
(45, 1, '\n                    <p>&nbsp;</p>\n                  '),
(45, 2, '\n                    <p>&nbsp;</p>\n                  '),
(46, 1, '\n                    <p><strong style="font-family: arial, sans-serif; font-size: 13px; line-height: 1.25em; ">Эта статья вам нужна только в том случае если вы хотите работать с СВН версией Energine, и вам не облом разбираться</strong></p><h1 style="font-size: x-large; margin-top: 0px; background-image: none; background-attachment: initial; background-origin: initial; background-clip: initial; background-color: initial; max-width: 700px; font-family: arial, sans-serif; "><a name="О_чем_собственно_речь?"></a>О чем собственно речь?</h1><p style="line-height: 1.25em; max-width: 64em; font-family: arial, sans-serif; font-size: 13px; ">О том как быстро и удобно создать новый Energine проект</p><h1 style="font-size: x-large; margin-top: 0px; background-image: none; background-attachment: initial; background-origin: initial; background-clip: initial; background-color: initial; max-width: 700px; font-family: arial, sans-serif; "><a name="Что_потребуется?"></a>Что потребуется?</h1><ul style="padding-left: 25px; max-width: 62em; font-family: arial, sans-serif; font-size: 13px; "><li style="margin-bottom: 0.3em; ">SVN клиент</li><li style="margin-bottom: 0.3em; ">Собственный SVN репозиторий для работы над проектом. Можно воспользоваться одним из бесплатных сервисов</li><li style="margin-bottom: 0.3em; ">Доступ к Google репозиторию Energine&nbsp;<a href="http://code.google.com/p/energine/source/checkout" rel="nofollow" style="color: rgb(0, 0, 204); ">http://code.google.com/p/energine/source/checkout</a></li></ul><h1 style="font-size: x-large; margin-top: 0px; background-image: none; background-attachment: initial; background-origin: initial; background-clip: initial; background-color: initial; max-width: 700px; font-family: arial, sans-serif; "><a name="Процесс"></a>Процесс</h1><ol style="padding-left: 25px; max-width: 62em; font-family: arial, sans-serif; font-size: 13px; "><li style="margin-bottom: 0.3em; ">Для начала необходимо експортировать заготовку проекта svn export&nbsp;<a href="http://energine.googlecode.com/svn/trunk/starter" rel="nofollow" style="color: rgb(0, 0, 204); ">http://energine.googlecode.com/svn/trunk/starter</a>&nbsp;$project_name, где $project_name - имя папки вашего проекта</li><li style="margin-bottom: 0.3em; ">Теперь необходимо создать новый проект в вашем репозитории обычно используется svn import $path_to_project</li></ol><p style="line-height: 1.25em; max-width: 64em; font-family: arial, sans-serif; font-size: 13px; ">После того как проект находится в вашем репозитории необходимо подключить к нему ядро enrgine и установщик(setup) для этого воспользуемся директивой svn:externals</p><ol style="padding-left: 25px; max-width: 62em; font-family: arial, sans-serif; font-size: 13px; "><li style="margin-bottom: 0.3em; ">с помощью SVN клиента для папки htdocs прописываем свойство svn:externals setup&nbsp;<a href="http://energine.googlecode.com/svn/trunk/setup" rel="nofollow" style="color: rgb(0, 0, 204); ">http://energine.googlecode.com/svn/trunk/setup</a></li><li style="margin-bottom: 0.3em; ">для папки core - framework&nbsp;<a href="http://energine.googlecode.com/svn/trunk/core/framework" rel="nofollow" style="color: rgb(0, 0, 204); ">http://energine.googlecode.com/svn/trunk/core/framework</a></li><li style="margin-bottom: 0.3em; ">для папки core/modules - все необходимые модули</li></ol><span style="font-family: arial, sans-serif; ">как минимум</span><ul style="padding-left: 25px; max-width: 62em; font-family: arial, sans-serif; font-size: 13px; "><li style="margin-bottom: 0.3em; ">share&nbsp;<a href="http://energine.googlecode.com/svn/trunk/core/modules/share" rel="nofollow" style="color: rgb(0, 0, 204); ">http://energine.googlecode.com/svn/trunk/core/modules/share</a></li><li style="margin-bottom: 0.3em; ">user&nbsp;<a href="http://energine.googlecode.com/svn/trunk/core/modules/user" rel="nofollow" style="color: rgb(0, 0, 204); ">http://energine.googlecode.com/svn/trunk/core/modules/user</a></li><li style="margin-bottom: 0.3em; ">image&nbsp;<a href="http://energine.googlecode.com/svn/trunk/core/modules/image" rel="nofollow" style="color: rgb(0, 0, 204); ">http://energine.googlecode.com/svn/trunk/core/modules/image</a></li></ul><hr style="width: 839px; color: rgb(204, 204, 204); background-color: rgb(204, 204, 204); font-family: arial, sans-serif; font-size: 13px; "><span style="font-family: arial, sans-serif; ">Делаем svn update для htdocs После этого svn commit</span><p style="line-height: 1.25em; max-width: 64em; font-family: arial, sans-serif; font-size: 13px; "></p><p style="line-height: 1.25em; max-width: 64em; font-family: arial, sans-serif; font-size: 13px; ">Если необходим read/write доступ к ядру подключаем модули по https протоколу</p>\n                  '),
(46, 2, '\n                    <p><strong style="font-family: arial, sans-serif; font-size: 13px; line-height: 1.25em; ">Эта статья вам нужна только в том случае если вы хотите работать с СВН версией Energine, и вам не облом разбираться</strong></p><h1 style="font-size: x-large; margin-top: 0px; background-image: none; background-attachment: initial; background-origin: initial; background-clip: initial; background-color: initial; max-width: 700px; font-family: arial, sans-serif; "><a name="О_чем_собственно_речь?"></a>О чем собственно речь?</h1><p style="line-height: 1.25em; max-width: 64em; font-family: arial, sans-serif; font-size: 13px; ">О том как быстро и удобно создать новый Energine проект</p><h1 style="font-size: x-large; margin-top: 0px; background-image: none; background-attachment: initial; background-origin: initial; background-clip: initial; background-color: initial; max-width: 700px; font-family: arial, sans-serif; "><a name="Что_потребуется?"></a>Что потребуется?</h1><ul style="padding-left: 25px; max-width: 62em; font-family: arial, sans-serif; font-size: 13px; "><li style="margin-bottom: 0.3em; ">SVN клиент</li><li style="margin-bottom: 0.3em; ">Собственный SVN репозиторий для работы над проектом. Можно воспользоваться одним из бесплатных сервисов</li><li style="margin-bottom: 0.3em; ">Доступ к Google репозиторию Energine&nbsp;<a href="http://code.google.com/p/energine/source/checkout" rel="nofollow" style="color: rgb(0, 0, 204); ">http://code.google.com/p/energine/source/checkout</a></li></ul><h1 style="font-size: x-large; margin-top: 0px; background-image: none; background-attachment: initial; background-origin: initial; background-clip: initial; background-color: initial; max-width: 700px; font-family: arial, sans-serif; "><a name="Процесс"></a>Процесс</h1><ol style="padding-left: 25px; max-width: 62em; font-family: arial, sans-serif; font-size: 13px; "><li style="margin-bottom: 0.3em; ">Для начала необходимо експортировать заготовку проекта svn export&nbsp;<a href="http://energine.googlecode.com/svn/trunk/starter" rel="nofollow" style="color: rgb(0, 0, 204); ">http://energine.googlecode.com/svn/trunk/starter</a>&nbsp;$project_name, где $project_name - имя папки вашего проекта</li><li style="margin-bottom: 0.3em; ">Теперь необходимо создать новый проект в вашем репозитории обычно используется svn import $path_to_project</li></ol><p style="line-height: 1.25em; max-width: 64em; font-family: arial, sans-serif; font-size: 13px; ">После того как проект находится в вашем репозитории необходимо подключить к нему ядро enrgine и установщик(setup) для этого воспользуемся директивой svn:externals</p><ol style="padding-left: 25px; max-width: 62em; font-family: arial, sans-serif; font-size: 13px; "><li style="margin-bottom: 0.3em; ">с помощью SVN клиента для папки htdocs прописываем свойство svn:externals setup&nbsp;<a href="http://energine.googlecode.com/svn/trunk/setup" rel="nofollow" style="color: rgb(0, 0, 204); ">http://energine.googlecode.com/svn/trunk/setup</a></li><li style="margin-bottom: 0.3em; ">для папки core - framework&nbsp;<a href="http://energine.googlecode.com/svn/trunk/core/framework" rel="nofollow" style="color: rgb(0, 0, 204); ">http://energine.googlecode.com/svn/trunk/core/framework</a></li><li style="margin-bottom: 0.3em; ">для папки core/modules - все необходимые модули</li></ol><span style="font-family: arial, sans-serif; ">как минимум</span><ul style="padding-left: 25px; max-width: 62em; font-family: arial, sans-serif; font-size: 13px; "><li style="margin-bottom: 0.3em; ">share&nbsp;<a href="http://energine.googlecode.com/svn/trunk/core/modules/share" rel="nofollow" style="color: rgb(0, 0, 204); ">http://energine.googlecode.com/svn/trunk/core/modules/share</a></li><li style="margin-bottom: 0.3em; ">user&nbsp;<a href="http://energine.googlecode.com/svn/trunk/core/modules/user" rel="nofollow" style="color: rgb(0, 0, 204); ">http://energine.googlecode.com/svn/trunk/core/modules/user</a></li><li style="margin-bottom: 0.3em; ">image&nbsp;<a href="http://energine.googlecode.com/svn/trunk/core/modules/image" rel="nofollow" style="color: rgb(0, 0, 204); ">http://energine.googlecode.com/svn/trunk/core/modules/image</a></li></ul><hr style="width: 839px; color: rgb(204, 204, 204); background-color: rgb(204, 204, 204); font-family: arial, sans-serif; font-size: 13px; "><span style="font-family: arial, sans-serif; ">Делаем svn update для htdocs После этого svn commit</span><p style="line-height: 1.25em; max-width: 64em; font-family: arial, sans-serif; font-size: 13px; "></p><p style="line-height: 1.25em; max-width: 64em; font-family: arial, sans-serif; font-size: 13px; ">Если необходим read/write доступ к ядру подключаем модули по https протоколу</p>\n                  ');
INSERT INTO `share_textblocks_translation` (`tb_id`, `lang_id`, `tb_content`) VALUES
(47, 1, '\n                    <p>&nbsp;<span style="font-family: arial, sans-serif; line-height: 1.25em; ">Да вобщемто не так уж и сложно все... Надо просто взять готовый шаблон, и на его основе вставить кусочки кода в энерджайновый site, в соответствующие файлы</span></p><p style="line-height: 1.25em; max-width: 64em; font-family: arial, sans-serif; font-size: 13px; ">Щас попробуем с нуля написать... Пользуем гугл на предмет поиска "бесплатные HTML шаблоны" или "free templates" Ну например с<a href="http://www.freecsstemplates.org/" rel="nofollow" style="color: rgb(0, 0, 204); ">http://www.freecsstemplates.org</a>&nbsp;выбрали&nbsp;<a href="http://www.freecsstemplates.org/preview/collectiveblue/" rel="nofollow" style="color: rgb(0, 0, 204); ">http://www.freecsstemplates.org/preview/collectiveblue/</a>&nbsp;Качаем и распаковываем его и смотрим что у нас получилось. В распакованной папке находится папка images и файлы index.html и default.css, незабываем внимательно и вдумчиво прочитать license.txt Теперь работаем с нашим установленным энерджайном: удаляем все из папки site/images/ и копируем в нее из нашего скачанного шаблона все из папки images файл default.css копируем в site/stylesheets/ и добавляем его подключение в site/transformers/main.xslt после всех строк типа</p><pre class="prettyprint" style="font-size: 12px; padding-top: 0.5em; padding-right: 0.5em; padding-bottom: 0.5em; padding-left: 0.5em; overflow-x: auto; overflow-y: auto; font-family: Monaco, ''DejaVu Sans Mono'', ''Bitstream Vera Sans Mono'', ''Lucida Console'', monospace; max-width: 70em; background-color: rgb(238, 238, 238); "><span class="tag" style="color: rgb(0, 0, 136); ">&lt;link</span><span class="pln"> </span><span class="atn" style="color: rgb(102, 0, 102); ">href</span><span class="pun" style="color: rgb(102, 102, 0); ">=</span><span class="atv" style="color: rgb(0, 136, 0); ">"stylesheets/........................................../&gt;</span></pre><p style="line-height: 1.25em; max-width: 64em; font-family: arial, sans-serif; font-size: 13px; ">добавляем:</p><pre class="prettyprint" style="font-size: 12px; padding-top: 0.5em; padding-right: 0.5em; padding-bottom: 0.5em; padding-left: 0.5em; overflow-x: auto; overflow-y: auto; font-family: Monaco, ''DejaVu Sans Mono'', ''Bitstream Vera Sans Mono'', ''Lucida Console'', monospace; max-width: 70em; background-color: rgb(238, 238, 238); "><span class="tag" style="color: rgb(0, 0, 136); ">&lt;link</span><span class="pln"> </span><span class="atn" style="color: rgb(102, 0, 102); ">href</span><span class="pun" style="color: rgb(102, 102, 0); ">=</span><span class="atv" style="color: rgb(0, 136, 0); ">"stylesheets/default.css"</span><span class="pln"> </span><span class="atn" style="color: rgb(102, 0, 102); ">rel</span><span class="pun" style="color: rgb(102, 102, 0); ">=</span><span class="atv" style="color: rgb(0, 136, 0); ">"stylesheet"</span><span class="pln"> </span><span class="atn" style="color: rgb(102, 0, 102); ">type</span><span class="pun" style="color: rgb(102, 102, 0); ">=</span><span class="atv" style="color: rgb(0, 136, 0); ">"text/css"</span><span class="pln"> </span><span class="atn" style="color: rgb(102, 0, 102); ">media</span><span class="pun" style="color: rgb(102, 102, 0); ">=</span><span class="atv" style="color: rgb(0, 136, 0); ">"all"</span><span class="pln"> </span><span class="tag" style="color: rgb(0, 0, 136); ">/&gt;</span></pre><p style="line-height: 1.25em; max-width: 64em; font-family: arial, sans-serif; font-size: 13px; ">далее смотрим что находится у нас в index.html нашего шаблона. Пропускаем теперь мимо глаз все что до body Открываем site/transformers/energine.xslt теперь сюда нужно вставить кусочки из нашего шаблона.</p><p style="line-height: 1.25em; max-width: 64em; font-family: arial, sans-serif; font-size: 13px; ">в site/transformers/energine.xslt комментируем все между</p><pre class="prettyprint" style="font-size: 12px; padding-top: 0.5em; padding-right: 0.5em; padding-bottom: 0.5em; padding-left: 0.5em; overflow-x: auto; overflow-y: auto; font-family: Monaco, ''DejaVu Sans Mono'', ''Bitstream Vera Sans Mono'', ''Lucida Console'', monospace; max-width: 70em; background-color: rgb(238, 238, 238); "><span class="tag" style="color: rgb(0, 0, 136); ">&lt;xsl:template</span><span class="pln"> </span><span class="atn" style="color: rgb(102, 0, 102); ">match</span><span class="pun" style="color: rgb(102, 102, 0); ">=</span><span class="atv" style="color: rgb(0, 136, 0); ">"document"</span><span class="tag" style="color: rgb(0, 0, 136); ">&gt;</span><span class="pln"> .... &nbsp; &nbsp; </span><span class="tag" style="color: rgb(0, 0, 136); ">&lt;/xsl:template&gt;</span></pre><p style="line-height: 1.25em; max-width: 64em; font-family: arial, sans-serif; font-size: 13px; ">с помощью &lt;!-- и --&gt; , т.е.</p><pre class="prettyprint" style="font-size: 12px; padding-top: 0.5em; padding-right: 0.5em; padding-bottom: 0.5em; padding-left: 0.5em; overflow-x: auto; overflow-y: auto; font-family: Monaco, ''DejaVu Sans Mono'', ''Bitstream Vera Sans Mono'', ''Lucida Console'', monospace; max-width: 70em; background-color: rgb(238, 238, 238); "><span class="tag" style="color: rgb(0, 0, 136); ">&lt;xsl:template</span><span class="pln"> </span><span class="atn" style="color: rgb(102, 0, 102); ">match</span><span class="pun" style="color: rgb(102, 102, 0); ">=</span><span class="atv" style="color: rgb(0, 136, 0); ">"document"</span><span class="tag" style="color: rgb(0, 0, 136); ">&gt;</span><span class="pln"><br></span><span class="com" style="color: rgb(136, 0, 0); ">&lt;!-- <br>....... тут все родное.....<br>--&gt;</span><span class="pln"><br></span><span class="tag" style="color: rgb(0, 0, 136); ">&lt;/xsl:template&gt;</span></pre><p style="line-height: 1.25em; max-width: 64em; font-family: arial, sans-serif; font-size: 13px; ">затем после</p><pre class="prettyprint" style="font-size: 12px; padding-top: 0.5em; padding-right: 0.5em; padding-bottom: 0.5em; padding-left: 0.5em; overflow-x: auto; overflow-y: auto; font-family: Monaco, ''DejaVu Sans Mono'', ''Bitstream Vera Sans Mono'', ''Lucida Console'', monospace; max-width: 70em; background-color: rgb(238, 238, 238); "><span class="tag" style="color: rgb(0, 0, 136); ">&lt;xsl:template</span><span class="pln"> </span><span class="atn" style="color: rgb(102, 0, 102); ">match</span><span class="pun" style="color: rgb(102, 102, 0); ">=</span><span class="atv" style="color: rgb(0, 136, 0); ">"document"</span><span class="tag" style="color: rgb(0, 0, 136); ">&gt;</span></pre><p style="line-height: 1.25em; max-width: 64em; font-family: arial, sans-serif; font-size: 13px; ">вставляем из index.html нашего шаблона все что между</p><pre style="font-size: 12px; font-family: Monaco, ''DejaVu Sans Mono'', ''Bitstream Vera Sans Mono'', ''Lucida Console'', monospace; max-width: 66em; "><span class="error" style="background-image: initial; background-attachment: initial; background-origin: initial; background-clip: initial; background-color: rgb(255, 241, 168); font-weight: bold; background-position: initial initial; background-repeat: initial initial; ">&lt;body&gt;</span></pre><span style="font-family: arial, sans-serif; ">и</span><pre style="font-size: 12px; font-family: Monaco, ''DejaVu Sans Mono'', ''Bitstream Vera Sans Mono'', ''Lucida Console'', monospace; max-width: 66em; "><span class="error" style="background-image: initial; background-attachment: initial; background-origin: initial; background-clip: initial; background-color: rgb(255, 241, 168); font-weight: bold; background-position: initial initial; background-repeat: initial initial; ">&lt;/body&gt;</span></pre><span style="font-family: arial, sans-serif; ">уберём &amp;nbsp; и &amp;copy; из текста, т.к. подобное не прокатывает в XSLT выполняем&nbsp;</span><a href="http://yousite.net/setup/?state=linker" rel="nofollow" style="color: rgb(0, 0, 204); font-family: arial, sans-serif; font-size: 13px; ">http://yousite.net/setup/?state=linker</a><span style="font-family: arial, sans-serif; ">&nbsp;и наслаждаемся :)))</span><p style="line-height: 1.25em; max-width: 64em; font-family: arial, sans-serif; font-size: 13px; "></p><p style="line-height: 1.25em; max-width: 64em; font-family: arial, sans-serif; font-size: 13px; ">А да, забыл про лишние css... Удаляем из site/transformers/main.xslt все строчки подключения css кроме нашей</p><pre class="prettyprint" style="font-size: 12px; padding-top: 0.5em; padding-right: 0.5em; padding-bottom: 0.5em; padding-left: 0.5em; overflow-x: auto; overflow-y: auto; font-family: Monaco, ''DejaVu Sans Mono'', ''Bitstream Vera Sans Mono'', ''Lucida Console'', monospace; max-width: 70em; background-color: rgb(238, 238, 238); "><span class="tag" style="color: rgb(0, 0, 136); ">&lt;link</span><span class="pln"> </span><span class="atn" style="color: rgb(102, 0, 102); ">href</span><span class="pun" style="color: rgb(102, 102, 0); ">=</span><span class="atv" style="color: rgb(0, 136, 0); ">"stylesheets/default.css"</span><span class="pln"> </span><span class="atn" style="color: rgb(102, 0, 102); ">rel</span><span class="pun" style="color: rgb(102, 102, 0); ">=</span><span class="atv" style="color: rgb(0, 136, 0); ">"stylesheet"</span><span class="pln"> </span><span class="atn" style="color: rgb(102, 0, 102); ">type</span><span class="pun" style="color: rgb(102, 102, 0); ">=</span><span class="atv" style="color: rgb(0, 136, 0); ">"text/css"</span><span class="pln"> </span><span class="atn" style="color: rgb(102, 0, 102); ">media</span><span class="pun" style="color: rgb(102, 102, 0); ">=</span><span class="atv" style="color: rgb(0, 136, 0); ">"all"</span><span class="tag" style="color: rgb(0, 0, 136); ">/&gt;</span></pre><p style="line-height: 1.25em; max-width: 64em; font-family: arial, sans-serif; font-size: 13px; ">Теперь можно удалить все уже ненужные файлы, кроме нашего default.css, из /site/stylesheets/ Ну и для себя я собирал дополнительный универсальный css для энерджайна, назвал его energine.css с содержимым:</p><pre class="prettyprint" style="font-size: 12px; padding-top: 0.5em; padding-right: 0.5em; padding-bottom: 0.5em; padding-left: 0.5em; overflow-x: auto; overflow-y: auto; font-family: Monaco, ''DejaVu Sans Mono'', ''Bitstream Vera Sans Mono'', ''Lucida Console'', monospace; max-width: 70em; background-color: rgb(238, 238, 238); "><span class="com" style="color: rgb(136, 0, 0); ">/* gallery */</span><span class="pln"><br></span><span class="com" style="color: rgb(136, 0, 0); ">#content .gallery {</span><span class="pln"><br>&nbsp; &nbsp; &nbsp; &nbsp; </span><span class="kwd" style="color: rgb(0, 0, 136); ">float</span><span class="pun" style="color: rgb(102, 102, 0); ">:</span><span class="pln"> left</span><span class="pun" style="color: rgb(102, 102, 0); ">;</span><span class="pln"><br>&nbsp; &nbsp; &nbsp; &nbsp; width</span><span class="pun" style="color: rgb(102, 102, 0); ">:</span><span class="pln"> </span><span class="lit" style="color: rgb(0, 102, 102); ">100</span><span class="pun" style="color: rgb(102, 102, 0); ">%;</span><span class="pln"><br>&nbsp; &nbsp; &nbsp; &nbsp; margin</span><span class="pun" style="color: rgb(102, 102, 0); ">:</span><span class="pln"> </span><span class="lit" style="color: rgb(0, 102, 102); ">0</span><span class="pln"> </span><span class="lit" style="color: rgb(0, 102, 102); ">0</span><span class="pln"> </span><span class="lit" style="color: rgb(0, 102, 102); ">1em</span><span class="pln"> </span><span class="lit" style="color: rgb(0, 102, 102); ">0</span><span class="pun" style="color: rgb(102, 102, 0); ">;</span><span class="pln"><br>&nbsp; &nbsp; &nbsp; &nbsp; padding</span><span class="pun" style="color: rgb(102, 102, 0); ">:</span><span class="pln"> </span><span class="lit" style="color: rgb(0, 102, 102); ">0</span><span class="pun" style="color: rgb(102, 102, 0); ">;</span><span class="pln"> &nbsp; &nbsp; <br></span><span class="pun" style="color: rgb(102, 102, 0); ">}</span><span class="pln"><br></span><span class="com" style="color: rgb(136, 0, 0); ">#content .gallery li {</span><span class="pln"><br>&nbsp; &nbsp; &nbsp; &nbsp; </span><span class="kwd" style="color: rgb(0, 0, 136); ">float</span><span class="pun" style="color: rgb(102, 102, 0); ">:</span><span class="pln"> left</span><span class="pun" style="color: rgb(102, 102, 0); ">;</span><span class="pln"><br>&nbsp; &nbsp; &nbsp; &nbsp; width</span><span class="pun" style="color: rgb(102, 102, 0); ">:</span><span class="pln"> </span><span class="lit" style="color: rgb(0, 102, 102); ">21</span><span class="pun" style="color: rgb(102, 102, 0); ">%;</span><span class="pln"><br>&nbsp; &nbsp; &nbsp; &nbsp; margin</span><span class="pun" style="color: rgb(102, 102, 0); ">:</span><span class="pln"> </span><span class="lit" style="color: rgb(0, 102, 102); ">0</span><span class="pln"> </span><span class="lit" style="color: rgb(0, 102, 102); ">1em</span><span class="pln"> </span><span class="lit" style="color: rgb(0, 102, 102); ">1em</span><span class="pln"> </span><span class="lit" style="color: rgb(0, 102, 102); ">1em</span><span class="pun" style="color: rgb(102, 102, 0); ">;</span><span class="pln"><br>&nbsp; &nbsp; &nbsp; &nbsp; padding</span><span class="pun" style="color: rgb(102, 102, 0); ">:</span><span class="pln"> </span><span class="lit" style="color: rgb(0, 102, 102); ">1em</span><span class="pln"> </span><span class="lit" style="color: rgb(0, 102, 102); ">0</span><span class="pln"> </span><span class="lit" style="color: rgb(0, 102, 102); ">0</span><span class="pln"> </span><span class="lit" style="color: rgb(0, 102, 102); ">0</span><span class="pun" style="color: rgb(102, 102, 0); ">;</span><span class="pln"><br>&nbsp; &nbsp; &nbsp; &nbsp; list</span><span class="pun" style="color: rgb(102, 102, 0); ">-</span><span class="pln">style</span><span class="pun" style="color: rgb(102, 102, 0); ">:</span><span class="pln"> none</span><span class="pun" style="color: rgb(102, 102, 0); ">;</span><span class="pln"><br>&nbsp; &nbsp; &nbsp; &nbsp; text</span><span class="pun" style="color: rgb(102, 102, 0); ">-</span><span class="pln">align</span><span class="pun" style="color: rgb(102, 102, 0); ">:</span><span class="pln"> center</span><span class="pun" style="color: rgb(102, 102, 0); ">;</span><span class="pln"><br>&nbsp; &nbsp; &nbsp; &nbsp; min</span><span class="pun" style="color: rgb(102, 102, 0); ">-</span><span class="pln">height</span><span class="pun" style="color: rgb(102, 102, 0); ">:</span><span class="pln"> </span><span class="lit" style="color: rgb(0, 102, 102); ">225px</span><span class="pun" style="color: rgb(102, 102, 0); ">;</span><span class="pln"><br>&nbsp; &nbsp; &nbsp; &nbsp; display</span><span class="pun" style="color: rgb(102, 102, 0); ">:</span><span class="pln"> </span><span class="pun" style="color: rgb(102, 102, 0); ">-</span><span class="pln">moz</span><span class="pun" style="color: rgb(102, 102, 0); ">-</span><span class="kwd" style="color: rgb(0, 0, 136); ">inline</span><span class="pun" style="color: rgb(102, 102, 0); ">-</span><span class="pln">stack</span><span class="pun" style="color: rgb(102, 102, 0); ">;</span><span class="pln"><br>&nbsp; &nbsp; &nbsp; &nbsp; display</span><span class="pun" style="color: rgb(102, 102, 0); ">:</span><span class="pln"> </span><span class="kwd" style="color: rgb(0, 0, 136); ">inline</span><span class="pun" style="color: rgb(102, 102, 0); ">-</span><span class="pln">block</span><span class="pun" style="color: rgb(102, 102, 0); ">;</span><span class="pln"><br>&nbsp; &nbsp; &nbsp; &nbsp; vertical</span><span class="pun" style="color: rgb(102, 102, 0); ">-</span><span class="pln">align</span><span class="pun" style="color: rgb(102, 102, 0); ">:</span><span class="pln"> top</span><span class="pun" style="color: rgb(102, 102, 0); ">;</span><span class="pln"><br>&nbsp; &nbsp; &nbsp; &nbsp; zoom</span><span class="pun" style="color: rgb(102, 102, 0); ">:</span><span class="pln"> </span><span class="lit" style="color: rgb(0, 102, 102); ">1</span><span class="pun" style="color: rgb(102, 102, 0); ">;</span><span class="pln"><br>&nbsp; &nbsp; &nbsp; &nbsp; </span><span class="pun" style="color: rgb(102, 102, 0); ">*</span><span class="pln">display</span><span class="pun" style="color: rgb(102, 102, 0); ">:</span><span class="pln"> </span><span class="kwd" style="color: rgb(0, 0, 136); ">inline</span><span class="pun" style="color: rgb(102, 102, 0); ">;</span><span class="pln"><br>&nbsp; &nbsp; &nbsp; &nbsp; _height</span><span class="pun" style="color: rgb(102, 102, 0); ">:</span><span class="pln"> </span><span class="lit" style="color: rgb(0, 102, 102); ">225px</span><span class="pun" style="color: rgb(102, 102, 0); ">;</span><span class="pln"><br>&nbsp; &nbsp; &nbsp; &nbsp; border</span><span class="pun" style="color: rgb(102, 102, 0); ">:</span><span class="pln"> </span><span class="lit" style="color: rgb(0, 102, 102); ">1px</span><span class="pln"> solid </span><span class="com" style="color: rgb(136, 0, 0); ">#ddd;</span><span class="pln"><br></span><span class="pun" style="color: rgb(102, 102, 0); ">}</span><span class="pln"><br></span><span class="com" style="color: rgb(136, 0, 0); ">#content .gallery img {</span><span class="pln"><br>&nbsp; border</span><span class="pun" style="color: rgb(102, 102, 0); ">:</span><span class="pln"> </span><span class="lit" style="color: rgb(0, 102, 102); ">1px</span><span class="pln"> solid </span><span class="com" style="color: rgb(136, 0, 0); ">#eee;</span><span class="pln"><br></span><span class="pun" style="color: rgb(102, 102, 0); ">}</span><span class="pln"><br></span><span class="com" style="color: rgb(136, 0, 0); ">#content .gallery a {</span><span class="pln"><br>&nbsp; border</span><span class="pun" style="color: rgb(102, 102, 0); ">:</span><span class="pln"> </span><span class="lit" style="color: rgb(0, 102, 102); ">0</span><span class="pun" style="color: rgb(102, 102, 0); ">;</span><span class="pln"><br></span><span class="pun" style="color: rgb(102, 102, 0); ">}</span><span class="pln"><br></span><span class="com" style="color: rgb(136, 0, 0); ">/* thumbnail */</span><span class="pln"><br></span><span class="com" style="color: rgb(136, 0, 0); ">#content .thumbnail {</span><span class="pln"><br>&nbsp; &nbsp; &nbsp; &nbsp; </span><span class="kwd" style="color: rgb(0, 0, 136); ">float</span><span class="pun" style="color: rgb(102, 102, 0); ">:</span><span class="pln"> left</span><span class="pun" style="color: rgb(102, 102, 0); ">;</span><span class="pln"><br>&nbsp; &nbsp; &nbsp; &nbsp; width</span><span class="pun" style="color: rgb(102, 102, 0); ">:</span><span class="pln"> </span><span class="lit" style="color: rgb(0, 102, 102); ">100</span><span class="pun" style="color: rgb(102, 102, 0); ">%;</span><span class="pln"><br>&nbsp; &nbsp; &nbsp; &nbsp; margin</span><span class="pun" style="color: rgb(102, 102, 0); ">:</span><span class="pln"> </span><span class="lit" style="color: rgb(0, 102, 102); ">0</span><span class="pln"> </span><span class="lit" style="color: rgb(0, 102, 102); ">0</span><span class="pln"> </span><span class="lit" style="color: rgb(0, 102, 102); ">1em</span><span class="pln"> </span><span class="lit" style="color: rgb(0, 102, 102); ">0</span><span class="pun" style="color: rgb(102, 102, 0); ">;</span><span class="pln"><br>&nbsp; &nbsp; &nbsp; &nbsp; padding</span><span class="pun" style="color: rgb(102, 102, 0); ">:</span><span class="pln"> </span><span class="lit" style="color: rgb(0, 102, 102); ">0</span><span class="pun" style="color: rgb(102, 102, 0); ">;</span><span class="pln"> &nbsp; &nbsp; <br></span><span class="pun" style="color: rgb(102, 102, 0); ">}</span><span class="pln"><br></span><span class="com" style="color: rgb(136, 0, 0); ">#content .thumbnail li {</span><span class="pln"><br>&nbsp; &nbsp; &nbsp; &nbsp; _display</span><span class="pun" style="color: rgb(102, 102, 0); ">:</span><span class="pln"> </span><span class="kwd" style="color: rgb(0, 0, 136); ">inline</span><span class="pun" style="color: rgb(102, 102, 0); ">;</span><span class="pln"><br>&nbsp; &nbsp; &nbsp; &nbsp; </span><span class="kwd" style="color: rgb(0, 0, 136); ">float</span><span class="pun" style="color: rgb(102, 102, 0); ">:</span><span class="pln"> left</span><span class="pun" style="color: rgb(102, 102, 0); ">;</span><span class="pln"><br>&nbsp; &nbsp; &nbsp; &nbsp; width</span><span class="pun" style="color: rgb(102, 102, 0); ">:</span><span class="pln"> </span><span class="lit" style="color: rgb(0, 102, 102); ">27</span><span class="pun" style="color: rgb(102, 102, 0); ">%;</span><span class="pln"><br>&nbsp; &nbsp; &nbsp; &nbsp; margin</span><span class="pun" style="color: rgb(102, 102, 0); ">:</span><span class="pln"> </span><span class="lit" style="color: rgb(0, 102, 102); ">0</span><span class="pln"> </span><span class="lit" style="color: rgb(0, 102, 102); ">1em</span><span class="pln"> </span><span class="lit" style="color: rgb(0, 102, 102); ">1em</span><span class="pln"> </span><span class="lit" style="color: rgb(0, 102, 102); ">1em</span><span class="pun" style="color: rgb(102, 102, 0); ">;</span><span class="pln"><br>&nbsp; &nbsp; &nbsp; &nbsp; padding</span><span class="pun" style="color: rgb(102, 102, 0); ">:</span><span class="pln"> </span><span class="lit" style="color: rgb(0, 102, 102); ">1em</span><span class="pln"> </span><span class="lit" style="color: rgb(0, 102, 102); ">0</span><span class="pln"> </span><span class="lit" style="color: rgb(0, 102, 102); ">0</span><span class="pln"> </span><span class="lit" style="color: rgb(0, 102, 102); ">0</span><span class="pun" style="color: rgb(102, 102, 0); ">;</span><span class="pln"><br>&nbsp; &nbsp; &nbsp; &nbsp; list</span><span class="pun" style="color: rgb(102, 102, 0); ">-</span><span class="pln">style</span><span class="pun" style="color: rgb(102, 102, 0); ">:</span><span class="pln"> none</span><span class="pun" style="color: rgb(102, 102, 0); ">;</span><span class="pln"><br>&nbsp; &nbsp; &nbsp; &nbsp; text</span><span class="pun" style="color: rgb(102, 102, 0); ">-</span><span class="pln">align</span><span class="pun" style="color: rgb(102, 102, 0); ">:</span><span class="pln"> center</span><span class="pun" style="color: rgb(102, 102, 0); ">;</span><span class="pln"><br></span><span class="pun" style="color: rgb(102, 102, 0); ">}</span><span class="pln"><br></span><span class="com" style="color: rgb(136, 0, 0); ">#content .thumbnail img {</span><span class="pln"><br>&nbsp; border</span><span class="pun" style="color: rgb(102, 102, 0); ">:</span><span class="pln"> </span><span class="lit" style="color: rgb(0, 102, 102); ">1px</span><span class="pln"> solid </span><span class="com" style="color: rgb(136, 0, 0); ">#eee;</span><span class="pln"><br></span><span class="pun" style="color: rgb(102, 102, 0); ">}</span><span class="pln"><br></span><span class="com" style="color: rgb(136, 0, 0); ">#content .thumbnail a {</span><span class="pln"><br>&nbsp; border</span><span class="pun" style="color: rgb(102, 102, 0); ">:</span><span class="pln"> </span><span class="lit" style="color: rgb(0, 102, 102); ">0</span><span class="pun" style="color: rgb(102, 102, 0); ">;</span><span class="pln"><br></span><span class="pun" style="color: rgb(102, 102, 0); ">}</span><span class="pln"><br></span><span class="com" style="color: rgb(136, 0, 0); ">#content .product li {</span><span class="pln"><br>&nbsp; &nbsp; &nbsp; &nbsp; _display</span><span class="pun" style="color: rgb(102, 102, 0); ">:</span><span class="pln"> </span><span class="kwd" style="color: rgb(0, 0, 136); ">inline</span><span class="pun" style="color: rgb(102, 102, 0); ">;</span><span class="pln"><br>&nbsp; &nbsp; &nbsp; &nbsp; width</span><span class="pun" style="color: rgb(102, 102, 0); ">:</span><span class="pln"> </span><span class="lit" style="color: rgb(0, 102, 102); ">27</span><span class="pun" style="color: rgb(102, 102, 0); ">%;</span><span class="pln"><br>&nbsp; &nbsp; &nbsp; &nbsp; margin</span><span class="pun" style="color: rgb(102, 102, 0); ">:</span><span class="pln"> </span><span class="lit" style="color: rgb(0, 102, 102); ">0</span><span class="pln"> </span><span class="lit" style="color: rgb(0, 102, 102); ">1em</span><span class="pln"> </span><span class="lit" style="color: rgb(0, 102, 102); ">1em</span><span class="pln"> </span><span class="lit" style="color: rgb(0, 102, 102); ">1em</span><span class="pun" style="color: rgb(102, 102, 0); ">;</span><span class="pln"><br>&nbsp; &nbsp; &nbsp; &nbsp; padding</span><span class="pun" style="color: rgb(102, 102, 0); ">:</span><span class="pln"> </span><span class="lit" style="color: rgb(0, 102, 102); ">1em</span><span class="pln"> </span><span class="lit" style="color: rgb(0, 102, 102); ">0</span><span class="pln"> </span><span class="lit" style="color: rgb(0, 102, 102); ">0</span><span class="pln"> </span><span class="lit" style="color: rgb(0, 102, 102); ">0</span><span class="pun" style="color: rgb(102, 102, 0); ">;</span><span class="pln"><br>&nbsp; &nbsp; &nbsp; &nbsp; list</span><span class="pun" style="color: rgb(102, 102, 0); ">-</span><span class="pln">style</span><span class="pun" style="color: rgb(102, 102, 0); ">:</span><span class="pln"> none</span><span class="pun" style="color: rgb(102, 102, 0); ">;</span><span class="pln"><br>&nbsp; &nbsp; &nbsp; &nbsp; text</span><span class="pun" style="color: rgb(102, 102, 0); ">-</span><span class="pln">align</span><span class="pun" style="color: rgb(102, 102, 0); ">:</span><span class="pln"> center</span><span class="pun" style="color: rgb(102, 102, 0); ">;</span><span class="pln"><br></span><span class="pun" style="color: rgb(102, 102, 0); ">}</span><span class="pln"><br><br></span><span class="com" style="color: rgb(136, 0, 0); ">/* news */</span><span class="pln"><br></span><span class="com" style="color: rgb(136, 0, 0); ">#content ul.news {</span><span class="pln"><br>&nbsp; &nbsp; &nbsp; &nbsp; margin</span><span class="pun" style="color: rgb(102, 102, 0); ">:</span><span class="pln"> </span><span class="lit" style="color: rgb(0, 102, 102); ">0</span><span class="pln"> </span><span class="lit" style="color: rgb(0, 102, 102); ">0</span><span class="pln"> </span><span class="lit" style="color: rgb(0, 102, 102); ">1em</span><span class="pln"> </span><span class="lit" style="color: rgb(0, 102, 102); ">0</span><span class="pun" style="color: rgb(102, 102, 0); ">;</span><span class="pln"><br>&nbsp; &nbsp; &nbsp; &nbsp; padding</span><span class="pun" style="color: rgb(102, 102, 0); ">:</span><span class="pln"> </span><span class="lit" style="color: rgb(0, 102, 102); ">0</span><span class="pun" style="color: rgb(102, 102, 0); ">;</span><span class="pln"> &nbsp; &nbsp; <br></span><span class="pun" style="color: rgb(102, 102, 0); ">}</span><span class="pln"><br></span><span class="com" style="color: rgb(136, 0, 0); ">#content ul.news li {</span><span class="pln"><br>&nbsp; &nbsp; &nbsp; &nbsp; _height</span><span class="pun" style="color: rgb(102, 102, 0); ">:</span><span class="pln"> </span><span class="lit" style="color: rgb(0, 102, 102); ">1</span><span class="pun" style="color: rgb(102, 102, 0); ">%;</span><span class="pln"><br>&nbsp; &nbsp; &nbsp; &nbsp; margin</span><span class="pun" style="color: rgb(102, 102, 0); ">:</span><span class="pln"> </span><span class="lit" style="color: rgb(0, 102, 102); ">0</span><span class="pln"> </span><span class="lit" style="color: rgb(0, 102, 102); ">0</span><span class="pln"> </span><span class="lit" style="color: rgb(0, 102, 102); ">1em</span><span class="pln"> </span><span class="lit" style="color: rgb(0, 102, 102); ">0</span><span class="pun" style="color: rgb(102, 102, 0); ">;</span><span class="pln"><br>&nbsp; &nbsp; &nbsp; &nbsp; list</span><span class="pun" style="color: rgb(102, 102, 0); ">-</span><span class="pln">style</span><span class="pun" style="color: rgb(102, 102, 0); ">:</span><span class="pln"> none</span><span class="pun" style="color: rgb(102, 102, 0); ">;</span><span class="pln"><br></span><span class="pun" style="color: rgb(102, 102, 0); ">}</span><span class="pln"><br></span><span class="pun" style="color: rgb(102, 102, 0); ">.</span><span class="pln">news </span><span class="pun" style="color: rgb(102, 102, 0); ">.</span><span class="pln">title </span><span class="pun" style="color: rgb(102, 102, 0); ">{</span><span class="pln"><br>&nbsp; &nbsp; &nbsp; &nbsp; margin</span><span class="pun" style="color: rgb(102, 102, 0); ">:</span><span class="pln"> </span><span class="lit" style="color: rgb(0, 102, 102); ">0</span><span class="pun" style="color: rgb(102, 102, 0); ">;</span><span class="pln"><br>&nbsp; &nbsp; &nbsp; &nbsp; font</span><span class="pun" style="color: rgb(102, 102, 0); ">-</span><span class="pln">weight</span><span class="pun" style="color: rgb(102, 102, 0); ">:</span><span class="pln"> normal</span><span class="pun" style="color: rgb(102, 102, 0); ">;</span><span class="pln"><br></span><span class="pun" style="color: rgb(102, 102, 0); ">}</span><span class="pln"><br></span><span class="pun" style="color: rgb(102, 102, 0); ">.</span><span class="pln">news </span><span class="pun" style="color: rgb(102, 102, 0); ">.</span><span class="pln">anounce </span><span class="pun" style="color: rgb(102, 102, 0); ">{</span><span class="pln"><br>&nbsp; &nbsp; &nbsp; &nbsp; margin</span><span class="pun" style="color: rgb(102, 102, 0); ">:</span><span class="pln"> </span><span class="lit" style="color: rgb(0, 102, 102); ">1em</span><span class="pun" style="color: rgb(102, 102, 0); ">;</span><span class="pln"><br></span><span class="pun" style="color: rgb(102, 102, 0); ">}</span><span class="pln"><br><br></span><span class="pun" style="color: rgb(102, 102, 0); ">.</span><span class="pln">go_back </span><span class="pun" style="color: rgb(102, 102, 0); ">{</span><span class="pln"><br>&nbsp; &nbsp; &nbsp; &nbsp; margin</span><span class="pun" style="color: rgb(102, 102, 0); ">:</span><span class="pln"> </span><span class="lit" style="color: rgb(0, 102, 102); ">1.5em</span><span class="pln"> </span><span class="lit" style="color: rgb(0, 102, 102); ">5em</span><span class="pun" style="color: rgb(102, 102, 0); ">;</span></pre><p style="line-height: 1.25em; max-width: 64em; font-family: arial, sans-serif; font-size: 13px; ">это не идеал, его иногда, конечно, нужно бы и подправить под нужды различных шаблонов Значится добавляем такой файл в /site/stylesheets/ и дописываем его подключение в /site/transformers/main.xslt после нашего:</p><pre class="prettyprint" style="font-size: 12px; padding-top: 0.5em; padding-right: 0.5em; padding-bottom: 0.5em; padding-left: 0.5em; overflow-x: auto; overflow-y: auto; font-family: Monaco, ''DejaVu Sans Mono'', ''Bitstream Vera Sans Mono'', ''Lucida Console'', monospace; max-width: 70em; background-color: rgb(238, 238, 238); "><span class="tag" style="color: rgb(0, 0, 136); ">&lt;link</span><span class="pln"> </span><span class="atn" style="color: rgb(102, 0, 102); ">href</span><span class="pun" style="color: rgb(102, 102, 0); ">=</span><span class="atv" style="color: rgb(0, 136, 0); ">"stylesheets/default.css"</span><span class="pln"> </span><span class="atn" style="color: rgb(102, 0, 102); ">rel</span><span class="pun" style="color: rgb(102, 102, 0); ">=</span><span class="atv" style="color: rgb(0, 136, 0); ">"stylesheet"</span><span class="pln"> </span><span class="atn" style="color: rgb(102, 0, 102); ">type</span><span class="pun" style="color: rgb(102, 102, 0); ">=</span><span class="atv" style="color: rgb(0, 136, 0); ">"text/css"</span><span class="pln"> </span><span class="atn" style="color: rgb(102, 0, 102); ">media</span><span class="pun" style="color: rgb(102, 102, 0); ">=</span><span class="atv" style="color: rgb(0, 136, 0); ">"all"</span><span class="tag" style="color: rgb(0, 0, 136); ">/&gt;</span></pre><p style="line-height: 1.25em; max-width: 64em; font-family: arial, sans-serif; font-size: 13px; ">добавляем:</p><pre class="prettyprint" style="font-size: 12px; padding-top: 0.5em; padding-right: 0.5em; padding-bottom: 0.5em; padding-left: 0.5em; overflow-x: auto; overflow-y: auto; font-family: Monaco, ''DejaVu Sans Mono'', ''Bitstream Vera Sans Mono'', ''Lucida Console'', monospace; max-width: 70em; background-color: rgb(238, 238, 238); "><span class="tag" style="color: rgb(0, 0, 136); ">&lt;link</span><span class="pln"> </span><span class="atn" style="color: rgb(102, 0, 102); ">href</span><span class="pun" style="color: rgb(102, 102, 0); ">=</span><span class="atv" style="color: rgb(0, 136, 0); ">"stylesheets/energine.css"</span><span class="pln"> </span><span class="atn" style="color: rgb(102, 0, 102); ">rel</span><span class="pun" style="color: rgb(102, 102, 0); ">=</span><span class="atv" style="color: rgb(0, 136, 0); ">"stylesheet"</span><span class="pln"> </span><span class="atn" style="color: rgb(102, 0, 102); ">type</span><span class="pun" style="color: rgb(102, 102, 0); ">=</span><span class="atv" style="color: rgb(0, 136, 0); ">"text/css"</span><span class="tag" style="color: rgb(0, 0, 136); ">/&gt;</span></pre><p style="line-height: 1.25em; max-width: 64em; font-family: arial, sans-serif; font-size: 13px; ">Вот, почти получилось. Теперь проблема с путями к картинкам в css, т.к. в нашем шаблоне css лежит в корне, то у него путь к фоновой картинке images/img01.gif а у нас css''ы лежат в отдельной папке, из которой нам надо сперва вылезти, поэтому пишем путь в виде ../images/img01.gif соответственно строчка с бэкграундом будет такой:</p><pre class="prettyprint" style="font-size: 12px; padding-top: 0.5em; padding-right: 0.5em; padding-bottom: 0.5em; padding-left: 0.5em; overflow-x: auto; overflow-y: auto; font-family: Monaco, ''DejaVu Sans Mono'', ''Bitstream Vera Sans Mono'', ''Lucida Console'', monospace; max-width: 70em; background-color: rgb(238, 238, 238); "><span class="pln">background</span><span class="pun" style="color: rgb(102, 102, 0); ">:</span><span class="pln"> </span><span class="com" style="color: rgb(136, 0, 0); ">#FFFFFF url(../images/img01.gif) repeat-y center top;</span></pre><p style="line-height: 1.25em; max-width: 64em; font-family: arial, sans-serif; font-size: 13px; ">теперь снова запускаем линкер (&nbsp;<a href="http://yousite.net/setup/?state=linker" rel="nofollow" style="color: rgb(0, 0, 204); ">http://yousite.net/setup/?state=linker</a>&nbsp;) и снова наслаждаемся видами нашего сайта :))) Зачем нам сайт с движком, если на нем нельзя движком воспользоваться?</p><p style="line-height: 1.25em; max-width: 64em; font-family: arial, sans-serif; font-size: 13px; ">Теперь добиваем наш /site/transformers/energine.xslt В том блоке что мы закомментировали есть вставки XSL кода:</p><pre class="prettyprint" style="font-size: 12px; padding-top: 0.5em; padding-right: 0.5em; padding-bottom: 0.5em; padding-left: 0.5em; overflow-x: auto; overflow-y: auto; font-family: Monaco, ''DejaVu Sans Mono'', ''Bitstream Vera Sans Mono'', ''Lucida Console'', monospace; max-width: 70em; background-color: rgb(238, 238, 238); "><span class="tag" style="color: rgb(0, 0, 136); ">&lt;xsl:apply-templates</span><span class="pln"> </span><span class="atn" style="color: rgb(102, 0, 102); ">select</span><span class="pun" style="color: rgb(102, 102, 0); ">=</span><span class="atv" style="color: rgb(0, 136, 0); ">"$COMPONENTS[@class=''BreadCrumbs'']"</span><span class="pln"> </span><span class="tag" style="color: rgb(0, 0, 136); ">/&gt;</span></pre><p style="line-height: 1.25em; max-width: 64em; font-family: arial, sans-serif; font-size: 13px; ">- "Хлебные крошки" тобиш путь по которому мы дошли до данной страницы, рассыпая за собой хлеб, чтоб не потеряться :)</p><pre class="prettyprint" style="font-size: 12px; padding-top: 0.5em; padding-right: 0.5em; padding-bottom: 0.5em; padding-left: 0.5em; overflow-x: auto; overflow-y: auto; font-family: Monaco, ''DejaVu Sans Mono'', ''Bitstream Vera Sans Mono'', ''Lucida Console'', monospace; max-width: 70em; background-color: rgb(238, 238, 238); "><span class="tag" style="color: rgb(0, 0, 136); ">&lt;xsl:value-of</span><span class="pln"> </span><span class="atn" style="color: rgb(102, 0, 102); ">select</span><span class="pun" style="color: rgb(102, 102, 0); ">=</span><span class="atv" style="color: rgb(0, 136, 0); ">"$DOC_PROPS[@name=''title'']"</span><span class="pln"> </span><span class="tag" style="color: rgb(0, 0, 136); ">/&gt;</span></pre><p style="line-height: 1.25em; max-width: 64em; font-family: arial, sans-serif; font-size: 13px; ">- заголовок страницы на которой мы находимся</p><pre class="prettyprint" style="font-size: 12px; padding-top: 0.5em; padding-right: 0.5em; padding-bottom: 0.5em; padding-left: 0.5em; overflow-x: auto; overflow-y: auto; font-family: Monaco, ''DejaVu Sans Mono'', ''Bitstream Vera Sans Mono'', ''Lucida Console'', monospace; max-width: 70em; background-color: rgb(238, 238, 238); "><span class="tag" style="color: rgb(0, 0, 136); ">&lt;xsl:apply-templates</span><span class="pln"> </span><span class="atn" style="color: rgb(102, 0, 102); ">select</span><span class="pun" style="color: rgb(102, 102, 0); ">=</span><span class="atv" style="color: rgb(0, 136, 0); ">"content"</span><span class="pln"> </span><span class="tag" style="color: rgb(0, 0, 136); ">/&gt;</span></pre><p style="line-height: 1.25em; max-width: 64em; font-family: arial, sans-serif; font-size: 13px; ">- это самая важная часть страницы- наш контент</p><pre class="prettyprint" style="font-size: 12px; padding-top: 0.5em; padding-right: 0.5em; padding-bottom: 0.5em; padding-left: 0.5em; overflow-x: auto; overflow-y: auto; font-family: Monaco, ''DejaVu Sans Mono'', ''Bitstream Vera Sans Mono'', ''Lucida Console'', monospace; max-width: 70em; background-color: rgb(238, 238, 238); "><span class="tag" style="color: rgb(0, 0, 136); ">&lt;xsl:apply-templates</span><span class="pln"> </span><span class="atn" style="color: rgb(102, 0, 102); ">select</span><span class="pun" style="color: rgb(102, 102, 0); ">=</span><span class="atv" style="color: rgb(0, 136, 0); ">"$COMPONENTS[@class=''LangSwitcher'']"</span><span class="pln"> </span><span class="tag" style="color: rgb(0, 0, 136); ">/&gt;</span></pre><p style="line-height: 1.25em; max-width: 64em; font-family: arial, sans-serif; font-size: 13px; ">- это переключатель языка, если их несколько на вашем будущем сайте, то он нам нужен.</p><pre class="prettyprint" style="font-size: 12px; padding-top: 0.5em; padding-right: 0.5em; padding-bottom: 0.5em; padding-left: 0.5em; overflow-x: auto; overflow-y: auto; font-family: Monaco, ''DejaVu Sans Mono'', ''Bitstream Vera Sans Mono'', ''Lucida Console'', monospace; max-width: 70em; background-color: rgb(238, 238, 238); "><span class="tag" style="color: rgb(0, 0, 136); ">&lt;xsl:apply-templates</span><span class="pln"> </span><span class="atn" style="color: rgb(102, 0, 102); ">select</span><span class="pun" style="color: rgb(102, 102, 0); ">=</span><span class="atv" style="color: rgb(0, 136, 0); ">"$COMPONENTS[@class=''MainMenu'']"</span><span class="pln"> </span><span class="tag" style="color: rgb(0, 0, 136); ">/&gt;</span></pre><p style="line-height: 1.25em; max-width: 64em; font-family: arial, sans-serif; font-size: 13px; ">- это наше меню</p><pre class="prettyprint" style="font-size: 12px; padding-top: 0.5em; padding-right: 0.5em; padding-bottom: 0.5em; padding-left: 0.5em; overflow-x: auto; overflow-y: auto; font-family: Monaco, ''DejaVu Sans Mono'', ''Bitstream Vera Sans Mono'', ''Lucida Console'', monospace; max-width: 70em; background-color: rgb(238, 238, 238); "><span class="tag" style="color: rgb(0, 0, 136); ">&lt;xsl:apply-templates</span><span class="pln"> </span><span class="atn" style="color: rgb(102, 0, 102); ">select</span><span class="pun" style="color: rgb(102, 102, 0); ">=</span><span class="atv" style="color: rgb(0, 136, 0); ">"$COMPONENTS[@class=''CurrencySwitcher''][parent::layout]"</span><span class="pln"> </span><span class="tag" style="color: rgb(0, 0, 136); ">/&gt;</span></pre><p style="line-height: 1.25em; max-width: 64em; font-family: arial, sans-serif; font-size: 13px; ">- это переключатель валюты магазина</p><pre class="prettyprint" style="font-size: 12px; padding-top: 0.5em; padding-right: 0.5em; padding-bottom: 0.5em; padding-left: 0.5em; overflow-x: auto; overflow-y: auto; font-family: Monaco, ''DejaVu Sans Mono'', ''Bitstream Vera Sans Mono'', ''Lucida Console'', monospace; max-width: 70em; background-color: rgb(238, 238, 238); "><span class="tag" style="color: rgb(0, 0, 136); ">&lt;xsl:apply-templates</span><span class="pln"> </span><span class="atn" style="color: rgb(102, 0, 102); ">select</span><span class="pun" style="color: rgb(102, 102, 0); ">=</span><span class="atv" style="color: rgb(0, 136, 0); ">"$COMPONENTS[@class=''BasketList''][parent::layout]"</span><span class="pln"> </span><span class="tag" style="color: rgb(0, 0, 136); ">/&gt;</span></pre><p style="line-height: 1.25em; max-width: 64em; font-family: arial, sans-serif; font-size: 13px; ">- это корЗина магаЗина</p><pre class="prettyprint" style="font-size: 12px; padding-top: 0.5em; padding-right: 0.5em; padding-bottom: 0.5em; padding-left: 0.5em; overflow-x: auto; overflow-y: auto; font-family: Monaco, ''DejaVu Sans Mono'', ''Bitstream Vera Sans Mono'', ''Lucida Console'', monospace; max-width: 70em; background-color: rgb(238, 238, 238); "><span class="tag" style="color: rgb(0, 0, 136); ">&lt;xsl:apply-templates</span><span class="pln"> </span><span class="atn" style="color: rgb(102, 0, 102); ">select</span><span class="pun" style="color: rgb(102, 102, 0); ">=</span><span class="atv" style="color: rgb(0, 136, 0); ">"$COMPONENTS[@class=''LoginForm''][parent::layout]"</span><span class="pln"> </span><span class="tag" style="color: rgb(0, 0, 136); ">/&gt;</span></pre><p style="line-height: 1.25em; max-width: 64em; font-family: arial, sans-serif; font-size: 13px; ">- это форма входа с логином и паролем</p><pre class="prettyprint" style="font-size: 12px; padding-top: 0.5em; padding-right: 0.5em; padding-bottom: 0.5em; padding-left: 0.5em; overflow-x: auto; overflow-y: auto; font-family: Monaco, ''DejaVu Sans Mono'', ''Bitstream Vera Sans Mono'', ''Lucida Console'', monospace; max-width: 70em; background-color: rgb(238, 238, 238); "><span class="tag" style="color: rgb(0, 0, 136); ">&lt;xsl:apply-templates</span><span class="pln"> </span><span class="atn" style="color: rgb(102, 0, 102); ">select</span><span class="pun" style="color: rgb(102, 102, 0); ">=</span><span class="atv" style="color: rgb(0, 136, 0); ">"$COMPONENTS[@name=''FooterTextBlock'']"</span><span class="pln"> </span><span class="tag" style="color: rgb(0, 0, 136); ">/&gt;</span></pre><p style="line-height: 1.25em; max-width: 64em; font-family: arial, sans-serif; font-size: 13px; ">- это постоянный текстовый блок на всех страницах нашего сайта</p><p style="line-height: 1.25em; max-width: 64em; font-family: arial, sans-serif; font-size: 13px; ">Наша задача вставить в нужные места выбранного нами шаблона, вместо демо текста из шаблона. Сами попробуете?</p><p style="line-height: 1.25em; max-width: 64em; font-family: arial, sans-serif; font-size: 13px; ">Попробывали? Должно получиться примерно следующее:</p><pre class="prettyprint" style="font-size: 12px; padding-top: 0.5em; padding-right: 0.5em; padding-bottom: 0.5em; padding-left: 0.5em; overflow-x: auto; overflow-y: auto; font-family: Monaco, ''DejaVu Sans Mono'', ''Bitstream Vera Sans Mono'', ''Lucida Console'', monospace; max-width: 70em; background-color: rgb(238, 238, 238); "><span class="pun" style="color: rgb(102, 102, 0); ">&lt;?</span><span class="pln">xml version</span><span class="pun" style="color: rgb(102, 102, 0); ">=</span><span class="str" style="color: rgb(0, 136, 0); ">"1.0"</span><span class="pln"> encoding</span><span class="pun" style="color: rgb(102, 102, 0); ">=</span><span class="str" style="color: rgb(0, 136, 0); ">"utf-8"</span><span class="pun" style="color: rgb(102, 102, 0); ">?&gt;</span><span class="pln"><br></span><span class="tag" style="color: rgb(0, 0, 136); ">&lt;xsl:stylesheet</span><span class="pln"> <br>&nbsp; &nbsp; </span><span class="atn" style="color: rgb(102, 0, 102); ">version</span><span class="pun" style="color: rgb(102, 102, 0); ">=</span><span class="atv" style="color: rgb(0, 136, 0); ">"1.0"</span><span class="pln"> <br>&nbsp; &nbsp; </span><span class="atn" style="color: rgb(102, 0, 102); ">xmlns:xsl</span><span class="pun" style="color: rgb(102, 102, 0); ">=</span><span class="atv" style="color: rgb(0, 136, 0); ">"http://www.w3.org/1999/XSL/Transform"</span><span class="pln"> <br>&nbsp; &nbsp; </span><span class="atn" style="color: rgb(102, 0, 102); ">xmlns</span><span class="pun" style="color: rgb(102, 102, 0); ">=</span><span class="atv" style="color: rgb(0, 136, 0); ">"http://www.w3.org/1999/xhtml"</span><span class="pln"> <br>&nbsp; &nbsp; </span><span class="atn" style="color: rgb(102, 0, 102); ">xmlns:nrgn</span><span class="pun" style="color: rgb(102, 102, 0); ">=</span><span class="atv" style="color: rgb(0, 136, 0); ">"http://energine.org"</span><span class="tag" style="color: rgb(0, 0, 136); ">&gt;</span><span class="pln"><br><br>&nbsp; &nbsp; </span><span class="tag" style="color: rgb(0, 0, 136); ">&lt;xsl:template</span><span class="pln"> </span><span class="atn" style="color: rgb(102, 0, 102); ">match</span><span class="pun" style="color: rgb(102, 102, 0); ">=</span><span class="atv" style="color: rgb(0, 136, 0); ">"document"</span><span class="tag" style="color: rgb(0, 0, 136); ">&gt;</span><span class="pln"><br>&nbsp; &nbsp; &nbsp; &nbsp; </span><span class="tag" style="color: rgb(0, 0, 136); ">&lt;div</span><span class="pln"> </span><span class="atn" style="color: rgb(102, 0, 102); ">id</span><span class="pun" style="color: rgb(102, 102, 0); ">=</span><span class="atv" style="color: rgb(0, 136, 0); ">"content"</span><span class="tag" style="color: rgb(0, 0, 136); ">&gt;</span><span class="pln"><br>&nbsp; &nbsp; &nbsp; &nbsp; &nbsp; &nbsp; &nbsp; &nbsp; </span><span class="tag" style="color: rgb(0, 0, 136); ">&lt;div</span><span class="pln"> </span><span class="atn" style="color: rgb(102, 0, 102); ">id</span><span class="pun" style="color: rgb(102, 102, 0); ">=</span><span class="atv" style="color: rgb(0, 136, 0); ">"left"</span><span class="tag" style="color: rgb(0, 0, 136); ">&gt;</span><span class="pln"><br>&nbsp; &nbsp; &nbsp; &nbsp; &nbsp; &nbsp; &nbsp; &nbsp; &nbsp; &nbsp; &nbsp; &nbsp; </span><span class="tag" style="color: rgb(0, 0, 136); ">&lt;h1</span><span class="pln"> </span><span class="atn" style="color: rgb(102, 0, 102); ">class</span><span class="pun" style="color: rgb(102, 102, 0); ">=</span><span class="atv" style="color: rgb(0, 136, 0); ">"text1"</span><span class="tag" style="color: rgb(0, 0, 136); ">&gt;</span><span class="pln">Energine</span><span class="tag" style="color: rgb(0, 0, 136); ">&lt;br</span><span class="pln"> </span><span class="tag" style="color: rgb(0, 0, 136); ">/&gt;&lt;span</span><span class="pln"> </span><span class="atn" style="color: rgb(102, 0, 102); ">class</span><span class="pun" style="color: rgb(102, 102, 0); ">=</span><span class="atv" style="color: rgb(0, 136, 0); ">"text2"</span><span class="tag" style="color: rgb(0, 0, 136); ">&gt;</span><span class="pln">Demo site</span><span class="tag" style="color: rgb(0, 0, 136); ">&lt;/span&gt;&lt;/h1&gt;</span><span class="pln"><br>&nbsp; &nbsp; &nbsp; &nbsp; &nbsp; &nbsp; &nbsp; &nbsp; &nbsp; &nbsp; &nbsp; &nbsp; </span><span class="tag" style="color: rgb(0, 0, 136); ">&lt;p&gt;&lt;/p&gt;</span><span class="pln"><br>&nbsp; &nbsp; &nbsp; &nbsp; &nbsp; &nbsp; &nbsp; &nbsp; &nbsp; &nbsp; &nbsp; &nbsp; </span><span class="tag" style="color: rgb(0, 0, 136); ">&lt;div</span><span class="pln"> </span><span class="atn" style="color: rgb(102, 0, 102); ">id</span><span class="pun" style="color: rgb(102, 102, 0); ">=</span><span class="atv" style="color: rgb(0, 136, 0); ">"menu1"</span><span class="tag" style="color: rgb(0, 0, 136); ">&gt;</span><span class="pln"><br>&nbsp; &nbsp; &nbsp; &nbsp; &nbsp; &nbsp; &nbsp; &nbsp; &nbsp; &nbsp; &nbsp; &nbsp; &nbsp; &nbsp; </span><span class="tag" style="color: rgb(0, 0, 136); ">&lt;xsl:apply-templates</span><span class="pln"> </span><span class="atn" style="color: rgb(102, 0, 102); ">select</span><span class="pun" style="color: rgb(102, 102, 0); ">=</span><span class="atv" style="color: rgb(0, 136, 0); ">"$COMPONENTS[@class=''MainMenu'']"</span><span class="pln"> </span><span class="tag" style="color: rgb(0, 0, 136); ">/&gt;</span><span class="pln"> &nbsp; &nbsp; &nbsp; &nbsp; &nbsp; &nbsp; &nbsp; &nbsp; <br>&nbsp; &nbsp; &nbsp; &nbsp; &nbsp; &nbsp; &nbsp; &nbsp; &nbsp; &nbsp; &nbsp; &nbsp; </span><span class="tag" style="color: rgb(0, 0, 136); ">&lt;/div&gt;</span><span class="pln"><br>&nbsp; &nbsp; &nbsp; &nbsp; &nbsp; &nbsp; &nbsp; &nbsp; </span><span class="tag" style="color: rgb(0, 0, 136); ">&lt;div&gt;</span><span class="pln"><br>&nbsp; &nbsp; &nbsp; &nbsp; &nbsp; &nbsp; &nbsp; &nbsp; &nbsp; &nbsp; </span><span class="tag" style="color: rgb(0, 0, 136); ">&lt;xsl:apply-templates</span><span class="pln"> </span><span class="atn" style="color: rgb(102, 0, 102); ">select</span><span class="pun" style="color: rgb(102, 102, 0); ">=</span><span class="atv" style="color: rgb(0, 136, 0); ">"$COMPONENTS[@class=''CurrencySwitcher''][parent::layout]"</span><span class="pln"> </span><span class="tag" style="color: rgb(0, 0, 136); ">/&gt;</span><span class="pln"><br>&nbsp; &nbsp; &nbsp; &nbsp; &nbsp; &nbsp; &nbsp; &nbsp; &nbsp; &nbsp; </span><span class="tag" style="color: rgb(0, 0, 136); ">&lt;xsl:apply-templates</span><span class="pln"> </span><span class="atn" style="color: rgb(102, 0, 102); ">select</span><span class="pun" style="color: rgb(102, 102, 0); ">=</span><span class="atv" style="color: rgb(0, 136, 0); ">"$COMPONENTS[@class=''BasketList''][parent::layout]"</span><span class="pln"> </span><span class="tag" style="color: rgb(0, 0, 136); ">/&gt;</span><span class="pln"><br>&nbsp; &nbsp; &nbsp; &nbsp; &nbsp; &nbsp; &nbsp; &nbsp; &nbsp; &nbsp; </span><span class="tag" style="color: rgb(0, 0, 136); ">&lt;xsl:apply-templates</span><span class="pln"> </span><span class="atn" style="color: rgb(102, 0, 102); ">select</span><span class="pun" style="color: rgb(102, 102, 0); ">=</span><span class="atv" style="color: rgb(0, 136, 0); ">"$COMPONENTS[@class=''LoginForm''][parent::layout]"</span><span class="pln"> </span><span class="tag" style="color: rgb(0, 0, 136); ">/&gt;</span><span class="pln"><br>&nbsp; &nbsp; &nbsp; &nbsp; &nbsp; &nbsp; &nbsp; &nbsp; </span><span class="tag" style="color: rgb(0, 0, 136); ">&lt;/div&gt;</span><span class="pln"><br>&nbsp; &nbsp; &nbsp; &nbsp; &nbsp; &nbsp; &nbsp; &nbsp; </span><span class="tag" style="color: rgb(0, 0, 136); ">&lt;div</span><span class="pln"> </span><span class="atn" style="color: rgb(102, 0, 102); ">id</span><span class="pun" style="color: rgb(102, 102, 0); ">=</span><span class="atv" style="color: rgb(0, 136, 0); ">"footer"</span><span class="tag" style="color: rgb(0, 0, 136); ">&gt;</span><span class="pln"><br>&nbsp; &nbsp; &nbsp; &nbsp; &nbsp; &nbsp; &nbsp; &nbsp; </span><span class="tag" style="color: rgb(0, 0, 136); ">&lt;xsl:apply-templates</span><span class="pln"> </span><span class="atn" style="color: rgb(102, 0, 102); ">select</span><span class="pun" style="color: rgb(102, 102, 0); ">=</span><span class="atv" style="color: rgb(0, 136, 0); ">"$COMPONENTS[@name=''FooterTextBlock'']"</span><span class="pln"> </span><span class="tag" style="color: rgb(0, 0, 136); ">/&gt;</span><span class="pln"><br>&nbsp; &nbsp; &nbsp; &nbsp; &nbsp; &nbsp; &nbsp; &nbsp; </span><span class="tag" style="color: rgb(0, 0, 136); ">&lt;/div&gt;</span><span class="pln"><br>&nbsp; &nbsp; &nbsp; &nbsp; &nbsp; </span><span class="tag" style="color: rgb(0, 0, 136); ">&lt;/div&gt;</span><span class="pln"><br>&nbsp; &nbsp; &nbsp; &nbsp; &nbsp; &nbsp; &nbsp; &nbsp; </span><span class="tag" style="color: rgb(0, 0, 136); ">&lt;div</span><span class="pln"> </span><span class="atn" style="color: rgb(102, 0, 102); ">id</span><span class="pun" style="color: rgb(102, 102, 0); ">=</span><span class="atv" style="color: rgb(0, 136, 0); ">"colB"</span><span class="tag" style="color: rgb(0, 0, 136); ">&gt;</span><span class="pln"><br>&nbsp; &nbsp; &nbsp; &nbsp; &nbsp; &nbsp; &nbsp; &nbsp; &nbsp; &nbsp; &nbsp; &nbsp; </span><span class="tag" style="color: rgb(0, 0, 136); ">&lt;div</span><span class="pln"> </span><span class="atn" style="color: rgb(102, 0, 102); ">class</span><span class="pun" style="color: rgb(102, 102, 0); ">=</span><span class="atv" style="color: rgb(0, 136, 0); ">"img1"</span><span class="tag" style="color: rgb(0, 0, 136); ">&gt;&lt;img</span><span class="pln"> </span><span class="atn" style="color: rgb(102, 0, 102); ">src</span><span class="pun" style="color: rgb(102, 102, 0); ">=</span><span class="atv" style="color: rgb(0, 136, 0); ">"images/img03.gif"</span><span class="pln"> </span><span class="atn" style="color: rgb(102, 0, 102); ">alt</span><span class="pun" style="color: rgb(102, 102, 0); ">=</span><span class="atv" style="color: rgb(0, 136, 0); ">""</span><span class="pln"> </span><span class="atn" style="color: rgb(102, 0, 102); ">width</span><span class="pun" style="color: rgb(102, 102, 0); ">=</span><span class="atv" style="color: rgb(0, 136, 0); ">"520"</span><span class="pln"> </span><span class="atn" style="color: rgb(102, 0, 102); ">height</span><span class="pun" style="color: rgb(102, 102, 0); ">=</span><span class="atv" style="color: rgb(0, 136, 0); ">"130"</span><span class="pln"> </span><span class="tag" style="color: rgb(0, 0, 136); ">/&gt;&lt;/div&gt;</span><span class="pln"><br>&nbsp; &nbsp; &nbsp; &nbsp; &nbsp; &nbsp; &nbsp; &nbsp; </span><span class="tag" style="color: rgb(0, 0, 136); ">&lt;/div&gt;</span><span class="pln"><br>&nbsp; &nbsp; &nbsp; &nbsp; &nbsp; &nbsp; &nbsp; &nbsp; </span><span class="tag" style="color: rgb(0, 0, 136); ">&lt;div</span><span class="pln"> </span><span class="atn" style="color: rgb(102, 0, 102); ">id</span><span class="pun" style="color: rgb(102, 102, 0); ">=</span><span class="atv" style="color: rgb(0, 136, 0); ">"right"</span><span class="tag" style="color: rgb(0, 0, 136); ">&gt;</span><span class="pln"><br>&nbsp; &nbsp; &nbsp; &nbsp; &nbsp; &nbsp; &nbsp; &nbsp; &nbsp; &nbsp; &nbsp; &nbsp; </span><span class="tag" style="color: rgb(0, 0, 136); ">&lt;h2&gt;&lt;xsl:value-of</span><span class="pln"> </span><span class="atn" style="color: rgb(102, 0, 102); ">select</span><span class="pun" style="color: rgb(102, 102, 0); ">=</span><span class="atv" style="color: rgb(0, 136, 0); ">"$DOC_PROPS[@name=''title'']"</span><span class="pln"> </span><span class="tag" style="color: rgb(0, 0, 136); ">/&gt;&lt;/h2&gt;</span><span class="pln"><br>&nbsp; &nbsp; &nbsp; &nbsp; &nbsp; &nbsp; &nbsp; &nbsp; &nbsp; &nbsp; &nbsp; &nbsp; </span><span class="tag" style="color: rgb(0, 0, 136); ">&lt;xsl:apply-templates</span><span class="pln"> </span><span class="atn" style="color: rgb(102, 0, 102); ">select</span><span class="pun" style="color: rgb(102, 102, 0); ">=</span><span class="atv" style="color: rgb(0, 136, 0); ">"content"</span><span class="pln"> </span><span class="tag" style="color: rgb(0, 0, 136); ">/&gt;</span><span class="pln"><br>&nbsp; &nbsp; &nbsp; &nbsp; &nbsp; &nbsp; &nbsp; &nbsp; </span><span class="tag" style="color: rgb(0, 0, 136); ">&lt;/div&gt;</span><span class="pln"><br>&nbsp; &nbsp; &nbsp; &nbsp; </span><span class="tag" style="color: rgb(0, 0, 136); ">&lt;/div&gt;</span><span class="pln"><br><br>&nbsp; &nbsp; </span><span class="tag" style="color: rgb(0, 0, 136); ">&lt;/xsl:template&gt;</span><span class="pln"><br>&nbsp; &nbsp; &nbsp; &nbsp;<br></span><span class="tag" style="color: rgb(0, 0, 136); ">&lt;/xsl:stylesheet&gt;</span></pre><p style="line-height: 1.25em; max-width: 64em; font-family: arial, sans-serif; font-size: 13px; ">Сейчас линкер делать не обязательно (хотя если у вас сервер крутится на windows то нужно, т.к. windows версия апача не поддерживает симлинки, поэтому происходит просто копирование файлов, а не создание симлинков)</p><p style="line-height: 1.25em; max-width: 64em; font-family: arial, sans-serif; font-size: 13px; ">Смотрим что же у нас вышло... нет стиля меню как в шаблоне.</p><p style="line-height: 1.25em; max-width: 64em; font-family: arial, sans-serif; font-size: 13px; ">Займемся правильным выводом меню, заодно поймаем еще одного зайца- не будем прятать главную страницу при нахождении на ней.</p><p style="line-height: 1.25em; max-width: 64em; font-family: arial, sans-serif; font-size: 13px; ">По умолчанию в \\core\\modules\\share\\transformers\\structure.xslt меню имеет следующий вид:</p><pre class="prettyprint" style="font-size: 12px; padding-top: 0.5em; padding-right: 0.5em; padding-bottom: 0.5em; padding-left: 0.5em; overflow-x: auto; overflow-y: auto; font-family: Monaco, ''DejaVu Sans Mono'', ''Bitstream Vera Sans Mono'', ''Lucida Console'', monospace; max-width: 70em; background-color: rgb(238, 238, 238); "><span class="pun" style="color: rgb(102, 102, 0); ">...</span><span class="pln"><br>&nbsp; &nbsp; </span><span class="pun" style="color: rgb(102, 102, 0); ">&lt;!--</span><span class="pln"> </span><span class="pun" style="color: rgb(102, 102, 0); ">компонент</span><span class="pln"> </span><span class="typ" style="color: rgb(102, 0, 102); ">MainMenu</span><span class="pln"> </span><span class="pun" style="color: rgb(102, 102, 0); ">--&gt;</span><span class="pln"><br>&nbsp; &nbsp; </span><span class="pun" style="color: rgb(102, 102, 0); ">&lt;</span><span class="pln">xsl</span><span class="pun" style="color: rgb(102, 102, 0); ">:</span><span class="kwd" style="color: rgb(0, 0, 136); ">template</span><span class="pln"> match</span><span class="pun" style="color: rgb(102, 102, 0); ">=</span><span class="str" style="color: rgb(0, 136, 0); ">"component[@class=''MainMenu'']"</span><span class="pun" style="color: rgb(102, 102, 0); ">&gt;</span><span class="pln"><br>&nbsp; &nbsp; &nbsp; &nbsp; </span><span class="pun" style="color: rgb(102, 102, 0); ">&lt;</span><span class="pln">xsl</span><span class="pun" style="color: rgb(102, 102, 0); ">:</span><span class="pln">apply</span><span class="pun" style="color: rgb(102, 102, 0); ">-</span><span class="pln">templates</span><span class="pun" style="color: rgb(102, 102, 0); ">/&gt;</span><span class="pln"><br>&nbsp; &nbsp; </span><span class="pun" style="color: rgb(102, 102, 0); ">&lt;</span><span class="str" style="color: rgb(0, 136, 0); ">/xsl:template&gt;<br>&nbsp; &nbsp; <br>&nbsp; &nbsp; &lt;xsl:template match="recordset[parent::component[@class=''MainMenu'']]"&gt;<br>&nbsp; &nbsp; &nbsp; &nbsp; &lt;xsl:if test="not(@empty)"&gt;<br>&nbsp; &nbsp; &nbsp; &nbsp; &nbsp; &nbsp; &lt;ul class="main_menu"&gt;<br>&nbsp; &nbsp; &nbsp; &nbsp; &nbsp; &nbsp; &nbsp; &nbsp; &lt;xsl:if test="$DOC_PROPS[@name=''default''] != 1"&gt;<br>&nbsp; &nbsp; &nbsp; &nbsp; &nbsp; &nbsp; &nbsp; &nbsp; &nbsp; &nbsp; &lt;li&gt;<br>&nbsp; &nbsp; &nbsp; &nbsp; &nbsp; &nbsp; &nbsp; &nbsp; &nbsp; &nbsp; &nbsp; &nbsp; &lt;a href="{$LANG_ABBR}"&gt;<br>&nbsp; &nbsp; &nbsp; &nbsp; &nbsp; &nbsp; &nbsp; &nbsp; &nbsp; &nbsp; &nbsp; &nbsp; &nbsp; &nbsp; &lt;xsl:value-of select="$TRANSLATION[@const=''TXT_HOME'']" disable-output-escaping="yes"/</span><span class="pun" style="color: rgb(102, 102, 0); ">&gt;</span><span class="pln"><br>&nbsp; &nbsp; &nbsp; &nbsp; &nbsp; &nbsp; &nbsp; &nbsp; &nbsp; &nbsp; &nbsp; &nbsp; </span><span class="pun" style="color: rgb(102, 102, 0); ">&lt;</span><span class="str" style="color: rgb(0, 136, 0); ">/a&gt;<br>&nbsp; &nbsp; &nbsp; &nbsp; &nbsp; &nbsp; &nbsp; &nbsp; &nbsp; &nbsp; &lt;/</span><span class="pln">li</span><span class="pun" style="color: rgb(102, 102, 0); ">&gt;</span><span class="pln"> &nbsp; &nbsp; &nbsp; &nbsp; &nbsp; &nbsp; &nbsp; &nbsp; &nbsp; &nbsp;<br>&nbsp; &nbsp; &nbsp; &nbsp; &nbsp; &nbsp; &nbsp; &nbsp; </span><span class="pun" style="color: rgb(102, 102, 0); ">&lt;</span><span class="str" style="color: rgb(0, 136, 0); ">/xsl:if&gt;<br>&nbsp; &nbsp; &nbsp; &nbsp; &nbsp; &nbsp; &nbsp; &nbsp; &lt;xsl:apply-templates/</span><span class="pun" style="color: rgb(102, 102, 0); ">&gt;</span><span class="pln"><br>&nbsp; &nbsp; &nbsp; &nbsp; &nbsp; &nbsp; </span><span class="pun" style="color: rgb(102, 102, 0); ">&lt;</span><span class="str" style="color: rgb(0, 136, 0); ">/ul&gt;<br>&nbsp; &nbsp; &nbsp; &nbsp; &lt;/</span><span class="pln">xsl</span><span class="pun" style="color: rgb(102, 102, 0); ">:</span><span class="kwd" style="color: rgb(0, 0, 136); ">if</span><span class="pun" style="color: rgb(102, 102, 0); ">&gt;</span><span class="pln"> &nbsp; &nbsp; &nbsp; &nbsp;<br>&nbsp; &nbsp; </span><span class="pun" style="color: rgb(102, 102, 0); ">&lt;</span><span class="str" style="color: rgb(0, 136, 0); ">/xsl:template&gt;<br><br>&nbsp; &nbsp; &lt;xsl:template match="record[ancestor::component[@class=''MainMenu'']]"&gt;<br>&nbsp; &nbsp; &nbsp; &nbsp; &lt;li&gt;<br>&nbsp; &nbsp; &nbsp; &nbsp; &nbsp; &nbsp; &lt;a href="{$LANG_ABBR}{field[@name=''Segment'']}"&gt;&lt;xsl:value-of select="field[@name=''Name'']"/</span><span class="pun" style="color: rgb(102, 102, 0); ">&gt;&lt;/</span><span class="pln">a</span><span class="pun" style="color: rgb(102, 102, 0); ">&gt;</span><span class="pln"><br>&nbsp; &nbsp; &nbsp; &nbsp; </span><span class="pun" style="color: rgb(102, 102, 0); ">&lt;</span><span class="str" style="color: rgb(0, 136, 0); ">/li&gt;<br>&nbsp; &nbsp; &lt;/</span><span class="pln">xsl</span><span class="pun" style="color: rgb(102, 102, 0); ">:</span><span class="kwd" style="color: rgb(0, 0, 136); ">template</span><span class="pun" style="color: rgb(102, 102, 0); ">&gt;</span><span class="pln"><br>&nbsp; &nbsp; </span><span class="pun" style="color: rgb(102, 102, 0); ">&lt;!--</span><span class="pln"> </span><span class="pun" style="color: rgb(102, 102, 0); ">/компонент</span><span class="pln"> </span><span class="typ" style="color: rgb(102, 0, 102); ">MainMenu</span><span class="pln"> </span><span class="pun" style="color: rgb(102, 102, 0); ">--&gt;</span><span class="pln"><br></span><span class="pun" style="color: rgb(102, 102, 0); ">...</span></pre><p style="line-height: 1.25em; max-width: 64em; font-family: arial, sans-serif; font-size: 13px; ">Переопределим его, для этого создадим файл /site/transformers/menu.xslt с содержимым:</p><pre class="prettyprint" style="font-size: 12px; padding-top: 0.5em; padding-right: 0.5em; padding-bottom: 0.5em; padding-left: 0.5em; overflow-x: auto; overflow-y: auto; font-family: Monaco, ''DejaVu Sans Mono'', ''Bitstream Vera Sans Mono'', ''Lucida Console'', monospace; max-width: 70em; background-color: rgb(238, 238, 238); "><span class="pun" style="color: rgb(102, 102, 0); ">&lt;?</span><span class="pln">xml version</span><span class="pun" style="color: rgb(102, 102, 0); ">=</span><span class="str" style="color: rgb(0, 136, 0); ">"1.0"</span><span class="pln"> encoding</span><span class="pun" style="color: rgb(102, 102, 0); ">=</span><span class="str" styl');
INSERT INTO `share_textblocks_translation` (`tb_id`, `lang_id`, `tb_content`) VALUES
(47, 2, '\n                    <p>&nbsp;<span style="font-family: arial, sans-serif; line-height: 1.25em; ">Да вобщемто не так уж и сложно все... Надо просто взять готовый шаблон, и на его основе вставить кусочки кода в энерджайновый site, в соответствующие файлы</span></p><p style="line-height: 1.25em; max-width: 64em; font-family: arial, sans-serif; font-size: 13px; ">Щас попробуем с нуля написать... Пользуем гугл на предмет поиска "бесплатные HTML шаблоны" или "free templates" Ну например с<a href="http://www.freecsstemplates.org/" rel="nofollow" style="color: rgb(0, 0, 204); ">http://www.freecsstemplates.org</a>&nbsp;выбрали&nbsp;<a href="http://www.freecsstemplates.org/preview/collectiveblue/" rel="nofollow" style="color: rgb(0, 0, 204); ">http://www.freecsstemplates.org/preview/collectiveblue/</a>&nbsp;Качаем и распаковываем его и смотрим что у нас получилось. В распакованной папке находится папка images и файлы index.html и default.css, незабываем внимательно и вдумчиво прочитать license.txt Теперь работаем с нашим установленным энерджайном: удаляем все из папки site/images/ и копируем в нее из нашего скачанного шаблона все из папки images файл default.css копируем в site/stylesheets/ и добавляем его подключение в site/transformers/main.xslt после всех строк типа</p><pre class="prettyprint" style="font-size: 12px; padding-top: 0.5em; padding-right: 0.5em; padding-bottom: 0.5em; padding-left: 0.5em; overflow-x: auto; overflow-y: auto; font-family: Monaco, ''DejaVu Sans Mono'', ''Bitstream Vera Sans Mono'', ''Lucida Console'', monospace; max-width: 70em; background-color: rgb(238, 238, 238); "><span class="tag" style="color: rgb(0, 0, 136); ">&lt;link</span><span class="pln"> </span><span class="atn" style="color: rgb(102, 0, 102); ">href</span><span class="pun" style="color: rgb(102, 102, 0); ">=</span><span class="atv" style="color: rgb(0, 136, 0); ">"stylesheets/........................................../&gt;</span></pre><p style="line-height: 1.25em; max-width: 64em; font-family: arial, sans-serif; font-size: 13px; ">добавляем:</p><pre class="prettyprint" style="font-size: 12px; padding-top: 0.5em; padding-right: 0.5em; padding-bottom: 0.5em; padding-left: 0.5em; overflow-x: auto; overflow-y: auto; font-family: Monaco, ''DejaVu Sans Mono'', ''Bitstream Vera Sans Mono'', ''Lucida Console'', monospace; max-width: 70em; background-color: rgb(238, 238, 238); "><span class="tag" style="color: rgb(0, 0, 136); ">&lt;link</span><span class="pln"> </span><span class="atn" style="color: rgb(102, 0, 102); ">href</span><span class="pun" style="color: rgb(102, 102, 0); ">=</span><span class="atv" style="color: rgb(0, 136, 0); ">"stylesheets/default.css"</span><span class="pln"> </span><span class="atn" style="color: rgb(102, 0, 102); ">rel</span><span class="pun" style="color: rgb(102, 102, 0); ">=</span><span class="atv" style="color: rgb(0, 136, 0); ">"stylesheet"</span><span class="pln"> </span><span class="atn" style="color: rgb(102, 0, 102); ">type</span><span class="pun" style="color: rgb(102, 102, 0); ">=</span><span class="atv" style="color: rgb(0, 136, 0); ">"text/css"</span><span class="pln"> </span><span class="atn" style="color: rgb(102, 0, 102); ">media</span><span class="pun" style="color: rgb(102, 102, 0); ">=</span><span class="atv" style="color: rgb(0, 136, 0); ">"all"</span><span class="pln"> </span><span class="tag" style="color: rgb(0, 0, 136); ">/&gt;</span></pre><p style="line-height: 1.25em; max-width: 64em; font-family: arial, sans-serif; font-size: 13px; ">далее смотрим что находится у нас в index.html нашего шаблона. Пропускаем теперь мимо глаз все что до body Открываем site/transformers/energine.xslt теперь сюда нужно вставить кусочки из нашего шаблона.</p><p style="line-height: 1.25em; max-width: 64em; font-family: arial, sans-serif; font-size: 13px; ">в site/transformers/energine.xslt комментируем все между</p><pre class="prettyprint" style="font-size: 12px; padding-top: 0.5em; padding-right: 0.5em; padding-bottom: 0.5em; padding-left: 0.5em; overflow-x: auto; overflow-y: auto; font-family: Monaco, ''DejaVu Sans Mono'', ''Bitstream Vera Sans Mono'', ''Lucida Console'', monospace; max-width: 70em; background-color: rgb(238, 238, 238); "><span class="tag" style="color: rgb(0, 0, 136); ">&lt;xsl:template</span><span class="pln"> </span><span class="atn" style="color: rgb(102, 0, 102); ">match</span><span class="pun" style="color: rgb(102, 102, 0); ">=</span><span class="atv" style="color: rgb(0, 136, 0); ">"document"</span><span class="tag" style="color: rgb(0, 0, 136); ">&gt;</span><span class="pln"> .... &nbsp; &nbsp; </span><span class="tag" style="color: rgb(0, 0, 136); ">&lt;/xsl:template&gt;</span></pre><p style="line-height: 1.25em; max-width: 64em; font-family: arial, sans-serif; font-size: 13px; ">с помощью &lt;!-- и --&gt; , т.е.</p><pre class="prettyprint" style="font-size: 12px; padding-top: 0.5em; padding-right: 0.5em; padding-bottom: 0.5em; padding-left: 0.5em; overflow-x: auto; overflow-y: auto; font-family: Monaco, ''DejaVu Sans Mono'', ''Bitstream Vera Sans Mono'', ''Lucida Console'', monospace; max-width: 70em; background-color: rgb(238, 238, 238); "><span class="tag" style="color: rgb(0, 0, 136); ">&lt;xsl:template</span><span class="pln"> </span><span class="atn" style="color: rgb(102, 0, 102); ">match</span><span class="pun" style="color: rgb(102, 102, 0); ">=</span><span class="atv" style="color: rgb(0, 136, 0); ">"document"</span><span class="tag" style="color: rgb(0, 0, 136); ">&gt;</span><span class="pln"><br></span><span class="com" style="color: rgb(136, 0, 0); ">&lt;!-- <br>....... тут все родное.....<br>--&gt;</span><span class="pln"><br></span><span class="tag" style="color: rgb(0, 0, 136); ">&lt;/xsl:template&gt;</span></pre><p style="line-height: 1.25em; max-width: 64em; font-family: arial, sans-serif; font-size: 13px; ">затем после</p><pre class="prettyprint" style="font-size: 12px; padding-top: 0.5em; padding-right: 0.5em; padding-bottom: 0.5em; padding-left: 0.5em; overflow-x: auto; overflow-y: auto; font-family: Monaco, ''DejaVu Sans Mono'', ''Bitstream Vera Sans Mono'', ''Lucida Console'', monospace; max-width: 70em; background-color: rgb(238, 238, 238); "><span class="tag" style="color: rgb(0, 0, 136); ">&lt;xsl:template</span><span class="pln"> </span><span class="atn" style="color: rgb(102, 0, 102); ">match</span><span class="pun" style="color: rgb(102, 102, 0); ">=</span><span class="atv" style="color: rgb(0, 136, 0); ">"document"</span><span class="tag" style="color: rgb(0, 0, 136); ">&gt;</span></pre><p style="line-height: 1.25em; max-width: 64em; font-family: arial, sans-serif; font-size: 13px; ">вставляем из index.html нашего шаблона все что между</p><pre style="font-size: 12px; font-family: Monaco, ''DejaVu Sans Mono'', ''Bitstream Vera Sans Mono'', ''Lucida Console'', monospace; max-width: 66em; "><span class="error" style="background-image: initial; background-attachment: initial; background-origin: initial; background-clip: initial; background-color: rgb(255, 241, 168); font-weight: bold; background-position: initial initial; background-repeat: initial initial; ">&lt;body&gt;</span></pre><span style="font-family: arial, sans-serif; ">и</span><pre style="font-size: 12px; font-family: Monaco, ''DejaVu Sans Mono'', ''Bitstream Vera Sans Mono'', ''Lucida Console'', monospace; max-width: 66em; "><span class="error" style="background-image: initial; background-attachment: initial; background-origin: initial; background-clip: initial; background-color: rgb(255, 241, 168); font-weight: bold; background-position: initial initial; background-repeat: initial initial; ">&lt;/body&gt;</span></pre><span style="font-family: arial, sans-serif; ">уберём &amp;nbsp; и &amp;copy; из текста, т.к. подобное не прокатывает в XSLT выполняем&nbsp;</span><a href="http://yousite.net/setup/?state=linker" rel="nofollow" style="color: rgb(0, 0, 204); font-family: arial, sans-serif; font-size: 13px; ">http://yousite.net/setup/?state=linker</a><span style="font-family: arial, sans-serif; ">&nbsp;и наслаждаемся :)))</span><p style="line-height: 1.25em; max-width: 64em; font-family: arial, sans-serif; font-size: 13px; "></p><p style="line-height: 1.25em; max-width: 64em; font-family: arial, sans-serif; font-size: 13px; ">А да, забыл про лишние css... Удаляем из site/transformers/main.xslt все строчки подключения css кроме нашей</p><pre class="prettyprint" style="font-size: 12px; padding-top: 0.5em; padding-right: 0.5em; padding-bottom: 0.5em; padding-left: 0.5em; overflow-x: auto; overflow-y: auto; font-family: Monaco, ''DejaVu Sans Mono'', ''Bitstream Vera Sans Mono'', ''Lucida Console'', monospace; max-width: 70em; background-color: rgb(238, 238, 238); "><span class="tag" style="color: rgb(0, 0, 136); ">&lt;link</span><span class="pln"> </span><span class="atn" style="color: rgb(102, 0, 102); ">href</span><span class="pun" style="color: rgb(102, 102, 0); ">=</span><span class="atv" style="color: rgb(0, 136, 0); ">"stylesheets/default.css"</span><span class="pln"> </span><span class="atn" style="color: rgb(102, 0, 102); ">rel</span><span class="pun" style="color: rgb(102, 102, 0); ">=</span><span class="atv" style="color: rgb(0, 136, 0); ">"stylesheet"</span><span class="pln"> </span><span class="atn" style="color: rgb(102, 0, 102); ">type</span><span class="pun" style="color: rgb(102, 102, 0); ">=</span><span class="atv" style="color: rgb(0, 136, 0); ">"text/css"</span><span class="pln"> </span><span class="atn" style="color: rgb(102, 0, 102); ">media</span><span class="pun" style="color: rgb(102, 102, 0); ">=</span><span class="atv" style="color: rgb(0, 136, 0); ">"all"</span><span class="tag" style="color: rgb(0, 0, 136); ">/&gt;</span></pre><p style="line-height: 1.25em; max-width: 64em; font-family: arial, sans-serif; font-size: 13px; ">Теперь можно удалить все уже ненужные файлы, кроме нашего default.css, из /site/stylesheets/ Ну и для себя я собирал дополнительный универсальный css для энерджайна, назвал его energine.css с содержимым:</p><pre class="prettyprint" style="font-size: 12px; padding-top: 0.5em; padding-right: 0.5em; padding-bottom: 0.5em; padding-left: 0.5em; overflow-x: auto; overflow-y: auto; font-family: Monaco, ''DejaVu Sans Mono'', ''Bitstream Vera Sans Mono'', ''Lucida Console'', monospace; max-width: 70em; background-color: rgb(238, 238, 238); "><span class="com" style="color: rgb(136, 0, 0); ">/* gallery */</span><span class="pln"><br></span><span class="com" style="color: rgb(136, 0, 0); ">#content .gallery {</span><span class="pln"><br>&nbsp; &nbsp; &nbsp; &nbsp; </span><span class="kwd" style="color: rgb(0, 0, 136); ">float</span><span class="pun" style="color: rgb(102, 102, 0); ">:</span><span class="pln"> left</span><span class="pun" style="color: rgb(102, 102, 0); ">;</span><span class="pln"><br>&nbsp; &nbsp; &nbsp; &nbsp; width</span><span class="pun" style="color: rgb(102, 102, 0); ">:</span><span class="pln"> </span><span class="lit" style="color: rgb(0, 102, 102); ">100</span><span class="pun" style="color: rgb(102, 102, 0); ">%;</span><span class="pln"><br>&nbsp; &nbsp; &nbsp; &nbsp; margin</span><span class="pun" style="color: rgb(102, 102, 0); ">:</span><span class="pln"> </span><span class="lit" style="color: rgb(0, 102, 102); ">0</span><span class="pln"> </span><span class="lit" style="color: rgb(0, 102, 102); ">0</span><span class="pln"> </span><span class="lit" style="color: rgb(0, 102, 102); ">1em</span><span class="pln"> </span><span class="lit" style="color: rgb(0, 102, 102); ">0</span><span class="pun" style="color: rgb(102, 102, 0); ">;</span><span class="pln"><br>&nbsp; &nbsp; &nbsp; &nbsp; padding</span><span class="pun" style="color: rgb(102, 102, 0); ">:</span><span class="pln"> </span><span class="lit" style="color: rgb(0, 102, 102); ">0</span><span class="pun" style="color: rgb(102, 102, 0); ">;</span><span class="pln"> &nbsp; &nbsp; <br></span><span class="pun" style="color: rgb(102, 102, 0); ">}</span><span class="pln"><br></span><span class="com" style="color: rgb(136, 0, 0); ">#content .gallery li {</span><span class="pln"><br>&nbsp; &nbsp; &nbsp; &nbsp; </span><span class="kwd" style="color: rgb(0, 0, 136); ">float</span><span class="pun" style="color: rgb(102, 102, 0); ">:</span><span class="pln"> left</span><span class="pun" style="color: rgb(102, 102, 0); ">;</span><span class="pln"><br>&nbsp; &nbsp; &nbsp; &nbsp; width</span><span class="pun" style="color: rgb(102, 102, 0); ">:</span><span class="pln"> </span><span class="lit" style="color: rgb(0, 102, 102); ">21</span><span class="pun" style="color: rgb(102, 102, 0); ">%;</span><span class="pln"><br>&nbsp; &nbsp; &nbsp; &nbsp; margin</span><span class="pun" style="color: rgb(102, 102, 0); ">:</span><span class="pln"> </span><span class="lit" style="color: rgb(0, 102, 102); ">0</span><span class="pln"> </span><span class="lit" style="color: rgb(0, 102, 102); ">1em</span><span class="pln"> </span><span class="lit" style="color: rgb(0, 102, 102); ">1em</span><span class="pln"> </span><span class="lit" style="color: rgb(0, 102, 102); ">1em</span><span class="pun" style="color: rgb(102, 102, 0); ">;</span><span class="pln"><br>&nbsp; &nbsp; &nbsp; &nbsp; padding</span><span class="pun" style="color: rgb(102, 102, 0); ">:</span><span class="pln"> </span><span class="lit" style="color: rgb(0, 102, 102); ">1em</span><span class="pln"> </span><span class="lit" style="color: rgb(0, 102, 102); ">0</span><span class="pln"> </span><span class="lit" style="color: rgb(0, 102, 102); ">0</span><span class="pln"> </span><span class="lit" style="color: rgb(0, 102, 102); ">0</span><span class="pun" style="color: rgb(102, 102, 0); ">;</span><span class="pln"><br>&nbsp; &nbsp; &nbsp; &nbsp; list</span><span class="pun" style="color: rgb(102, 102, 0); ">-</span><span class="pln">style</span><span class="pun" style="color: rgb(102, 102, 0); ">:</span><span class="pln"> none</span><span class="pun" style="color: rgb(102, 102, 0); ">;</span><span class="pln"><br>&nbsp; &nbsp; &nbsp; &nbsp; text</span><span class="pun" style="color: rgb(102, 102, 0); ">-</span><span class="pln">align</span><span class="pun" style="color: rgb(102, 102, 0); ">:</span><span class="pln"> center</span><span class="pun" style="color: rgb(102, 102, 0); ">;</span><span class="pln"><br>&nbsp; &nbsp; &nbsp; &nbsp; min</span><span class="pun" style="color: rgb(102, 102, 0); ">-</span><span class="pln">height</span><span class="pun" style="color: rgb(102, 102, 0); ">:</span><span class="pln"> </span><span class="lit" style="color: rgb(0, 102, 102); ">225px</span><span class="pun" style="color: rgb(102, 102, 0); ">;</span><span class="pln"><br>&nbsp; &nbsp; &nbsp; &nbsp; display</span><span class="pun" style="color: rgb(102, 102, 0); ">:</span><span class="pln"> </span><span class="pun" style="color: rgb(102, 102, 0); ">-</span><span class="pln">moz</span><span class="pun" style="color: rgb(102, 102, 0); ">-</span><span class="kwd" style="color: rgb(0, 0, 136); ">inline</span><span class="pun" style="color: rgb(102, 102, 0); ">-</span><span class="pln">stack</span><span class="pun" style="color: rgb(102, 102, 0); ">;</span><span class="pln"><br>&nbsp; &nbsp; &nbsp; &nbsp; display</span><span class="pun" style="color: rgb(102, 102, 0); ">:</span><span class="pln"> </span><span class="kwd" style="color: rgb(0, 0, 136); ">inline</span><span class="pun" style="color: rgb(102, 102, 0); ">-</span><span class="pln">block</span><span class="pun" style="color: rgb(102, 102, 0); ">;</span><span class="pln"><br>&nbsp; &nbsp; &nbsp; &nbsp; vertical</span><span class="pun" style="color: rgb(102, 102, 0); ">-</span><span class="pln">align</span><span class="pun" style="color: rgb(102, 102, 0); ">:</span><span class="pln"> top</span><span class="pun" style="color: rgb(102, 102, 0); ">;</span><span class="pln"><br>&nbsp; &nbsp; &nbsp; &nbsp; zoom</span><span class="pun" style="color: rgb(102, 102, 0); ">:</span><span class="pln"> </span><span class="lit" style="color: rgb(0, 102, 102); ">1</span><span class="pun" style="color: rgb(102, 102, 0); ">;</span><span class="pln"><br>&nbsp; &nbsp; &nbsp; &nbsp; </span><span class="pun" style="color: rgb(102, 102, 0); ">*</span><span class="pln">display</span><span class="pun" style="color: rgb(102, 102, 0); ">:</span><span class="pln"> </span><span class="kwd" style="color: rgb(0, 0, 136); ">inline</span><span class="pun" style="color: rgb(102, 102, 0); ">;</span><span class="pln"><br>&nbsp; &nbsp; &nbsp; &nbsp; _height</span><span class="pun" style="color: rgb(102, 102, 0); ">:</span><span class="pln"> </span><span class="lit" style="color: rgb(0, 102, 102); ">225px</span><span class="pun" style="color: rgb(102, 102, 0); ">;</span><span class="pln"><br>&nbsp; &nbsp; &nbsp; &nbsp; border</span><span class="pun" style="color: rgb(102, 102, 0); ">:</span><span class="pln"> </span><span class="lit" style="color: rgb(0, 102, 102); ">1px</span><span class="pln"> solid </span><span class="com" style="color: rgb(136, 0, 0); ">#ddd;</span><span class="pln"><br></span><span class="pun" style="color: rgb(102, 102, 0); ">}</span><span class="pln"><br></span><span class="com" style="color: rgb(136, 0, 0); ">#content .gallery img {</span><span class="pln"><br>&nbsp; border</span><span class="pun" style="color: rgb(102, 102, 0); ">:</span><span class="pln"> </span><span class="lit" style="color: rgb(0, 102, 102); ">1px</span><span class="pln"> solid </span><span class="com" style="color: rgb(136, 0, 0); ">#eee;</span><span class="pln"><br></span><span class="pun" style="color: rgb(102, 102, 0); ">}</span><span class="pln"><br></span><span class="com" style="color: rgb(136, 0, 0); ">#content .gallery a {</span><span class="pln"><br>&nbsp; border</span><span class="pun" style="color: rgb(102, 102, 0); ">:</span><span class="pln"> </span><span class="lit" style="color: rgb(0, 102, 102); ">0</span><span class="pun" style="color: rgb(102, 102, 0); ">;</span><span class="pln"><br></span><span class="pun" style="color: rgb(102, 102, 0); ">}</span><span class="pln"><br></span><span class="com" style="color: rgb(136, 0, 0); ">/* thumbnail */</span><span class="pln"><br></span><span class="com" style="color: rgb(136, 0, 0); ">#content .thumbnail {</span><span class="pln"><br>&nbsp; &nbsp; &nbsp; &nbsp; </span><span class="kwd" style="color: rgb(0, 0, 136); ">float</span><span class="pun" style="color: rgb(102, 102, 0); ">:</span><span class="pln"> left</span><span class="pun" style="color: rgb(102, 102, 0); ">;</span><span class="pln"><br>&nbsp; &nbsp; &nbsp; &nbsp; width</span><span class="pun" style="color: rgb(102, 102, 0); ">:</span><span class="pln"> </span><span class="lit" style="color: rgb(0, 102, 102); ">100</span><span class="pun" style="color: rgb(102, 102, 0); ">%;</span><span class="pln"><br>&nbsp; &nbsp; &nbsp; &nbsp; margin</span><span class="pun" style="color: rgb(102, 102, 0); ">:</span><span class="pln"> </span><span class="lit" style="color: rgb(0, 102, 102); ">0</span><span class="pln"> </span><span class="lit" style="color: rgb(0, 102, 102); ">0</span><span class="pln"> </span><span class="lit" style="color: rgb(0, 102, 102); ">1em</span><span class="pln"> </span><span class="lit" style="color: rgb(0, 102, 102); ">0</span><span class="pun" style="color: rgb(102, 102, 0); ">;</span><span class="pln"><br>&nbsp; &nbsp; &nbsp; &nbsp; padding</span><span class="pun" style="color: rgb(102, 102, 0); ">:</span><span class="pln"> </span><span class="lit" style="color: rgb(0, 102, 102); ">0</span><span class="pun" style="color: rgb(102, 102, 0); ">;</span><span class="pln"> &nbsp; &nbsp; <br></span><span class="pun" style="color: rgb(102, 102, 0); ">}</span><span class="pln"><br></span><span class="com" style="color: rgb(136, 0, 0); ">#content .thumbnail li {</span><span class="pln"><br>&nbsp; &nbsp; &nbsp; &nbsp; _display</span><span class="pun" style="color: rgb(102, 102, 0); ">:</span><span class="pln"> </span><span class="kwd" style="color: rgb(0, 0, 136); ">inline</span><span class="pun" style="color: rgb(102, 102, 0); ">;</span><span class="pln"><br>&nbsp; &nbsp; &nbsp; &nbsp; </span><span class="kwd" style="color: rgb(0, 0, 136); ">float</span><span class="pun" style="color: rgb(102, 102, 0); ">:</span><span class="pln"> left</span><span class="pun" style="color: rgb(102, 102, 0); ">;</span><span class="pln"><br>&nbsp; &nbsp; &nbsp; &nbsp; width</span><span class="pun" style="color: rgb(102, 102, 0); ">:</span><span class="pln"> </span><span class="lit" style="color: rgb(0, 102, 102); ">27</span><span class="pun" style="color: rgb(102, 102, 0); ">%;</span><span class="pln"><br>&nbsp; &nbsp; &nbsp; &nbsp; margin</span><span class="pun" style="color: rgb(102, 102, 0); ">:</span><span class="pln"> </span><span class="lit" style="color: rgb(0, 102, 102); ">0</span><span class="pln"> </span><span class="lit" style="color: rgb(0, 102, 102); ">1em</span><span class="pln"> </span><span class="lit" style="color: rgb(0, 102, 102); ">1em</span><span class="pln"> </span><span class="lit" style="color: rgb(0, 102, 102); ">1em</span><span class="pun" style="color: rgb(102, 102, 0); ">;</span><span class="pln"><br>&nbsp; &nbsp; &nbsp; &nbsp; padding</span><span class="pun" style="color: rgb(102, 102, 0); ">:</span><span class="pln"> </span><span class="lit" style="color: rgb(0, 102, 102); ">1em</span><span class="pln"> </span><span class="lit" style="color: rgb(0, 102, 102); ">0</span><span class="pln"> </span><span class="lit" style="color: rgb(0, 102, 102); ">0</span><span class="pln"> </span><span class="lit" style="color: rgb(0, 102, 102); ">0</span><span class="pun" style="color: rgb(102, 102, 0); ">;</span><span class="pln"><br>&nbsp; &nbsp; &nbsp; &nbsp; list</span><span class="pun" style="color: rgb(102, 102, 0); ">-</span><span class="pln">style</span><span class="pun" style="color: rgb(102, 102, 0); ">:</span><span class="pln"> none</span><span class="pun" style="color: rgb(102, 102, 0); ">;</span><span class="pln"><br>&nbsp; &nbsp; &nbsp; &nbsp; text</span><span class="pun" style="color: rgb(102, 102, 0); ">-</span><span class="pln">align</span><span class="pun" style="color: rgb(102, 102, 0); ">:</span><span class="pln"> center</span><span class="pun" style="color: rgb(102, 102, 0); ">;</span><span class="pln"><br></span><span class="pun" style="color: rgb(102, 102, 0); ">}</span><span class="pln"><br></span><span class="com" style="color: rgb(136, 0, 0); ">#content .thumbnail img {</span><span class="pln"><br>&nbsp; border</span><span class="pun" style="color: rgb(102, 102, 0); ">:</span><span class="pln"> </span><span class="lit" style="color: rgb(0, 102, 102); ">1px</span><span class="pln"> solid </span><span class="com" style="color: rgb(136, 0, 0); ">#eee;</span><span class="pln"><br></span><span class="pun" style="color: rgb(102, 102, 0); ">}</span><span class="pln"><br></span><span class="com" style="color: rgb(136, 0, 0); ">#content .thumbnail a {</span><span class="pln"><br>&nbsp; border</span><span class="pun" style="color: rgb(102, 102, 0); ">:</span><span class="pln"> </span><span class="lit" style="color: rgb(0, 102, 102); ">0</span><span class="pun" style="color: rgb(102, 102, 0); ">;</span><span class="pln"><br></span><span class="pun" style="color: rgb(102, 102, 0); ">}</span><span class="pln"><br></span><span class="com" style="color: rgb(136, 0, 0); ">#content .product li {</span><span class="pln"><br>&nbsp; &nbsp; &nbsp; &nbsp; _display</span><span class="pun" style="color: rgb(102, 102, 0); ">:</span><span class="pln"> </span><span class="kwd" style="color: rgb(0, 0, 136); ">inline</span><span class="pun" style="color: rgb(102, 102, 0); ">;</span><span class="pln"><br>&nbsp; &nbsp; &nbsp; &nbsp; width</span><span class="pun" style="color: rgb(102, 102, 0); ">:</span><span class="pln"> </span><span class="lit" style="color: rgb(0, 102, 102); ">27</span><span class="pun" style="color: rgb(102, 102, 0); ">%;</span><span class="pln"><br>&nbsp; &nbsp; &nbsp; &nbsp; margin</span><span class="pun" style="color: rgb(102, 102, 0); ">:</span><span class="pln"> </span><span class="lit" style="color: rgb(0, 102, 102); ">0</span><span class="pln"> </span><span class="lit" style="color: rgb(0, 102, 102); ">1em</span><span class="pln"> </span><span class="lit" style="color: rgb(0, 102, 102); ">1em</span><span class="pln"> </span><span class="lit" style="color: rgb(0, 102, 102); ">1em</span><span class="pun" style="color: rgb(102, 102, 0); ">;</span><span class="pln"><br>&nbsp; &nbsp; &nbsp; &nbsp; padding</span><span class="pun" style="color: rgb(102, 102, 0); ">:</span><span class="pln"> </span><span class="lit" style="color: rgb(0, 102, 102); ">1em</span><span class="pln"> </span><span class="lit" style="color: rgb(0, 102, 102); ">0</span><span class="pln"> </span><span class="lit" style="color: rgb(0, 102, 102); ">0</span><span class="pln"> </span><span class="lit" style="color: rgb(0, 102, 102); ">0</span><span class="pun" style="color: rgb(102, 102, 0); ">;</span><span class="pln"><br>&nbsp; &nbsp; &nbsp; &nbsp; list</span><span class="pun" style="color: rgb(102, 102, 0); ">-</span><span class="pln">style</span><span class="pun" style="color: rgb(102, 102, 0); ">:</span><span class="pln"> none</span><span class="pun" style="color: rgb(102, 102, 0); ">;</span><span class="pln"><br>&nbsp; &nbsp; &nbsp; &nbsp; text</span><span class="pun" style="color: rgb(102, 102, 0); ">-</span><span class="pln">align</span><span class="pun" style="color: rgb(102, 102, 0); ">:</span><span class="pln"> center</span><span class="pun" style="color: rgb(102, 102, 0); ">;</span><span class="pln"><br></span><span class="pun" style="color: rgb(102, 102, 0); ">}</span><span class="pln"><br><br></span><span class="com" style="color: rgb(136, 0, 0); ">/* news */</span><span class="pln"><br></span><span class="com" style="color: rgb(136, 0, 0); ">#content ul.news {</span><span class="pln"><br>&nbsp; &nbsp; &nbsp; &nbsp; margin</span><span class="pun" style="color: rgb(102, 102, 0); ">:</span><span class="pln"> </span><span class="lit" style="color: rgb(0, 102, 102); ">0</span><span class="pln"> </span><span class="lit" style="color: rgb(0, 102, 102); ">0</span><span class="pln"> </span><span class="lit" style="color: rgb(0, 102, 102); ">1em</span><span class="pln"> </span><span class="lit" style="color: rgb(0, 102, 102); ">0</span><span class="pun" style="color: rgb(102, 102, 0); ">;</span><span class="pln"><br>&nbsp; &nbsp; &nbsp; &nbsp; padding</span><span class="pun" style="color: rgb(102, 102, 0); ">:</span><span class="pln"> </span><span class="lit" style="color: rgb(0, 102, 102); ">0</span><span class="pun" style="color: rgb(102, 102, 0); ">;</span><span class="pln"> &nbsp; &nbsp; <br></span><span class="pun" style="color: rgb(102, 102, 0); ">}</span><span class="pln"><br></span><span class="com" style="color: rgb(136, 0, 0); ">#content ul.news li {</span><span class="pln"><br>&nbsp; &nbsp; &nbsp; &nbsp; _height</span><span class="pun" style="color: rgb(102, 102, 0); ">:</span><span class="pln"> </span><span class="lit" style="color: rgb(0, 102, 102); ">1</span><span class="pun" style="color: rgb(102, 102, 0); ">%;</span><span class="pln"><br>&nbsp; &nbsp; &nbsp; &nbsp; margin</span><span class="pun" style="color: rgb(102, 102, 0); ">:</span><span class="pln"> </span><span class="lit" style="color: rgb(0, 102, 102); ">0</span><span class="pln"> </span><span class="lit" style="color: rgb(0, 102, 102); ">0</span><span class="pln"> </span><span class="lit" style="color: rgb(0, 102, 102); ">1em</span><span class="pln"> </span><span class="lit" style="color: rgb(0, 102, 102); ">0</span><span class="pun" style="color: rgb(102, 102, 0); ">;</span><span class="pln"><br>&nbsp; &nbsp; &nbsp; &nbsp; list</span><span class="pun" style="color: rgb(102, 102, 0); ">-</span><span class="pln">style</span><span class="pun" style="color: rgb(102, 102, 0); ">:</span><span class="pln"> none</span><span class="pun" style="color: rgb(102, 102, 0); ">;</span><span class="pln"><br></span><span class="pun" style="color: rgb(102, 102, 0); ">}</span><span class="pln"><br></span><span class="pun" style="color: rgb(102, 102, 0); ">.</span><span class="pln">news </span><span class="pun" style="color: rgb(102, 102, 0); ">.</span><span class="pln">title </span><span class="pun" style="color: rgb(102, 102, 0); ">{</span><span class="pln"><br>&nbsp; &nbsp; &nbsp; &nbsp; margin</span><span class="pun" style="color: rgb(102, 102, 0); ">:</span><span class="pln"> </span><span class="lit" style="color: rgb(0, 102, 102); ">0</span><span class="pun" style="color: rgb(102, 102, 0); ">;</span><span class="pln"><br>&nbsp; &nbsp; &nbsp; &nbsp; font</span><span class="pun" style="color: rgb(102, 102, 0); ">-</span><span class="pln">weight</span><span class="pun" style="color: rgb(102, 102, 0); ">:</span><span class="pln"> normal</span><span class="pun" style="color: rgb(102, 102, 0); ">;</span><span class="pln"><br></span><span class="pun" style="color: rgb(102, 102, 0); ">}</span><span class="pln"><br></span><span class="pun" style="color: rgb(102, 102, 0); ">.</span><span class="pln">news </span><span class="pun" style="color: rgb(102, 102, 0); ">.</span><span class="pln">anounce </span><span class="pun" style="color: rgb(102, 102, 0); ">{</span><span class="pln"><br>&nbsp; &nbsp; &nbsp; &nbsp; margin</span><span class="pun" style="color: rgb(102, 102, 0); ">:</span><span class="pln"> </span><span class="lit" style="color: rgb(0, 102, 102); ">1em</span><span class="pun" style="color: rgb(102, 102, 0); ">;</span><span class="pln"><br></span><span class="pun" style="color: rgb(102, 102, 0); ">}</span><span class="pln"><br><br></span><span class="pun" style="color: rgb(102, 102, 0); ">.</span><span class="pln">go_back </span><span class="pun" style="color: rgb(102, 102, 0); ">{</span><span class="pln"><br>&nbsp; &nbsp; &nbsp; &nbsp; margin</span><span class="pun" style="color: rgb(102, 102, 0); ">:</span><span class="pln"> </span><span class="lit" style="color: rgb(0, 102, 102); ">1.5em</span><span class="pln"> </span><span class="lit" style="color: rgb(0, 102, 102); ">5em</span><span class="pun" style="color: rgb(102, 102, 0); ">;</span></pre><p style="line-height: 1.25em; max-width: 64em; font-family: arial, sans-serif; font-size: 13px; ">это не идеал, его иногда, конечно, нужно бы и подправить под нужды различных шаблонов Значится добавляем такой файл в /site/stylesheets/ и дописываем его подключение в /site/transformers/main.xslt после нашего:</p><pre class="prettyprint" style="font-size: 12px; padding-top: 0.5em; padding-right: 0.5em; padding-bottom: 0.5em; padding-left: 0.5em; overflow-x: auto; overflow-y: auto; font-family: Monaco, ''DejaVu Sans Mono'', ''Bitstream Vera Sans Mono'', ''Lucida Console'', monospace; max-width: 70em; background-color: rgb(238, 238, 238); "><span class="tag" style="color: rgb(0, 0, 136); ">&lt;link</span><span class="pln"> </span><span class="atn" style="color: rgb(102, 0, 102); ">href</span><span class="pun" style="color: rgb(102, 102, 0); ">=</span><span class="atv" style="color: rgb(0, 136, 0); ">"stylesheets/default.css"</span><span class="pln"> </span><span class="atn" style="color: rgb(102, 0, 102); ">rel</span><span class="pun" style="color: rgb(102, 102, 0); ">=</span><span class="atv" style="color: rgb(0, 136, 0); ">"stylesheet"</span><span class="pln"> </span><span class="atn" style="color: rgb(102, 0, 102); ">type</span><span class="pun" style="color: rgb(102, 102, 0); ">=</span><span class="atv" style="color: rgb(0, 136, 0); ">"text/css"</span><span class="pln"> </span><span class="atn" style="color: rgb(102, 0, 102); ">media</span><span class="pun" style="color: rgb(102, 102, 0); ">=</span><span class="atv" style="color: rgb(0, 136, 0); ">"all"</span><span class="tag" style="color: rgb(0, 0, 136); ">/&gt;</span></pre><p style="line-height: 1.25em; max-width: 64em; font-family: arial, sans-serif; font-size: 13px; ">добавляем:</p><pre class="prettyprint" style="font-size: 12px; padding-top: 0.5em; padding-right: 0.5em; padding-bottom: 0.5em; padding-left: 0.5em; overflow-x: auto; overflow-y: auto; font-family: Monaco, ''DejaVu Sans Mono'', ''Bitstream Vera Sans Mono'', ''Lucida Console'', monospace; max-width: 70em; background-color: rgb(238, 238, 238); "><span class="tag" style="color: rgb(0, 0, 136); ">&lt;link</span><span class="pln"> </span><span class="atn" style="color: rgb(102, 0, 102); ">href</span><span class="pun" style="color: rgb(102, 102, 0); ">=</span><span class="atv" style="color: rgb(0, 136, 0); ">"stylesheets/energine.css"</span><span class="pln"> </span><span class="atn" style="color: rgb(102, 0, 102); ">rel</span><span class="pun" style="color: rgb(102, 102, 0); ">=</span><span class="atv" style="color: rgb(0, 136, 0); ">"stylesheet"</span><span class="pln"> </span><span class="atn" style="color: rgb(102, 0, 102); ">type</span><span class="pun" style="color: rgb(102, 102, 0); ">=</span><span class="atv" style="color: rgb(0, 136, 0); ">"text/css"</span><span class="tag" style="color: rgb(0, 0, 136); ">/&gt;</span></pre><p style="line-height: 1.25em; max-width: 64em; font-family: arial, sans-serif; font-size: 13px; ">Вот, почти получилось. Теперь проблема с путями к картинкам в css, т.к. в нашем шаблоне css лежит в корне, то у него путь к фоновой картинке images/img01.gif а у нас css''ы лежат в отдельной папке, из которой нам надо сперва вылезти, поэтому пишем путь в виде ../images/img01.gif соответственно строчка с бэкграундом будет такой:</p><pre class="prettyprint" style="font-size: 12px; padding-top: 0.5em; padding-right: 0.5em; padding-bottom: 0.5em; padding-left: 0.5em; overflow-x: auto; overflow-y: auto; font-family: Monaco, ''DejaVu Sans Mono'', ''Bitstream Vera Sans Mono'', ''Lucida Console'', monospace; max-width: 70em; background-color: rgb(238, 238, 238); "><span class="pln">background</span><span class="pun" style="color: rgb(102, 102, 0); ">:</span><span class="pln"> </span><span class="com" style="color: rgb(136, 0, 0); ">#FFFFFF url(../images/img01.gif) repeat-y center top;</span></pre><p style="line-height: 1.25em; max-width: 64em; font-family: arial, sans-serif; font-size: 13px; ">теперь снова запускаем линкер (&nbsp;<a href="http://yousite.net/setup/?state=linker" rel="nofollow" style="color: rgb(0, 0, 204); ">http://yousite.net/setup/?state=linker</a>&nbsp;) и снова наслаждаемся видами нашего сайта :))) Зачем нам сайт с движком, если на нем нельзя движком воспользоваться?</p><p style="line-height: 1.25em; max-width: 64em; font-family: arial, sans-serif; font-size: 13px; ">Теперь добиваем наш /site/transformers/energine.xslt В том блоке что мы закомментировали есть вставки XSL кода:</p><pre class="prettyprint" style="font-size: 12px; padding-top: 0.5em; padding-right: 0.5em; padding-bottom: 0.5em; padding-left: 0.5em; overflow-x: auto; overflow-y: auto; font-family: Monaco, ''DejaVu Sans Mono'', ''Bitstream Vera Sans Mono'', ''Lucida Console'', monospace; max-width: 70em; background-color: rgb(238, 238, 238); "><span class="tag" style="color: rgb(0, 0, 136); ">&lt;xsl:apply-templates</span><span class="pln"> </span><span class="atn" style="color: rgb(102, 0, 102); ">select</span><span class="pun" style="color: rgb(102, 102, 0); ">=</span><span class="atv" style="color: rgb(0, 136, 0); ">"$COMPONENTS[@class=''BreadCrumbs'']"</span><span class="pln"> </span><span class="tag" style="color: rgb(0, 0, 136); ">/&gt;</span></pre><p style="line-height: 1.25em; max-width: 64em; font-family: arial, sans-serif; font-size: 13px; ">- "Хлебные крошки" тобиш путь по которому мы дошли до данной страницы, рассыпая за собой хлеб, чтоб не потеряться :)</p><pre class="prettyprint" style="font-size: 12px; padding-top: 0.5em; padding-right: 0.5em; padding-bottom: 0.5em; padding-left: 0.5em; overflow-x: auto; overflow-y: auto; font-family: Monaco, ''DejaVu Sans Mono'', ''Bitstream Vera Sans Mono'', ''Lucida Console'', monospace; max-width: 70em; background-color: rgb(238, 238, 238); "><span class="tag" style="color: rgb(0, 0, 136); ">&lt;xsl:value-of</span><span class="pln"> </span><span class="atn" style="color: rgb(102, 0, 102); ">select</span><span class="pun" style="color: rgb(102, 102, 0); ">=</span><span class="atv" style="color: rgb(0, 136, 0); ">"$DOC_PROPS[@name=''title'']"</span><span class="pln"> </span><span class="tag" style="color: rgb(0, 0, 136); ">/&gt;</span></pre><p style="line-height: 1.25em; max-width: 64em; font-family: arial, sans-serif; font-size: 13px; ">- заголовок страницы на которой мы находимся</p><pre class="prettyprint" style="font-size: 12px; padding-top: 0.5em; padding-right: 0.5em; padding-bottom: 0.5em; padding-left: 0.5em; overflow-x: auto; overflow-y: auto; font-family: Monaco, ''DejaVu Sans Mono'', ''Bitstream Vera Sans Mono'', ''Lucida Console'', monospace; max-width: 70em; background-color: rgb(238, 238, 238); "><span class="tag" style="color: rgb(0, 0, 136); ">&lt;xsl:apply-templates</span><span class="pln"> </span><span class="atn" style="color: rgb(102, 0, 102); ">select</span><span class="pun" style="color: rgb(102, 102, 0); ">=</span><span class="atv" style="color: rgb(0, 136, 0); ">"content"</span><span class="pln"> </span><span class="tag" style="color: rgb(0, 0, 136); ">/&gt;</span></pre><p style="line-height: 1.25em; max-width: 64em; font-family: arial, sans-serif; font-size: 13px; ">- это самая важная часть страницы- наш контент</p><pre class="prettyprint" style="font-size: 12px; padding-top: 0.5em; padding-right: 0.5em; padding-bottom: 0.5em; padding-left: 0.5em; overflow-x: auto; overflow-y: auto; font-family: Monaco, ''DejaVu Sans Mono'', ''Bitstream Vera Sans Mono'', ''Lucida Console'', monospace; max-width: 70em; background-color: rgb(238, 238, 238); "><span class="tag" style="color: rgb(0, 0, 136); ">&lt;xsl:apply-templates</span><span class="pln"> </span><span class="atn" style="color: rgb(102, 0, 102); ">select</span><span class="pun" style="color: rgb(102, 102, 0); ">=</span><span class="atv" style="color: rgb(0, 136, 0); ">"$COMPONENTS[@class=''LangSwitcher'']"</span><span class="pln"> </span><span class="tag" style="color: rgb(0, 0, 136); ">/&gt;</span></pre><p style="line-height: 1.25em; max-width: 64em; font-family: arial, sans-serif; font-size: 13px; ">- это переключатель языка, если их несколько на вашем будущем сайте, то он нам нужен.</p><pre class="prettyprint" style="font-size: 12px; padding-top: 0.5em; padding-right: 0.5em; padding-bottom: 0.5em; padding-left: 0.5em; overflow-x: auto; overflow-y: auto; font-family: Monaco, ''DejaVu Sans Mono'', ''Bitstream Vera Sans Mono'', ''Lucida Console'', monospace; max-width: 70em; background-color: rgb(238, 238, 238); "><span class="tag" style="color: rgb(0, 0, 136); ">&lt;xsl:apply-templates</span><span class="pln"> </span><span class="atn" style="color: rgb(102, 0, 102); ">select</span><span class="pun" style="color: rgb(102, 102, 0); ">=</span><span class="atv" style="color: rgb(0, 136, 0); ">"$COMPONENTS[@class=''MainMenu'']"</span><span class="pln"> </span><span class="tag" style="color: rgb(0, 0, 136); ">/&gt;</span></pre><p style="line-height: 1.25em; max-width: 64em; font-family: arial, sans-serif; font-size: 13px; ">- это наше меню</p><pre class="prettyprint" style="font-size: 12px; padding-top: 0.5em; padding-right: 0.5em; padding-bottom: 0.5em; padding-left: 0.5em; overflow-x: auto; overflow-y: auto; font-family: Monaco, ''DejaVu Sans Mono'', ''Bitstream Vera Sans Mono'', ''Lucida Console'', monospace; max-width: 70em; background-color: rgb(238, 238, 238); "><span class="tag" style="color: rgb(0, 0, 136); ">&lt;xsl:apply-templates</span><span class="pln"> </span><span class="atn" style="color: rgb(102, 0, 102); ">select</span><span class="pun" style="color: rgb(102, 102, 0); ">=</span><span class="atv" style="color: rgb(0, 136, 0); ">"$COMPONENTS[@class=''CurrencySwitcher''][parent::layout]"</span><span class="pln"> </span><span class="tag" style="color: rgb(0, 0, 136); ">/&gt;</span></pre><p style="line-height: 1.25em; max-width: 64em; font-family: arial, sans-serif; font-size: 13px; ">- это переключатель валюты магазина</p><pre class="prettyprint" style="font-size: 12px; padding-top: 0.5em; padding-right: 0.5em; padding-bottom: 0.5em; padding-left: 0.5em; overflow-x: auto; overflow-y: auto; font-family: Monaco, ''DejaVu Sans Mono'', ''Bitstream Vera Sans Mono'', ''Lucida Console'', monospace; max-width: 70em; background-color: rgb(238, 238, 238); "><span class="tag" style="color: rgb(0, 0, 136); ">&lt;xsl:apply-templates</span><span class="pln"> </span><span class="atn" style="color: rgb(102, 0, 102); ">select</span><span class="pun" style="color: rgb(102, 102, 0); ">=</span><span class="atv" style="color: rgb(0, 136, 0); ">"$COMPONENTS[@class=''BasketList''][parent::layout]"</span><span class="pln"> </span><span class="tag" style="color: rgb(0, 0, 136); ">/&gt;</span></pre><p style="line-height: 1.25em; max-width: 64em; font-family: arial, sans-serif; font-size: 13px; ">- это корЗина магаЗина</p><pre class="prettyprint" style="font-size: 12px; padding-top: 0.5em; padding-right: 0.5em; padding-bottom: 0.5em; padding-left: 0.5em; overflow-x: auto; overflow-y: auto; font-family: Monaco, ''DejaVu Sans Mono'', ''Bitstream Vera Sans Mono'', ''Lucida Console'', monospace; max-width: 70em; background-color: rgb(238, 238, 238); "><span class="tag" style="color: rgb(0, 0, 136); ">&lt;xsl:apply-templates</span><span class="pln"> </span><span class="atn" style="color: rgb(102, 0, 102); ">select</span><span class="pun" style="color: rgb(102, 102, 0); ">=</span><span class="atv" style="color: rgb(0, 136, 0); ">"$COMPONENTS[@class=''LoginForm''][parent::layout]"</span><span class="pln"> </span><span class="tag" style="color: rgb(0, 0, 136); ">/&gt;</span></pre><p style="line-height: 1.25em; max-width: 64em; font-family: arial, sans-serif; font-size: 13px; ">- это форма входа с логином и паролем</p><pre class="prettyprint" style="font-size: 12px; padding-top: 0.5em; padding-right: 0.5em; padding-bottom: 0.5em; padding-left: 0.5em; overflow-x: auto; overflow-y: auto; font-family: Monaco, ''DejaVu Sans Mono'', ''Bitstream Vera Sans Mono'', ''Lucida Console'', monospace; max-width: 70em; background-color: rgb(238, 238, 238); "><span class="tag" style="color: rgb(0, 0, 136); ">&lt;xsl:apply-templates</span><span class="pln"> </span><span class="atn" style="color: rgb(102, 0, 102); ">select</span><span class="pun" style="color: rgb(102, 102, 0); ">=</span><span class="atv" style="color: rgb(0, 136, 0); ">"$COMPONENTS[@name=''FooterTextBlock'']"</span><span class="pln"> </span><span class="tag" style="color: rgb(0, 0, 136); ">/&gt;</span></pre><p style="line-height: 1.25em; max-width: 64em; font-family: arial, sans-serif; font-size: 13px; ">- это постоянный текстовый блок на всех страницах нашего сайта</p><p style="line-height: 1.25em; max-width: 64em; font-family: arial, sans-serif; font-size: 13px; ">Наша задача вставить в нужные места выбранного нами шаблона, вместо демо текста из шаблона. Сами попробуете?</p><p style="line-height: 1.25em; max-width: 64em; font-family: arial, sans-serif; font-size: 13px; ">Попробывали? Должно получиться примерно следующее:</p><pre class="prettyprint" style="font-size: 12px; padding-top: 0.5em; padding-right: 0.5em; padding-bottom: 0.5em; padding-left: 0.5em; overflow-x: auto; overflow-y: auto; font-family: Monaco, ''DejaVu Sans Mono'', ''Bitstream Vera Sans Mono'', ''Lucida Console'', monospace; max-width: 70em; background-color: rgb(238, 238, 238); "><span class="pun" style="color: rgb(102, 102, 0); ">&lt;?</span><span class="pln">xml version</span><span class="pun" style="color: rgb(102, 102, 0); ">=</span><span class="str" style="color: rgb(0, 136, 0); ">"1.0"</span><span class="pln"> encoding</span><span class="pun" style="color: rgb(102, 102, 0); ">=</span><span class="str" style="color: rgb(0, 136, 0); ">"utf-8"</span><span class="pun" style="color: rgb(102, 102, 0); ">?&gt;</span><span class="pln"><br></span><span class="tag" style="color: rgb(0, 0, 136); ">&lt;xsl:stylesheet</span><span class="pln"> <br>&nbsp; &nbsp; </span><span class="atn" style="color: rgb(102, 0, 102); ">version</span><span class="pun" style="color: rgb(102, 102, 0); ">=</span><span class="atv" style="color: rgb(0, 136, 0); ">"1.0"</span><span class="pln"> <br>&nbsp; &nbsp; </span><span class="atn" style="color: rgb(102, 0, 102); ">xmlns:xsl</span><span class="pun" style="color: rgb(102, 102, 0); ">=</span><span class="atv" style="color: rgb(0, 136, 0); ">"http://www.w3.org/1999/XSL/Transform"</span><span class="pln"> <br>&nbsp; &nbsp; </span><span class="atn" style="color: rgb(102, 0, 102); ">xmlns</span><span class="pun" style="color: rgb(102, 102, 0); ">=</span><span class="atv" style="color: rgb(0, 136, 0); ">"http://www.w3.org/1999/xhtml"</span><span class="pln"> <br>&nbsp; &nbsp; </span><span class="atn" style="color: rgb(102, 0, 102); ">xmlns:nrgn</span><span class="pun" style="color: rgb(102, 102, 0); ">=</span><span class="atv" style="color: rgb(0, 136, 0); ">"http://energine.org"</span><span class="tag" style="color: rgb(0, 0, 136); ">&gt;</span><span class="pln"><br><br>&nbsp; &nbsp; </span><span class="tag" style="color: rgb(0, 0, 136); ">&lt;xsl:template</span><span class="pln"> </span><span class="atn" style="color: rgb(102, 0, 102); ">match</span><span class="pun" style="color: rgb(102, 102, 0); ">=</span><span class="atv" style="color: rgb(0, 136, 0); ">"document"</span><span class="tag" style="color: rgb(0, 0, 136); ">&gt;</span><span class="pln"><br>&nbsp; &nbsp; &nbsp; &nbsp; </span><span class="tag" style="color: rgb(0, 0, 136); ">&lt;div</span><span class="pln"> </span><span class="atn" style="color: rgb(102, 0, 102); ">id</span><span class="pun" style="color: rgb(102, 102, 0); ">=</span><span class="atv" style="color: rgb(0, 136, 0); ">"content"</span><span class="tag" style="color: rgb(0, 0, 136); ">&gt;</span><span class="pln"><br>&nbsp; &nbsp; &nbsp; &nbsp; &nbsp; &nbsp; &nbsp; &nbsp; </span><span class="tag" style="color: rgb(0, 0, 136); ">&lt;div</span><span class="pln"> </span><span class="atn" style="color: rgb(102, 0, 102); ">id</span><span class="pun" style="color: rgb(102, 102, 0); ">=</span><span class="atv" style="color: rgb(0, 136, 0); ">"left"</span><span class="tag" style="color: rgb(0, 0, 136); ">&gt;</span><span class="pln"><br>&nbsp; &nbsp; &nbsp; &nbsp; &nbsp; &nbsp; &nbsp; &nbsp; &nbsp; &nbsp; &nbsp; &nbsp; </span><span class="tag" style="color: rgb(0, 0, 136); ">&lt;h1</span><span class="pln"> </span><span class="atn" style="color: rgb(102, 0, 102); ">class</span><span class="pun" style="color: rgb(102, 102, 0); ">=</span><span class="atv" style="color: rgb(0, 136, 0); ">"text1"</span><span class="tag" style="color: rgb(0, 0, 136); ">&gt;</span><span class="pln">Energine</span><span class="tag" style="color: rgb(0, 0, 136); ">&lt;br</span><span class="pln"> </span><span class="tag" style="color: rgb(0, 0, 136); ">/&gt;&lt;span</span><span class="pln"> </span><span class="atn" style="color: rgb(102, 0, 102); ">class</span><span class="pun" style="color: rgb(102, 102, 0); ">=</span><span class="atv" style="color: rgb(0, 136, 0); ">"text2"</span><span class="tag" style="color: rgb(0, 0, 136); ">&gt;</span><span class="pln">Demo site</span><span class="tag" style="color: rgb(0, 0, 136); ">&lt;/span&gt;&lt;/h1&gt;</span><span class="pln"><br>&nbsp; &nbsp; &nbsp; &nbsp; &nbsp; &nbsp; &nbsp; &nbsp; &nbsp; &nbsp; &nbsp; &nbsp; </span><span class="tag" style="color: rgb(0, 0, 136); ">&lt;p&gt;&lt;/p&gt;</span><span class="pln"><br>&nbsp; &nbsp; &nbsp; &nbsp; &nbsp; &nbsp; &nbsp; &nbsp; &nbsp; &nbsp; &nbsp; &nbsp; </span><span class="tag" style="color: rgb(0, 0, 136); ">&lt;div</span><span class="pln"> </span><span class="atn" style="color: rgb(102, 0, 102); ">id</span><span class="pun" style="color: rgb(102, 102, 0); ">=</span><span class="atv" style="color: rgb(0, 136, 0); ">"menu1"</span><span class="tag" style="color: rgb(0, 0, 136); ">&gt;</span><span class="pln"><br>&nbsp; &nbsp; &nbsp; &nbsp; &nbsp; &nbsp; &nbsp; &nbsp; &nbsp; &nbsp; &nbsp; &nbsp; &nbsp; &nbsp; </span><span class="tag" style="color: rgb(0, 0, 136); ">&lt;xsl:apply-templates</span><span class="pln"> </span><span class="atn" style="color: rgb(102, 0, 102); ">select</span><span class="pun" style="color: rgb(102, 102, 0); ">=</span><span class="atv" style="color: rgb(0, 136, 0); ">"$COMPONENTS[@class=''MainMenu'']"</span><span class="pln"> </span><span class="tag" style="color: rgb(0, 0, 136); ">/&gt;</span><span class="pln"> &nbsp; &nbsp; &nbsp; &nbsp; &nbsp; &nbsp; &nbsp; &nbsp; <br>&nbsp; &nbsp; &nbsp; &nbsp; &nbsp; &nbsp; &nbsp; &nbsp; &nbsp; &nbsp; &nbsp; &nbsp; </span><span class="tag" style="color: rgb(0, 0, 136); ">&lt;/div&gt;</span><span class="pln"><br>&nbsp; &nbsp; &nbsp; &nbsp; &nbsp; &nbsp; &nbsp; &nbsp; </span><span class="tag" style="color: rgb(0, 0, 136); ">&lt;div&gt;</span><span class="pln"><br>&nbsp; &nbsp; &nbsp; &nbsp; &nbsp; &nbsp; &nbsp; &nbsp; &nbsp; &nbsp; </span><span class="tag" style="color: rgb(0, 0, 136); ">&lt;xsl:apply-templates</span><span class="pln"> </span><span class="atn" style="color: rgb(102, 0, 102); ">select</span><span class="pun" style="color: rgb(102, 102, 0); ">=</span><span class="atv" style="color: rgb(0, 136, 0); ">"$COMPONENTS[@class=''CurrencySwitcher''][parent::layout]"</span><span class="pln"> </span><span class="tag" style="color: rgb(0, 0, 136); ">/&gt;</span><span class="pln"><br>&nbsp; &nbsp; &nbsp; &nbsp; &nbsp; &nbsp; &nbsp; &nbsp; &nbsp; &nbsp; </span><span class="tag" style="color: rgb(0, 0, 136); ">&lt;xsl:apply-templates</span><span class="pln"> </span><span class="atn" style="color: rgb(102, 0, 102); ">select</span><span class="pun" style="color: rgb(102, 102, 0); ">=</span><span class="atv" style="color: rgb(0, 136, 0); ">"$COMPONENTS[@class=''BasketList''][parent::layout]"</span><span class="pln"> </span><span class="tag" style="color: rgb(0, 0, 136); ">/&gt;</span><span class="pln"><br>&nbsp; &nbsp; &nbsp; &nbsp; &nbsp; &nbsp; &nbsp; &nbsp; &nbsp; &nbsp; </span><span class="tag" style="color: rgb(0, 0, 136); ">&lt;xsl:apply-templates</span><span class="pln"> </span><span class="atn" style="color: rgb(102, 0, 102); ">select</span><span class="pun" style="color: rgb(102, 102, 0); ">=</span><span class="atv" style="color: rgb(0, 136, 0); ">"$COMPONENTS[@class=''LoginForm''][parent::layout]"</span><span class="pln"> </span><span class="tag" style="color: rgb(0, 0, 136); ">/&gt;</span><span class="pln"><br>&nbsp; &nbsp; &nbsp; &nbsp; &nbsp; &nbsp; &nbsp; &nbsp; </span><span class="tag" style="color: rgb(0, 0, 136); ">&lt;/div&gt;</span><span class="pln"><br>&nbsp; &nbsp; &nbsp; &nbsp; &nbsp; &nbsp; &nbsp; &nbsp; </span><span class="tag" style="color: rgb(0, 0, 136); ">&lt;div</span><span class="pln"> </span><span class="atn" style="color: rgb(102, 0, 102); ">id</span><span class="pun" style="color: rgb(102, 102, 0); ">=</span><span class="atv" style="color: rgb(0, 136, 0); ">"footer"</span><span class="tag" style="color: rgb(0, 0, 136); ">&gt;</span><span class="pln"><br>&nbsp; &nbsp; &nbsp; &nbsp; &nbsp; &nbsp; &nbsp; &nbsp; </span><span class="tag" style="color: rgb(0, 0, 136); ">&lt;xsl:apply-templates</span><span class="pln"> </span><span class="atn" style="color: rgb(102, 0, 102); ">select</span><span class="pun" style="color: rgb(102, 102, 0); ">=</span><span class="atv" style="color: rgb(0, 136, 0); ">"$COMPONENTS[@name=''FooterTextBlock'']"</span><span class="pln"> </span><span class="tag" style="color: rgb(0, 0, 136); ">/&gt;</span><span class="pln"><br>&nbsp; &nbsp; &nbsp; &nbsp; &nbsp; &nbsp; &nbsp; &nbsp; </span><span class="tag" style="color: rgb(0, 0, 136); ">&lt;/div&gt;</span><span class="pln"><br>&nbsp; &nbsp; &nbsp; &nbsp; &nbsp; </span><span class="tag" style="color: rgb(0, 0, 136); ">&lt;/div&gt;</span><span class="pln"><br>&nbsp; &nbsp; &nbsp; &nbsp; &nbsp; &nbsp; &nbsp; &nbsp; </span><span class="tag" style="color: rgb(0, 0, 136); ">&lt;div</span><span class="pln"> </span><span class="atn" style="color: rgb(102, 0, 102); ">id</span><span class="pun" style="color: rgb(102, 102, 0); ">=</span><span class="atv" style="color: rgb(0, 136, 0); ">"colB"</span><span class="tag" style="color: rgb(0, 0, 136); ">&gt;</span><span class="pln"><br>&nbsp; &nbsp; &nbsp; &nbsp; &nbsp; &nbsp; &nbsp; &nbsp; &nbsp; &nbsp; &nbsp; &nbsp; </span><span class="tag" style="color: rgb(0, 0, 136); ">&lt;div</span><span class="pln"> </span><span class="atn" style="color: rgb(102, 0, 102); ">class</span><span class="pun" style="color: rgb(102, 102, 0); ">=</span><span class="atv" style="color: rgb(0, 136, 0); ">"img1"</span><span class="tag" style="color: rgb(0, 0, 136); ">&gt;&lt;img</span><span class="pln"> </span><span class="atn" style="color: rgb(102, 0, 102); ">src</span><span class="pun" style="color: rgb(102, 102, 0); ">=</span><span class="atv" style="color: rgb(0, 136, 0); ">"images/img03.gif"</span><span class="pln"> </span><span class="atn" style="color: rgb(102, 0, 102); ">alt</span><span class="pun" style="color: rgb(102, 102, 0); ">=</span><span class="atv" style="color: rgb(0, 136, 0); ">""</span><span class="pln"> </span><span class="atn" style="color: rgb(102, 0, 102); ">width</span><span class="pun" style="color: rgb(102, 102, 0); ">=</span><span class="atv" style="color: rgb(0, 136, 0); ">"520"</span><span class="pln"> </span><span class="atn" style="color: rgb(102, 0, 102); ">height</span><span class="pun" style="color: rgb(102, 102, 0); ">=</span><span class="atv" style="color: rgb(0, 136, 0); ">"130"</span><span class="pln"> </span><span class="tag" style="color: rgb(0, 0, 136); ">/&gt;&lt;/div&gt;</span><span class="pln"><br>&nbsp; &nbsp; &nbsp; &nbsp; &nbsp; &nbsp; &nbsp; &nbsp; </span><span class="tag" style="color: rgb(0, 0, 136); ">&lt;/div&gt;</span><span class="pln"><br>&nbsp; &nbsp; &nbsp; &nbsp; &nbsp; &nbsp; &nbsp; &nbsp; </span><span class="tag" style="color: rgb(0, 0, 136); ">&lt;div</span><span class="pln"> </span><span class="atn" style="color: rgb(102, 0, 102); ">id</span><span class="pun" style="color: rgb(102, 102, 0); ">=</span><span class="atv" style="color: rgb(0, 136, 0); ">"right"</span><span class="tag" style="color: rgb(0, 0, 136); ">&gt;</span><span class="pln"><br>&nbsp; &nbsp; &nbsp; &nbsp; &nbsp; &nbsp; &nbsp; &nbsp; &nbsp; &nbsp; &nbsp; &nbsp; </span><span class="tag" style="color: rgb(0, 0, 136); ">&lt;h2&gt;&lt;xsl:value-of</span><span class="pln"> </span><span class="atn" style="color: rgb(102, 0, 102); ">select</span><span class="pun" style="color: rgb(102, 102, 0); ">=</span><span class="atv" style="color: rgb(0, 136, 0); ">"$DOC_PROPS[@name=''title'']"</span><span class="pln"> </span><span class="tag" style="color: rgb(0, 0, 136); ">/&gt;&lt;/h2&gt;</span><span class="pln"><br>&nbsp; &nbsp; &nbsp; &nbsp; &nbsp; &nbsp; &nbsp; &nbsp; &nbsp; &nbsp; &nbsp; &nbsp; </span><span class="tag" style="color: rgb(0, 0, 136); ">&lt;xsl:apply-templates</span><span class="pln"> </span><span class="atn" style="color: rgb(102, 0, 102); ">select</span><span class="pun" style="color: rgb(102, 102, 0); ">=</span><span class="atv" style="color: rgb(0, 136, 0); ">"content"</span><span class="pln"> </span><span class="tag" style="color: rgb(0, 0, 136); ">/&gt;</span><span class="pln"><br>&nbsp; &nbsp; &nbsp; &nbsp; &nbsp; &nbsp; &nbsp; &nbsp; </span><span class="tag" style="color: rgb(0, 0, 136); ">&lt;/div&gt;</span><span class="pln"><br>&nbsp; &nbsp; &nbsp; &nbsp; </span><span class="tag" style="color: rgb(0, 0, 136); ">&lt;/div&gt;</span><span class="pln"><br><br>&nbsp; &nbsp; </span><span class="tag" style="color: rgb(0, 0, 136); ">&lt;/xsl:template&gt;</span><span class="pln"><br>&nbsp; &nbsp; &nbsp; &nbsp;<br></span><span class="tag" style="color: rgb(0, 0, 136); ">&lt;/xsl:stylesheet&gt;</span></pre><p style="line-height: 1.25em; max-width: 64em; font-family: arial, sans-serif; font-size: 13px; ">Сейчас линкер делать не обязательно (хотя если у вас сервер крутится на windows то нужно, т.к. windows версия апача не поддерживает симлинки, поэтому происходит просто копирование файлов, а не создание симлинков)</p><p style="line-height: 1.25em; max-width: 64em; font-family: arial, sans-serif; font-size: 13px; ">Смотрим что же у нас вышло... нет стиля меню как в шаблоне.</p><p style="line-height: 1.25em; max-width: 64em; font-family: arial, sans-serif; font-size: 13px; ">Займемся правильным выводом меню, заодно поймаем еще одного зайца- не будем прятать главную страницу при нахождении на ней.</p><p style="line-height: 1.25em; max-width: 64em; font-family: arial, sans-serif; font-size: 13px; ">По умолчанию в \\core\\modules\\share\\transformers\\structure.xslt меню имеет следующий вид:</p><pre class="prettyprint" style="font-size: 12px; padding-top: 0.5em; padding-right: 0.5em; padding-bottom: 0.5em; padding-left: 0.5em; overflow-x: auto; overflow-y: auto; font-family: Monaco, ''DejaVu Sans Mono'', ''Bitstream Vera Sans Mono'', ''Lucida Console'', monospace; max-width: 70em; background-color: rgb(238, 238, 238); "><span class="pun" style="color: rgb(102, 102, 0); ">...</span><span class="pln"><br>&nbsp; &nbsp; </span><span class="pun" style="color: rgb(102, 102, 0); ">&lt;!--</span><span class="pln"> </span><span class="pun" style="color: rgb(102, 102, 0); ">компонент</span><span class="pln"> </span><span class="typ" style="color: rgb(102, 0, 102); ">MainMenu</span><span class="pln"> </span><span class="pun" style="color: rgb(102, 102, 0); ">--&gt;</span><span class="pln"><br>&nbsp; &nbsp; </span><span class="pun" style="color: rgb(102, 102, 0); ">&lt;</span><span class="pln">xsl</span><span class="pun" style="color: rgb(102, 102, 0); ">:</span><span class="kwd" style="color: rgb(0, 0, 136); ">template</span><span class="pln"> match</span><span class="pun" style="color: rgb(102, 102, 0); ">=</span><span class="str" style="color: rgb(0, 136, 0); ">"component[@class=''MainMenu'']"</span><span class="pun" style="color: rgb(102, 102, 0); ">&gt;</span><span class="pln"><br>&nbsp; &nbsp; &nbsp; &nbsp; </span><span class="pun" style="color: rgb(102, 102, 0); ">&lt;</span><span class="pln">xsl</span><span class="pun" style="color: rgb(102, 102, 0); ">:</span><span class="pln">apply</span><span class="pun" style="color: rgb(102, 102, 0); ">-</span><span class="pln">templates</span><span class="pun" style="color: rgb(102, 102, 0); ">/&gt;</span><span class="pln"><br>&nbsp; &nbsp; </span><span class="pun" style="color: rgb(102, 102, 0); ">&lt;</span><span class="str" style="color: rgb(0, 136, 0); ">/xsl:template&gt;<br>&nbsp; &nbsp; <br>&nbsp; &nbsp; &lt;xsl:template match="recordset[parent::component[@class=''MainMenu'']]"&gt;<br>&nbsp; &nbsp; &nbsp; &nbsp; &lt;xsl:if test="not(@empty)"&gt;<br>&nbsp; &nbsp; &nbsp; &nbsp; &nbsp; &nbsp; &lt;ul class="main_menu"&gt;<br>&nbsp; &nbsp; &nbsp; &nbsp; &nbsp; &nbsp; &nbsp; &nbsp; &lt;xsl:if test="$DOC_PROPS[@name=''default''] != 1"&gt;<br>&nbsp; &nbsp; &nbsp; &nbsp; &nbsp; &nbsp; &nbsp; &nbsp; &nbsp; &nbsp; &lt;li&gt;<br>&nbsp; &nbsp; &nbsp; &nbsp; &nbsp; &nbsp; &nbsp; &nbsp; &nbsp; &nbsp; &nbsp; &nbsp; &lt;a href="{$LANG_ABBR}"&gt;<br>&nbsp; &nbsp; &nbsp; &nbsp; &nbsp; &nbsp; &nbsp; &nbsp; &nbsp; &nbsp; &nbsp; &nbsp; &nbsp; &nbsp; &lt;xsl:value-of select="$TRANSLATION[@const=''TXT_HOME'']" disable-output-escaping="yes"/</span><span class="pun" style="color: rgb(102, 102, 0); ">&gt;</span><span class="pln"><br>&nbsp; &nbsp; &nbsp; &nbsp; &nbsp; &nbsp; &nbsp; &nbsp; &nbsp; &nbsp; &nbsp; &nbsp; </span><span class="pun" style="color: rgb(102, 102, 0); ">&lt;</span><span class="str" style="color: rgb(0, 136, 0); ">/a&gt;<br>&nbsp; &nbsp; &nbsp; &nbsp; &nbsp; &nbsp; &nbsp; &nbsp; &nbsp; &nbsp; &lt;/</span><span class="pln">li</span><span class="pun" style="color: rgb(102, 102, 0); ">&gt;</span><span class="pln"> &nbsp; &nbsp; &nbsp; &nbsp; &nbsp; &nbsp; &nbsp; &nbsp; &nbsp; &nbsp;<br>&nbsp; &nbsp; &nbsp; &nbsp; &nbsp; &nbsp; &nbsp; &nbsp; </span><span class="pun" style="color: rgb(102, 102, 0); ">&lt;</span><span class="str" style="color: rgb(0, 136, 0); ">/xsl:if&gt;<br>&nbsp; &nbsp; &nbsp; &nbsp; &nbsp; &nbsp; &nbsp; &nbsp; &lt;xsl:apply-templates/</span><span class="pun" style="color: rgb(102, 102, 0); ">&gt;</span><span class="pln"><br>&nbsp; &nbsp; &nbsp; &nbsp; &nbsp; &nbsp; </span><span class="pun" style="color: rgb(102, 102, 0); ">&lt;</span><span class="str" style="color: rgb(0, 136, 0); ">/ul&gt;<br>&nbsp; &nbsp; &nbsp; &nbsp; &lt;/</span><span class="pln">xsl</span><span class="pun" style="color: rgb(102, 102, 0); ">:</span><span class="kwd" style="color: rgb(0, 0, 136); ">if</span><span class="pun" style="color: rgb(102, 102, 0); ">&gt;</span><span class="pln"> &nbsp; &nbsp; &nbsp; &nbsp;<br>&nbsp; &nbsp; </span><span class="pun" style="color: rgb(102, 102, 0); ">&lt;</span><span class="str" style="color: rgb(0, 136, 0); ">/xsl:template&gt;<br><br>&nbsp; &nbsp; &lt;xsl:template match="record[ancestor::component[@class=''MainMenu'']]"&gt;<br>&nbsp; &nbsp; &nbsp; &nbsp; &lt;li&gt;<br>&nbsp; &nbsp; &nbsp; &nbsp; &nbsp; &nbsp; &lt;a href="{$LANG_ABBR}{field[@name=''Segment'']}"&gt;&lt;xsl:value-of select="field[@name=''Name'']"/</span><span class="pun" style="color: rgb(102, 102, 0); ">&gt;&lt;/</span><span class="pln">a</span><span class="pun" style="color: rgb(102, 102, 0); ">&gt;</span><span class="pln"><br>&nbsp; &nbsp; &nbsp; &nbsp; </span><span class="pun" style="color: rgb(102, 102, 0); ">&lt;</span><span class="str" style="color: rgb(0, 136, 0); ">/li&gt;<br>&nbsp; &nbsp; &lt;/</span><span class="pln">xsl</span><span class="pun" style="color: rgb(102, 102, 0); ">:</span><span class="kwd" style="color: rgb(0, 0, 136); ">template</span><span class="pun" style="color: rgb(102, 102, 0); ">&gt;</span><span class="pln"><br>&nbsp; &nbsp; </span><span class="pun" style="color: rgb(102, 102, 0); ">&lt;!--</span><span class="pln"> </span><span class="pun" style="color: rgb(102, 102, 0); ">/компонент</span><span class="pln"> </span><span class="typ" style="color: rgb(102, 0, 102); ">MainMenu</span><span class="pln"> </span><span class="pun" style="color: rgb(102, 102, 0); ">--&gt;</span><span class="pln"><br></span><span class="pun" style="color: rgb(102, 102, 0); ">...</span></pre><p style="line-height: 1.25em; max-width: 64em; font-family: arial, sans-serif; font-size: 13px; ">Переопределим его, для этого создадим файл /site/transformers/menu.xslt с содержимым:</p><pre class="prettyprint" style="font-size: 12px; padding-top: 0.5em; padding-right: 0.5em; padding-bottom: 0.5em; padding-left: 0.5em; overflow-x: auto; overflow-y: auto; font-family: Monaco, ''DejaVu Sans Mono'', ''Bitstream Vera Sans Mono'', ''Lucida Console'', monospace; max-width: 70em; background-color: rgb(238, 238, 238); "><span class="pun" style="color: rgb(102, 102, 0); ">&lt;?</span><span class="pln">xml version</span><span class="pun" style="color: rgb(102, 102, 0); ">=</span><span class="str" style="color: rgb(0, 136, 0); ">"1.0"</span><span class="pln"> encoding</span><span class="pun" style="color: rgb(102, 102, 0); ">=</span><span class="str" styl');
INSERT INTO `share_textblocks_translation` (`tb_id`, `lang_id`, `tb_content`) VALUES
(48, 1, '\n                    <p><span style="font-family: arial, sans-serif; line-height: 1.25em; ">Мы хотим иметь дополнительный блок на сайте для наших контактных данных.</span></p><p><span style="font-family: arial, sans-serif; line-height: 1.25em; ">Редактируем файл</span><span style="font-family: arial, sans-serif; line-height: 1.25em; ">&nbsp;</span><i style="font-family: arial, sans-serif; font-size: 13px; line-height: 1.25em; ">/site/templates/layout/default.layout.xml&nbsp;<br></i><span style="font-family: arial, sans-serif; line-height: 1.25em; ">Смотрим как там сделан футер:</span></p><pre class="prettyprint" style="font-size: 12px; padding-top: 0.5em; padding-right: 0.5em; padding-bottom: 0.5em; padding-left: 0.5em; overflow-x: auto; overflow-y: auto; font-family: Monaco, ''DejaVu Sans Mono'', ''Bitstream Vera Sans Mono'', ''Lucida Console'', monospace; max-width: 70em; background-color: rgb(238, 238, 238); "><span class="pln">&nbsp; &nbsp; &nbsp; &nbsp; </span><span class="tag" style="color: rgb(0, 0, 136); ">&lt;component</span><span class="pln"> </span><span class="atn" style="color: rgb(102, 0, 102); ">name</span><span class="pun" style="color: rgb(102, 102, 0); ">=</span><span class="atv" style="color: rgb(0, 136, 0); ">"FooterTextBlock"</span><span class="pln"> </span><span class="atn" style="color: rgb(102, 0, 102); ">module</span><span class="pun" style="color: rgb(102, 102, 0); ">=</span><span class="atv" style="color: rgb(0, 136, 0); ">"share"</span><span class="pln"> </span><span class="atn" style="color: rgb(102, 0, 102); ">class</span><span class="pun" style="color: rgb(102, 102, 0); ">=</span><span class="atv" style="color: rgb(0, 136, 0); ">"TextBlock"</span><span class="tag" style="color: rgb(0, 0, 136); ">&gt;</span><span class="pln"><br>&nbsp; &nbsp; &nbsp; &nbsp; &nbsp; &nbsp; &nbsp; &nbsp; </span><span class="tag" style="color: rgb(0, 0, 136); ">&lt;params&gt;</span><span class="pln"><br>&nbsp; &nbsp; &nbsp; &nbsp; &nbsp; &nbsp; &nbsp; &nbsp; &nbsp; &nbsp; &nbsp; &nbsp; </span><span class="tag" style="color: rgb(0, 0, 136); ">&lt;param</span><span class="pln"> </span><span class="atn" style="color: rgb(102, 0, 102); ">name</span><span class="pun" style="color: rgb(102, 102, 0); ">=</span><span class="atv" style="color: rgb(0, 136, 0); ">"num"</span><span class="tag" style="color: rgb(0, 0, 136); ">&gt;</span><span class="pln">FooterTextBlock</span><span class="tag" style="color: rgb(0, 0, 136); ">&lt;/param&gt;</span><span class="pln"> <br>&nbsp; &nbsp; &nbsp; &nbsp; &nbsp; &nbsp; &nbsp; &nbsp; </span><span class="tag" style="color: rgb(0, 0, 136); ">&lt;/params&gt;</span><span class="pln"><br>&nbsp; &nbsp; &nbsp; &nbsp; </span><span class="tag" style="color: rgb(0, 0, 136); ">&lt;/component&gt;</span></pre><p style="line-height: 1.25em; max-width: 64em; font-family: arial, sans-serif; font-size: 13px; ">То есть мы делаем компонент с именем FooterTextBlock<a href="http://code.google.com/p/energine/w/edit/FooterTextBlock" style="color: rgb(0, 0, 204); ">?</a>&nbsp;класса TextBlock<a href="http://code.google.com/p/energine/w/edit/TextBlock" style="color: rgb(0, 0, 204); ">?</a>&nbsp;из модуля (папки) ядра share. В параметрах указывается параметр num (почему num непойму ну да ладно) со значением FooterTextBlock<a href="http://code.google.com/p/energine/w/edit/FooterTextBlock" style="color: rgb(0, 0, 204); ">?</a>.</p><pre class="prettyprint" style="font-size: 12px; padding-top: 0.5em; padding-right: 0.5em; padding-bottom: 0.5em; padding-left: 0.5em; overflow-x: auto; overflow-y: auto; font-family: Monaco, ''DejaVu Sans Mono'', ''Bitstream Vera Sans Mono'', ''Lucida Console'', monospace; max-width: 70em; background-color: rgb(238, 238, 238); "><span class="pun" style="color: rgb(102, 102, 0); ">Как</span><span class="pln"> </span><span class="pun" style="color: rgb(102, 102, 0); ">объяснил</span><span class="pln"> </span><span class="pun" style="color: rgb(102, 102, 0); ">уважаемый</span><span class="pln"> yourick</span><span class="pun" style="color: rgb(102, 102, 0); ">.</span><span class="pln">po</span><span class="pun" style="color: rgb(102, 102, 0); ">:</span><span class="pln"><br></span><span class="pun" style="color: rgb(102, 102, 0); ">если</span><span class="pln"> </span><span class="pun" style="color: rgb(102, 102, 0); ">параметр</span><span class="pln"> </span><span class="pun" style="color: rgb(102, 102, 0); ">цифра(&lt;</span><span class="pln">param name</span><span class="pun" style="color: rgb(102, 102, 0); ">=</span><span class="str" style="color: rgb(0, 136, 0); ">"num"</span><span class="pun" style="color: rgb(102, 102, 0); ">&gt;</span><span class="lit" style="color: rgb(0, 102, 102); ">1</span><span class="pun" style="color: rgb(102, 102, 0); ">&lt;</span><span class="str" style="color: rgb(0, 136, 0); ">/param&gt; &lt;param name="num"&gt;2&lt;/</span><span class="pln">param</span><span class="pun" style="color: rgb(102, 102, 0); ">&gt;),</span><span class="pln"><br></span><span class="pun" style="color: rgb(102, 102, 0); ">то</span><span class="pln"> </span><span class="pun" style="color: rgb(102, 102, 0); ">это</span><span class="pln"> </span><span class="pun" style="color: rgb(102, 102, 0); ">будут</span><span class="pln"> </span><span class="pun" style="color: rgb(102, 102, 0); ">уникальные</span><span class="pln"> </span><span class="pun" style="color: rgb(102, 102, 0); ">блоки</span><span class="pln"> </span><span class="pun" style="color: rgb(102, 102, 0); ">(то</span><span class="pln"> </span><span class="pun" style="color: rgb(102, 102, 0); ">есть,</span><span class="pln"> </span><span class="pun" style="color: rgb(102, 102, 0); ">на</span><span class="pln"> </span><span class="pun" style="color: rgb(102, 102, 0); ">каждой</span><span class="pln"> </span><span class="pun" style="color: rgb(102, 102, 0); ">странице</span><span class="pln"> </span><span class="pun" style="color: rgb(102, 102, 0); ">разный</span><span class="pln"> </span><span class="pun" style="color: rgb(102, 102, 0); ">контент</span><span class="pln"><br></span><span class="pun" style="color: rgb(102, 102, 0); ">Это</span><span class="pln"> </span><span class="pun" style="color: rgb(102, 102, 0); ">полезно,</span><span class="pln"> </span><span class="pun" style="color: rgb(102, 102, 0); ">например</span><span class="pln"> </span><span class="pun" style="color: rgb(102, 102, 0); ">для</span><span class="pln"> </span><span class="pun" style="color: rgb(102, 102, 0); ">создания</span><span class="pln"> </span><span class="pun" style="color: rgb(102, 102, 0); ">страниц</span><span class="pln"> </span><span class="pun" style="color: rgb(102, 102, 0); ">с</span><span class="pln"> </span><span class="pun" style="color: rgb(102, 102, 0); ">разными</span><span class="pln"> </span><span class="pun" style="color: rgb(102, 102, 0); ">шаблонами,</span><span class="pln"> </span><span class="pun" style="color: rgb(102, 102, 0); ">по</span><span class="pln"> </span><span class="pun" style="color: rgb(102, 102, 0); ">типу</span><span class="pln"> </span><span class="pun" style="color: rgb(102, 102, 0); ">двух,</span><span class="pln"> </span><span class="pun" style="color: rgb(102, 102, 0); ">трех</span><span class="pln"> </span><span class="pun" style="color: rgb(102, 102, 0); ">колоночных</span><span class="pln"> </span><span class="pun" style="color: rgb(102, 102, 0); ">страниц)</span></pre><p style="line-height: 1.25em; max-width: 64em; font-family: arial, sans-serif; font-size: 13px; ">Сделаем аналогично адресный блок (ну можно и баннерный также) Добавляем в конце файла:</p><pre class="prettyprint" style="font-size: 12px; padding-top: 0.5em; padding-right: 0.5em; padding-bottom: 0.5em; padding-left: 0.5em; overflow-x: auto; overflow-y: auto; font-family: Monaco, ''DejaVu Sans Mono'', ''Bitstream Vera Sans Mono'', ''Lucida Console'', monospace; max-width: 70em; background-color: rgb(238, 238, 238); "><span class="pln">&nbsp; &nbsp; &nbsp; &nbsp; </span><span class="tag" style="color: rgb(0, 0, 136); ">&lt;component</span><span class="pln"> </span><span class="atn" style="color: rgb(102, 0, 102); ">name</span><span class="pun" style="color: rgb(102, 102, 0); ">=</span><span class="atv" style="color: rgb(0, 136, 0); ">"AddressTextBlock"</span><span class="pln"> </span><span class="atn" style="color: rgb(102, 0, 102); ">module</span><span class="pun" style="color: rgb(102, 102, 0); ">=</span><span class="atv" style="color: rgb(0, 136, 0); ">"share"</span><span class="pln"> </span><span class="atn" style="color: rgb(102, 0, 102); ">class</span><span class="pun" style="color: rgb(102, 102, 0); ">=</span><span class="atv" style="color: rgb(0, 136, 0); ">"TextBlock"</span><span class="tag" style="color: rgb(0, 0, 136); ">&gt;</span><span class="pln"><br>&nbsp; &nbsp; &nbsp; &nbsp; &nbsp; &nbsp; &nbsp; &nbsp; </span><span class="tag" style="color: rgb(0, 0, 136); ">&lt;params&gt;</span><span class="pln"><br>&nbsp; &nbsp; &nbsp; &nbsp; &nbsp; &nbsp; &nbsp; &nbsp; &nbsp; &nbsp; &nbsp; &nbsp; </span><span class="tag" style="color: rgb(0, 0, 136); ">&lt;param</span><span class="pln"> </span><span class="atn" style="color: rgb(102, 0, 102); ">name</span><span class="pun" style="color: rgb(102, 102, 0); ">=</span><span class="atv" style="color: rgb(0, 136, 0); ">"num"</span><span class="tag" style="color: rgb(0, 0, 136); ">&gt;</span><span class="pln">AddressTextBlock</span><span class="tag" style="color: rgb(0, 0, 136); ">&lt;/param&gt;</span><span class="pln"> <br>&nbsp; &nbsp; &nbsp; &nbsp; &nbsp; &nbsp; &nbsp; &nbsp; </span><span class="tag" style="color: rgb(0, 0, 136); ">&lt;/params&gt;</span><span class="pln"><br>&nbsp; &nbsp; &nbsp; &nbsp; </span><span class="tag" style="color: rgb(0, 0, 136); ">&lt;/component&gt;</span></pre><p style="line-height: 1.25em; max-width: 64em; font-family: arial, sans-serif; font-size: 13px; ">теперь мы можем добавить в наш&nbsp;<i>/site/transformers/energine.xslt</i>&nbsp;по аналогии с существующим:</p><pre class="prettyprint" style="font-size: 12px; padding-top: 0.5em; padding-right: 0.5em; padding-bottom: 0.5em; padding-left: 0.5em; overflow-x: auto; overflow-y: auto; font-family: Monaco, ''DejaVu Sans Mono'', ''Bitstream Vera Sans Mono'', ''Lucida Console'', monospace; max-width: 70em; background-color: rgb(238, 238, 238); "><span class="tag" style="color: rgb(0, 0, 136); ">&lt;xsl:apply-templates</span><span class="pln"> </span><span class="atn" style="color: rgb(102, 0, 102); ">select</span><span class="pun" style="color: rgb(102, 102, 0); ">=</span><span class="atv" style="color: rgb(0, 136, 0); ">"$COMPONENTS[@name=''FooterTextBlock'']"</span><span class="pln"> </span><span class="tag" style="color: rgb(0, 0, 136); ">/&gt;</span></pre><p style="line-height: 1.25em; max-width: 64em; font-family: arial, sans-serif; font-size: 13px; ">Вставляем в нужное место:</p><pre class="prettyprint" style="font-size: 12px; padding-top: 0.5em; padding-right: 0.5em; padding-bottom: 0.5em; padding-left: 0.5em; overflow-x: auto; overflow-y: auto; font-family: Monaco, ''DejaVu Sans Mono'', ''Bitstream Vera Sans Mono'', ''Lucida Console'', monospace; max-width: 70em; background-color: rgb(238, 238, 238); "><span class="tag" style="color: rgb(0, 0, 136); ">&lt;xsl:apply-templates</span><span class="pln"> </span><span class="atn" style="color: rgb(102, 0, 102); ">select</span><span class="pun" style="color: rgb(102, 102, 0); ">=</span><span class="atv" style="color: rgb(0, 136, 0); ">"$COMPONENTS[@name=''AddressTextBlock'']"</span><span class="pln"> </span><span class="tag" style="color: rgb(0, 0, 136); ">/&gt;</span></pre><p style="line-height: 1.25em; max-width: 64em; font-family: arial, sans-serif; font-size: 13px; ">Заходим на сайт админом нажимаем редактирование, и вуаля, мы можем редактировать новый блок.</p><p style="line-height: 1.25em; max-width: 64em; font-family: arial, sans-serif; font-size: 13px; ">Для вставки кодов счетчиков жмем кнопку "&lt;&gt;" и вставляем код. Сохраняем и ничего больше не трогая выходим из режима редактирования.</p><pre class="prettyprint" style="font-size: 12px; padding-top: 0.5em; padding-right: 0.5em; padding-bottom: 0.5em; padding-left: 0.5em; overflow-x: auto; overflow-y: auto; font-family: Monaco, ''DejaVu Sans Mono'', ''Bitstream Vera Sans Mono'', ''Lucida Console'', monospace; max-width: 70em; background-color: rgb(238, 238, 238); "><span class="pun" style="color: rgb(102, 102, 0); ">Но</span><span class="pln"> </span><span class="pun" style="color: rgb(102, 102, 0); ">тут,</span><span class="pln"> </span><span class="pun" style="color: rgb(102, 102, 0); ">как</span><span class="pln"> </span><span class="pun" style="color: rgb(102, 102, 0); ">оказалось,</span><span class="pln"> </span><span class="pun" style="color: rgb(102, 102, 0); ">есть</span><span class="pln"> </span><span class="pun" style="color: rgb(102, 102, 0); ">тонкость</span><span class="pln"> </span><span class="pun" style="color: rgb(102, 102, 0); ">в</span><span class="pln"> </span><span class="pun" style="color: rgb(102, 102, 0); ">чистке</span><span class="pln"> </span><span class="pun" style="color: rgb(102, 102, 0); ">кода:</span><span class="pln"><br></span><span class="pun" style="color: rgb(102, 102, 0); ">в</span><span class="pln"> </span><span class="pun" style="color: rgb(102, 102, 0); ">файле</span><span class="pln"> </span><span class="pun" style="color: rgb(102, 102, 0); ">\\</span><span class="pln">core</span><span class="pun" style="color: rgb(102, 102, 0); ">\\</span><span class="pln">modules</span><span class="pun" style="color: rgb(102, 102, 0); ">\\</span><span class="pln">share</span><span class="pun" style="color: rgb(102, 102, 0); ">\\</span><span class="pln">components</span><span class="pun" style="color: rgb(102, 102, 0); ">\\</span><span class="typ" style="color: rgb(102, 0, 102); ">DataSet</span><span class="pun" style="color: rgb(102, 102, 0); ">.</span><span class="kwd" style="color: rgb(0, 0, 136); ">class</span><span class="pun" style="color: rgb(102, 102, 0); ">.</span><span class="pln">php <br></span><span class="pun" style="color: rgb(102, 102, 0); ">есть</span><span class="pln"> </span><span class="pun" style="color: rgb(102, 102, 0); ">резалка</span><span class="pln"> </span><span class="pun" style="color: rgb(102, 102, 0); ">тегов</span><span class="pln"> </span><span class="pun" style="color: rgb(102, 102, 0); ">при</span><span class="pln"> </span><span class="pun" style="color: rgb(102, 102, 0); ">помощи</span><span class="pln"> tidy </span><span class="pun" style="color: rgb(102, 102, 0); ">и</span><span class="pln"> </span><span class="typ" style="color: rgb(102, 0, 102); ">Jevix</span><span class="pun" style="color: rgb(102, 102, 0); ">,</span><span class="pln"> </span><span class="pun" style="color: rgb(102, 102, 0); ">я</span><span class="pln"> </span><span class="pun" style="color: rgb(102, 102, 0); ">это</span><span class="pln"> </span><span class="pun" style="color: rgb(102, 102, 0); ">у</span><span class="pln"> </span><span class="pun" style="color: rgb(102, 102, 0); ">себя</span><span class="pln"> </span><span class="pun" style="color: rgb(102, 102, 0); ">всегда</span><span class="pln"> <br></span><span class="pun" style="color: rgb(102, 102, 0); ">правил,</span><span class="pln"> </span><span class="pun" style="color: rgb(102, 102, 0); ">если</span><span class="pln"> </span><span class="pun" style="color: rgb(102, 102, 0); ">для</span><span class="pln"> </span><span class="pun" style="color: rgb(102, 102, 0); ">себя</span><span class="pln"> </span><span class="pun" style="color: rgb(102, 102, 0); ">то</span><span class="pln"> </span><span class="pun" style="color: rgb(102, 102, 0); ">вообще</span><span class="pln"> </span><span class="pun" style="color: rgb(102, 102, 0); ">убирал.</span><span class="pln"> <br></span><span class="pun" style="color: rgb(102, 102, 0); ">вообще</span><span class="pln"> </span><span class="pun" style="color: rgb(102, 102, 0); ">тут</span><span class="pln"> </span><span class="pun" style="color: rgb(102, 102, 0); ">есть</span><span class="pln"> </span><span class="pun" style="color: rgb(102, 102, 0); ">два</span><span class="pln"> </span><span class="pun" style="color: rgb(102, 102, 0); ">варианта,</span><span class="pln"> </span><span class="pun" style="color: rgb(102, 102, 0); ">точнее</span><span class="pln"> </span><span class="pun" style="color: rgb(102, 102, 0); ">даже</span><span class="pln"> </span><span class="pun" style="color: rgb(102, 102, 0); ">три:</span><span class="pln"> <br></span><span class="lit" style="color: rgb(0, 102, 102); ">1.</span><span class="pln"> </span><span class="pun" style="color: rgb(102, 102, 0); ">при</span><span class="pln"> </span><span class="pun" style="color: rgb(102, 102, 0); ">помощи</span><span class="pln"> phpMyAdmin </span><span class="pun" style="color: rgb(102, 102, 0); ">в</span><span class="pln"> </span><span class="pun" style="color: rgb(102, 102, 0); ">базе</span><span class="pln"> </span><span class="pun" style="color: rgb(102, 102, 0); ">данных</span><span class="pln"> </span><span class="pun" style="color: rgb(102, 102, 0); ">добавить</span><span class="pln"> </span><span class="pun" style="color: rgb(102, 102, 0); ">в</span><span class="pln"> </span><span class="pun" style="color: rgb(102, 102, 0); ">текстовое</span><span class="pln"> </span><span class="pun" style="color: rgb(102, 102, 0); ">поле</span><span class="pln"> <br></span><span class="pun" style="color: rgb(102, 102, 0); ">вручную</span><span class="pln"> </span><span class="pun" style="color: rgb(102, 102, 0); ">код</span><span class="pln"> <br></span><span class="lit" style="color: rgb(0, 102, 102); ">2.</span><span class="pln"> </span><span class="pun" style="color: rgb(102, 102, 0); ">убрать</span><span class="pln"> </span><span class="pun" style="color: rgb(102, 102, 0); ">проверку\\резалку</span><span class="pln"> </span><span class="pun" style="color: rgb(102, 102, 0); ">тегов</span><span class="pln"> </span><span class="pun" style="color: rgb(102, 102, 0); ">вообще</span><span class="pln"> </span><span class="pun" style="color: rgb(102, 102, 0); ">убрав</span><span class="pln"> </span><span class="pun" style="color: rgb(102, 102, 0); ">в</span><span class="pln"> </span><span class="pun" style="color: rgb(102, 102, 0); ">классе</span><span class="pln"> cleanupHTML </span><span class="pun" style="color: rgb(102, 102, 0); ">все</span><span class="pln"> <br></span><span class="pun" style="color: rgb(102, 102, 0); ">тело</span><span class="pln"> </span><span class="pun" style="color: rgb(102, 102, 0); ">(лучше</span><span class="pln"> </span><span class="pun" style="color: rgb(102, 102, 0); ">закоментировать</span><span class="pln"> </span><span class="pun" style="color: rgb(102, 102, 0); ">при</span><span class="pln"> </span><span class="pun" style="color: rgb(102, 102, 0); ">помощи</span><span class="pln"> </span><span class="pun" style="color: rgb(102, 102, 0); ">\\****</span><span class="pln"> </span><span class="pun" style="color: rgb(102, 102, 0); ">....</span><span class="pln"> </span><span class="pun" style="color: rgb(102, 102, 0); ">****\\оставив</span><span class="pln"> </span><span class="pun" style="color: rgb(102, 102, 0); ">только</span><span class="pln"> </span><span class="pun" style="color: rgb(102, 102, 0); ">строчку</span><span class="pln"> </span><span class="kwd" style="color: rgb(0, 0, 136); ">return</span><span class="pln"> $data</span><span class="pun" style="color: rgb(102, 102, 0); ">;</span><span class="pln"> <br></span><span class="lit" style="color: rgb(0, 102, 102); ">3.</span><span class="pln"> </span><span class="pun" style="color: rgb(102, 102, 0); ">попробывать</span><span class="pln"> </span><span class="pun" style="color: rgb(102, 102, 0); ">добавить</span><span class="pln"> </span><span class="pun" style="color: rgb(102, 102, 0); ">нужные</span><span class="pln"> </span><span class="pun" style="color: rgb(102, 102, 0); ">теги</span><span class="pln"> </span><span class="pun" style="color: rgb(102, 102, 0); ">в</span><span class="pln"> </span><span class="pun" style="color: rgb(102, 102, 0); ">массиве</span><span class="pln"> $allowedTags</span></pre>\n                  '),
(48, 2, '\n                    <p><span style="font-family: arial, sans-serif; line-height: 1.25em; ">Мы хотим иметь дополнительный блок на сайте для наших контактных данных.</span></p><p><span style="font-family: arial, sans-serif; line-height: 1.25em; ">Редактируем файл</span><span style="font-family: arial, sans-serif; line-height: 1.25em; ">&nbsp;</span><i style="font-family: arial, sans-serif; font-size: 13px; line-height: 1.25em; ">/site/templates/layout/default.layout.xml&nbsp;<br></i><span style="font-family: arial, sans-serif; line-height: 1.25em; ">Смотрим как там сделан футер:</span></p><pre class="prettyprint" style="font-size: 12px; padding-top: 0.5em; padding-right: 0.5em; padding-bottom: 0.5em; padding-left: 0.5em; overflow-x: auto; overflow-y: auto; font-family: Monaco, ''DejaVu Sans Mono'', ''Bitstream Vera Sans Mono'', ''Lucida Console'', monospace; max-width: 70em; background-color: rgb(238, 238, 238); "><span class="pln">&nbsp; &nbsp; &nbsp; &nbsp; </span><span class="tag" style="color: rgb(0, 0, 136); ">&lt;component</span><span class="pln"> </span><span class="atn" style="color: rgb(102, 0, 102); ">name</span><span class="pun" style="color: rgb(102, 102, 0); ">=</span><span class="atv" style="color: rgb(0, 136, 0); ">"FooterTextBlock"</span><span class="pln"> </span><span class="atn" style="color: rgb(102, 0, 102); ">module</span><span class="pun" style="color: rgb(102, 102, 0); ">=</span><span class="atv" style="color: rgb(0, 136, 0); ">"share"</span><span class="pln"> </span><span class="atn" style="color: rgb(102, 0, 102); ">class</span><span class="pun" style="color: rgb(102, 102, 0); ">=</span><span class="atv" style="color: rgb(0, 136, 0); ">"TextBlock"</span><span class="tag" style="color: rgb(0, 0, 136); ">&gt;</span><span class="pln"><br>&nbsp; &nbsp; &nbsp; &nbsp; &nbsp; &nbsp; &nbsp; &nbsp; </span><span class="tag" style="color: rgb(0, 0, 136); ">&lt;params&gt;</span><span class="pln"><br>&nbsp; &nbsp; &nbsp; &nbsp; &nbsp; &nbsp; &nbsp; &nbsp; &nbsp; &nbsp; &nbsp; &nbsp; </span><span class="tag" style="color: rgb(0, 0, 136); ">&lt;param</span><span class="pln"> </span><span class="atn" style="color: rgb(102, 0, 102); ">name</span><span class="pun" style="color: rgb(102, 102, 0); ">=</span><span class="atv" style="color: rgb(0, 136, 0); ">"num"</span><span class="tag" style="color: rgb(0, 0, 136); ">&gt;</span><span class="pln">FooterTextBlock</span><span class="tag" style="color: rgb(0, 0, 136); ">&lt;/param&gt;</span><span class="pln"> <br>&nbsp; &nbsp; &nbsp; &nbsp; &nbsp; &nbsp; &nbsp; &nbsp; </span><span class="tag" style="color: rgb(0, 0, 136); ">&lt;/params&gt;</span><span class="pln"><br>&nbsp; &nbsp; &nbsp; &nbsp; </span><span class="tag" style="color: rgb(0, 0, 136); ">&lt;/component&gt;</span></pre><p style="line-height: 1.25em; max-width: 64em; font-family: arial, sans-serif; font-size: 13px; ">То есть мы делаем компонент с именем FooterTextBlock<a href="http://code.google.com/p/energine/w/edit/FooterTextBlock" style="color: rgb(0, 0, 204); ">?</a>&nbsp;класса TextBlock<a href="http://code.google.com/p/energine/w/edit/TextBlock" style="color: rgb(0, 0, 204); ">?</a>&nbsp;из модуля (папки) ядра share. В параметрах указывается параметр num (почему num непойму ну да ладно) со значением FooterTextBlock<a href="http://code.google.com/p/energine/w/edit/FooterTextBlock" style="color: rgb(0, 0, 204); ">?</a>.</p><pre class="prettyprint" style="font-size: 12px; padding-top: 0.5em; padding-right: 0.5em; padding-bottom: 0.5em; padding-left: 0.5em; overflow-x: auto; overflow-y: auto; font-family: Monaco, ''DejaVu Sans Mono'', ''Bitstream Vera Sans Mono'', ''Lucida Console'', monospace; max-width: 70em; background-color: rgb(238, 238, 238); "><span class="pun" style="color: rgb(102, 102, 0); ">Как</span><span class="pln"> </span><span class="pun" style="color: rgb(102, 102, 0); ">объяснил</span><span class="pln"> </span><span class="pun" style="color: rgb(102, 102, 0); ">уважаемый</span><span class="pln"> yourick</span><span class="pun" style="color: rgb(102, 102, 0); ">.</span><span class="pln">po</span><span class="pun" style="color: rgb(102, 102, 0); ">:</span><span class="pln"><br></span><span class="pun" style="color: rgb(102, 102, 0); ">если</span><span class="pln"> </span><span class="pun" style="color: rgb(102, 102, 0); ">параметр</span><span class="pln"> </span><span class="pun" style="color: rgb(102, 102, 0); ">цифра(&lt;</span><span class="pln">param name</span><span class="pun" style="color: rgb(102, 102, 0); ">=</span><span class="str" style="color: rgb(0, 136, 0); ">"num"</span><span class="pun" style="color: rgb(102, 102, 0); ">&gt;</span><span class="lit" style="color: rgb(0, 102, 102); ">1</span><span class="pun" style="color: rgb(102, 102, 0); ">&lt;</span><span class="str" style="color: rgb(0, 136, 0); ">/param&gt; &lt;param name="num"&gt;2&lt;/</span><span class="pln">param</span><span class="pun" style="color: rgb(102, 102, 0); ">&gt;),</span><span class="pln"><br></span><span class="pun" style="color: rgb(102, 102, 0); ">то</span><span class="pln"> </span><span class="pun" style="color: rgb(102, 102, 0); ">это</span><span class="pln"> </span><span class="pun" style="color: rgb(102, 102, 0); ">будут</span><span class="pln"> </span><span class="pun" style="color: rgb(102, 102, 0); ">уникальные</span><span class="pln"> </span><span class="pun" style="color: rgb(102, 102, 0); ">блоки</span><span class="pln"> </span><span class="pun" style="color: rgb(102, 102, 0); ">(то</span><span class="pln"> </span><span class="pun" style="color: rgb(102, 102, 0); ">есть,</span><span class="pln"> </span><span class="pun" style="color: rgb(102, 102, 0); ">на</span><span class="pln"> </span><span class="pun" style="color: rgb(102, 102, 0); ">каждой</span><span class="pln"> </span><span class="pun" style="color: rgb(102, 102, 0); ">странице</span><span class="pln"> </span><span class="pun" style="color: rgb(102, 102, 0); ">разный</span><span class="pln"> </span><span class="pun" style="color: rgb(102, 102, 0); ">контент</span><span class="pln"><br></span><span class="pun" style="color: rgb(102, 102, 0); ">Это</span><span class="pln"> </span><span class="pun" style="color: rgb(102, 102, 0); ">полезно,</span><span class="pln"> </span><span class="pun" style="color: rgb(102, 102, 0); ">например</span><span class="pln"> </span><span class="pun" style="color: rgb(102, 102, 0); ">для</span><span class="pln"> </span><span class="pun" style="color: rgb(102, 102, 0); ">создания</span><span class="pln"> </span><span class="pun" style="color: rgb(102, 102, 0); ">страниц</span><span class="pln"> </span><span class="pun" style="color: rgb(102, 102, 0); ">с</span><span class="pln"> </span><span class="pun" style="color: rgb(102, 102, 0); ">разными</span><span class="pln"> </span><span class="pun" style="color: rgb(102, 102, 0); ">шаблонами,</span><span class="pln"> </span><span class="pun" style="color: rgb(102, 102, 0); ">по</span><span class="pln"> </span><span class="pun" style="color: rgb(102, 102, 0); ">типу</span><span class="pln"> </span><span class="pun" style="color: rgb(102, 102, 0); ">двух,</span><span class="pln"> </span><span class="pun" style="color: rgb(102, 102, 0); ">трех</span><span class="pln"> </span><span class="pun" style="color: rgb(102, 102, 0); ">колоночных</span><span class="pln"> </span><span class="pun" style="color: rgb(102, 102, 0); ">страниц)</span></pre><p style="line-height: 1.25em; max-width: 64em; font-family: arial, sans-serif; font-size: 13px; ">Сделаем аналогично адресный блок (ну можно и баннерный также) Добавляем в конце файла:</p><pre class="prettyprint" style="font-size: 12px; padding-top: 0.5em; padding-right: 0.5em; padding-bottom: 0.5em; padding-left: 0.5em; overflow-x: auto; overflow-y: auto; font-family: Monaco, ''DejaVu Sans Mono'', ''Bitstream Vera Sans Mono'', ''Lucida Console'', monospace; max-width: 70em; background-color: rgb(238, 238, 238); "><span class="pln">&nbsp; &nbsp; &nbsp; &nbsp; </span><span class="tag" style="color: rgb(0, 0, 136); ">&lt;component</span><span class="pln"> </span><span class="atn" style="color: rgb(102, 0, 102); ">name</span><span class="pun" style="color: rgb(102, 102, 0); ">=</span><span class="atv" style="color: rgb(0, 136, 0); ">"AddressTextBlock"</span><span class="pln"> </span><span class="atn" style="color: rgb(102, 0, 102); ">module</span><span class="pun" style="color: rgb(102, 102, 0); ">=</span><span class="atv" style="color: rgb(0, 136, 0); ">"share"</span><span class="pln"> </span><span class="atn" style="color: rgb(102, 0, 102); ">class</span><span class="pun" style="color: rgb(102, 102, 0); ">=</span><span class="atv" style="color: rgb(0, 136, 0); ">"TextBlock"</span><span class="tag" style="color: rgb(0, 0, 136); ">&gt;</span><span class="pln"><br>&nbsp; &nbsp; &nbsp; &nbsp; &nbsp; &nbsp; &nbsp; &nbsp; </span><span class="tag" style="color: rgb(0, 0, 136); ">&lt;params&gt;</span><span class="pln"><br>&nbsp; &nbsp; &nbsp; &nbsp; &nbsp; &nbsp; &nbsp; &nbsp; &nbsp; &nbsp; &nbsp; &nbsp; </span><span class="tag" style="color: rgb(0, 0, 136); ">&lt;param</span><span class="pln"> </span><span class="atn" style="color: rgb(102, 0, 102); ">name</span><span class="pun" style="color: rgb(102, 102, 0); ">=</span><span class="atv" style="color: rgb(0, 136, 0); ">"num"</span><span class="tag" style="color: rgb(0, 0, 136); ">&gt;</span><span class="pln">AddressTextBlock</span><span class="tag" style="color: rgb(0, 0, 136); ">&lt;/param&gt;</span><span class="pln"> <br>&nbsp; &nbsp; &nbsp; &nbsp; &nbsp; &nbsp; &nbsp; &nbsp; </span><span class="tag" style="color: rgb(0, 0, 136); ">&lt;/params&gt;</span><span class="pln"><br>&nbsp; &nbsp; &nbsp; &nbsp; </span><span class="tag" style="color: rgb(0, 0, 136); ">&lt;/component&gt;</span></pre><p style="line-height: 1.25em; max-width: 64em; font-family: arial, sans-serif; font-size: 13px; ">теперь мы можем добавить в наш&nbsp;<i>/site/transformers/energine.xslt</i>&nbsp;по аналогии с существующим:</p><pre class="prettyprint" style="font-size: 12px; padding-top: 0.5em; padding-right: 0.5em; padding-bottom: 0.5em; padding-left: 0.5em; overflow-x: auto; overflow-y: auto; font-family: Monaco, ''DejaVu Sans Mono'', ''Bitstream Vera Sans Mono'', ''Lucida Console'', monospace; max-width: 70em; background-color: rgb(238, 238, 238); "><span class="tag" style="color: rgb(0, 0, 136); ">&lt;xsl:apply-templates</span><span class="pln"> </span><span class="atn" style="color: rgb(102, 0, 102); ">select</span><span class="pun" style="color: rgb(102, 102, 0); ">=</span><span class="atv" style="color: rgb(0, 136, 0); ">"$COMPONENTS[@name=''FooterTextBlock'']"</span><span class="pln"> </span><span class="tag" style="color: rgb(0, 0, 136); ">/&gt;</span></pre><p style="line-height: 1.25em; max-width: 64em; font-family: arial, sans-serif; font-size: 13px; ">Вставляем в нужное место:</p><pre class="prettyprint" style="font-size: 12px; padding-top: 0.5em; padding-right: 0.5em; padding-bottom: 0.5em; padding-left: 0.5em; overflow-x: auto; overflow-y: auto; font-family: Monaco, ''DejaVu Sans Mono'', ''Bitstream Vera Sans Mono'', ''Lucida Console'', monospace; max-width: 70em; background-color: rgb(238, 238, 238); "><span class="tag" style="color: rgb(0, 0, 136); ">&lt;xsl:apply-templates</span><span class="pln"> </span><span class="atn" style="color: rgb(102, 0, 102); ">select</span><span class="pun" style="color: rgb(102, 102, 0); ">=</span><span class="atv" style="color: rgb(0, 136, 0); ">"$COMPONENTS[@name=''AddressTextBlock'']"</span><span class="pln"> </span><span class="tag" style="color: rgb(0, 0, 136); ">/&gt;</span></pre><p style="line-height: 1.25em; max-width: 64em; font-family: arial, sans-serif; font-size: 13px; ">Заходим на сайт админом нажимаем редактирование, и вуаля, мы можем редактировать новый блок.</p><p style="line-height: 1.25em; max-width: 64em; font-family: arial, sans-serif; font-size: 13px; ">Для вставки кодов счетчиков жмем кнопку "&lt;&gt;" и вставляем код. Сохраняем и ничего больше не трогая выходим из режима редактирования.</p><pre class="prettyprint" style="font-size: 12px; padding-top: 0.5em; padding-right: 0.5em; padding-bottom: 0.5em; padding-left: 0.5em; overflow-x: auto; overflow-y: auto; font-family: Monaco, ''DejaVu Sans Mono'', ''Bitstream Vera Sans Mono'', ''Lucida Console'', monospace; max-width: 70em; background-color: rgb(238, 238, 238); "><span class="pun" style="color: rgb(102, 102, 0); ">Но</span><span class="pln"> </span><span class="pun" style="color: rgb(102, 102, 0); ">тут,</span><span class="pln"> </span><span class="pun" style="color: rgb(102, 102, 0); ">как</span><span class="pln"> </span><span class="pun" style="color: rgb(102, 102, 0); ">оказалось,</span><span class="pln"> </span><span class="pun" style="color: rgb(102, 102, 0); ">есть</span><span class="pln"> </span><span class="pun" style="color: rgb(102, 102, 0); ">тонкость</span><span class="pln"> </span><span class="pun" style="color: rgb(102, 102, 0); ">в</span><span class="pln"> </span><span class="pun" style="color: rgb(102, 102, 0); ">чистке</span><span class="pln"> </span><span class="pun" style="color: rgb(102, 102, 0); ">кода:</span><span class="pln"><br></span><span class="pun" style="color: rgb(102, 102, 0); ">в</span><span class="pln"> </span><span class="pun" style="color: rgb(102, 102, 0); ">файле</span><span class="pln"> </span><span class="pun" style="color: rgb(102, 102, 0); ">\\</span><span class="pln">core</span><span class="pun" style="color: rgb(102, 102, 0); ">\\</span><span class="pln">modules</span><span class="pun" style="color: rgb(102, 102, 0); ">\\</span><span class="pln">share</span><span class="pun" style="color: rgb(102, 102, 0); ">\\</span><span class="pln">components</span><span class="pun" style="color: rgb(102, 102, 0); ">\\</span><span class="typ" style="color: rgb(102, 0, 102); ">DataSet</span><span class="pun" style="color: rgb(102, 102, 0); ">.</span><span class="kwd" style="color: rgb(0, 0, 136); ">class</span><span class="pun" style="color: rgb(102, 102, 0); ">.</span><span class="pln">php <br></span><span class="pun" style="color: rgb(102, 102, 0); ">есть</span><span class="pln"> </span><span class="pun" style="color: rgb(102, 102, 0); ">резалка</span><span class="pln"> </span><span class="pun" style="color: rgb(102, 102, 0); ">тегов</span><span class="pln"> </span><span class="pun" style="color: rgb(102, 102, 0); ">при</span><span class="pln"> </span><span class="pun" style="color: rgb(102, 102, 0); ">помощи</span><span class="pln"> tidy </span><span class="pun" style="color: rgb(102, 102, 0); ">и</span><span class="pln"> </span><span class="typ" style="color: rgb(102, 0, 102); ">Jevix</span><span class="pun" style="color: rgb(102, 102, 0); ">,</span><span class="pln"> </span><span class="pun" style="color: rgb(102, 102, 0); ">я</span><span class="pln"> </span><span class="pun" style="color: rgb(102, 102, 0); ">это</span><span class="pln"> </span><span class="pun" style="color: rgb(102, 102, 0); ">у</span><span class="pln"> </span><span class="pun" style="color: rgb(102, 102, 0); ">себя</span><span class="pln"> </span><span class="pun" style="color: rgb(102, 102, 0); ">всегда</span><span class="pln"> <br></span><span class="pun" style="color: rgb(102, 102, 0); ">правил,</span><span class="pln"> </span><span class="pun" style="color: rgb(102, 102, 0); ">если</span><span class="pln"> </span><span class="pun" style="color: rgb(102, 102, 0); ">для</span><span class="pln"> </span><span class="pun" style="color: rgb(102, 102, 0); ">себя</span><span class="pln"> </span><span class="pun" style="color: rgb(102, 102, 0); ">то</span><span class="pln"> </span><span class="pun" style="color: rgb(102, 102, 0); ">вообще</span><span class="pln"> </span><span class="pun" style="color: rgb(102, 102, 0); ">убирал.</span><span class="pln"> <br></span><span class="pun" style="color: rgb(102, 102, 0); ">вообще</span><span class="pln"> </span><span class="pun" style="color: rgb(102, 102, 0); ">тут</span><span class="pln"> </span><span class="pun" style="color: rgb(102, 102, 0); ">есть</span><span class="pln"> </span><span class="pun" style="color: rgb(102, 102, 0); ">два</span><span class="pln"> </span><span class="pun" style="color: rgb(102, 102, 0); ">варианта,</span><span class="pln"> </span><span class="pun" style="color: rgb(102, 102, 0); ">точнее</span><span class="pln"> </span><span class="pun" style="color: rgb(102, 102, 0); ">даже</span><span class="pln"> </span><span class="pun" style="color: rgb(102, 102, 0); ">три:</span><span class="pln"> <br></span><span class="lit" style="color: rgb(0, 102, 102); ">1.</span><span class="pln"> </span><span class="pun" style="color: rgb(102, 102, 0); ">при</span><span class="pln"> </span><span class="pun" style="color: rgb(102, 102, 0); ">помощи</span><span class="pln"> phpMyAdmin </span><span class="pun" style="color: rgb(102, 102, 0); ">в</span><span class="pln"> </span><span class="pun" style="color: rgb(102, 102, 0); ">базе</span><span class="pln"> </span><span class="pun" style="color: rgb(102, 102, 0); ">данных</span><span class="pln"> </span><span class="pun" style="color: rgb(102, 102, 0); ">добавить</span><span class="pln"> </span><span class="pun" style="color: rgb(102, 102, 0); ">в</span><span class="pln"> </span><span class="pun" style="color: rgb(102, 102, 0); ">текстовое</span><span class="pln"> </span><span class="pun" style="color: rgb(102, 102, 0); ">поле</span><span class="pln"> <br></span><span class="pun" style="color: rgb(102, 102, 0); ">вручную</span><span class="pln"> </span><span class="pun" style="color: rgb(102, 102, 0); ">код</span><span class="pln"> <br></span><span class="lit" style="color: rgb(0, 102, 102); ">2.</span><span class="pln"> </span><span class="pun" style="color: rgb(102, 102, 0); ">убрать</span><span class="pln"> </span><span class="pun" style="color: rgb(102, 102, 0); ">проверку\\резалку</span><span class="pln"> </span><span class="pun" style="color: rgb(102, 102, 0); ">тегов</span><span class="pln"> </span><span class="pun" style="color: rgb(102, 102, 0); ">вообще</span><span class="pln"> </span><span class="pun" style="color: rgb(102, 102, 0); ">убрав</span><span class="pln"> </span><span class="pun" style="color: rgb(102, 102, 0); ">в</span><span class="pln"> </span><span class="pun" style="color: rgb(102, 102, 0); ">классе</span><span class="pln"> cleanupHTML </span><span class="pun" style="color: rgb(102, 102, 0); ">все</span><span class="pln"> <br></span><span class="pun" style="color: rgb(102, 102, 0); ">тело</span><span class="pln"> </span><span class="pun" style="color: rgb(102, 102, 0); ">(лучше</span><span class="pln"> </span><span class="pun" style="color: rgb(102, 102, 0); ">закоментировать</span><span class="pln"> </span><span class="pun" style="color: rgb(102, 102, 0); ">при</span><span class="pln"> </span><span class="pun" style="color: rgb(102, 102, 0); ">помощи</span><span class="pln"> </span><span class="pun" style="color: rgb(102, 102, 0); ">\\****</span><span class="pln"> </span><span class="pun" style="color: rgb(102, 102, 0); ">....</span><span class="pln"> </span><span class="pun" style="color: rgb(102, 102, 0); ">****\\оставив</span><span class="pln"> </span><span class="pun" style="color: rgb(102, 102, 0); ">только</span><span class="pln"> </span><span class="pun" style="color: rgb(102, 102, 0); ">строчку</span><span class="pln"> </span><span class="kwd" style="color: rgb(0, 0, 136); ">return</span><span class="pln"> $data</span><span class="pun" style="color: rgb(102, 102, 0); ">;</span><span class="pln"> <br></span><span class="lit" style="color: rgb(0, 102, 102); ">3.</span><span class="pln"> </span><span class="pun" style="color: rgb(102, 102, 0); ">попробывать</span><span class="pln"> </span><span class="pun" style="color: rgb(102, 102, 0); ">добавить</span><span class="pln"> </span><span class="pun" style="color: rgb(102, 102, 0); ">нужные</span><span class="pln"> </span><span class="pun" style="color: rgb(102, 102, 0); ">теги</span><span class="pln"> </span><span class="pun" style="color: rgb(102, 102, 0); ">в</span><span class="pln"> </span><span class="pun" style="color: rgb(102, 102, 0); ">массиве</span><span class="pln"> $allowedTags</span></pre>\n                  ');

-- --------------------------------------------------------

--
-- Структура таблицы `share_uploads`
--

CREATE TABLE IF NOT EXISTS `share_uploads` (
  `upl_id` int(10) unsigned NOT NULL AUTO_INCREMENT,
  `upl_pid` int(10) unsigned DEFAULT NULL COMMENT 'родительский идентификатор',
  `upl_childs_count` int(10) unsigned DEFAULT NULL COMMENT 'количество наследников, 0 - могут быть[но сейчас нет, пустая папка ], NULL - не может быть вообще',
  `upl_path` varchar(250) NOT NULL COMMENT 'уникальный полный путь к файлу',
  `upl_filename` varchar(255) NOT NULL COMMENT 'реальное имя файла',
  `upl_name` varchar(250) NOT NULL COMMENT 'имя файла с расширением, с этим именем файл отдается при скачивании',
  `upl_title` varchar(250) NOT NULL DEFAULT '' COMMENT 'то как файл выводится в репозитории и в alt-ах',
  `upl_description` text,
  `upl_publication_date` date DEFAULT NULL,
  `upl_data` text,
  `upl_views` bigint(20) NOT NULL DEFAULT '0',
  `upl_internal_type` char(20) DEFAULT NULL,
  `upl_mime_type` char(50) DEFAULT NULL,
  `upl_width` int(10) unsigned DEFAULT NULL,
  `upl_height` int(10) unsigned DEFAULT NULL,
  `upl_is_ready` tinyint(1) DEFAULT '1',
  `upl_duration` time DEFAULT NULL,
  `upl_is_active` int(10) unsigned DEFAULT '1',
  PRIMARY KEY (`upl_id`),
  UNIQUE KEY `upl_path` (`upl_path`),
  KEY `upl_views` (`upl_views`),
  KEY `upl_is_ready` (`upl_is_ready`),
  KEY `upl_publication_date_index` (`upl_publication_date`),
  KEY `abc` (`upl_id`,`upl_is_ready`,`upl_views`),
  KEY `upl_pid` (`upl_pid`),
  KEY `upl_childs_count` (`upl_childs_count`),
  KEY `upl_filename` (`upl_filename`),
  KEY `upl_is_active` (`upl_is_active`)
) ENGINE=InnoDB  DEFAULT CHARSET=utf8 AUTO_INCREMENT=15 ;

--
-- Дамп данных таблицы `share_uploads`
--

INSERT INTO `share_uploads` (`upl_id`, `upl_pid`, `upl_childs_count`, `upl_path`, `upl_filename`, `upl_name`, `upl_title`, `upl_description`, `upl_publication_date`, `upl_data`, `upl_views`, `upl_internal_type`, `upl_mime_type`, `upl_width`, `upl_height`, `upl_is_ready`, `upl_duration`, `upl_is_active`) VALUES
(1, NULL, NULL, 'uploads/public', 'uploads', 'uploads', 'Файлы', NULL, NULL, NULL, 0, 'repo', NULL, NULL, NULL, 1, NULL, 1),
(12, 1, 0, 'uploads/public/books/', 'books', 'books', 'books', NULL, NULL, NULL, 0, 'folder', 'unknown/mime-type', NULL, NULL, 1, NULL, 1),
(13, 12, NULL, 'uploads/public/books//13360254041874.pdf', '13360254041874.pdf', 'catalog.pdf', 'catalog', NULL, '2012-05-03', NULL, 0, 'unknown', 'application/pdf', 0, 0, 1, NULL, 1),
(14, 12, NULL, 'uploads/public/books//13360254225459.png', '13360254225459.png', 'gerb.png', 'gerb', NULL, '2012-05-03', NULL, 0, 'image', 'image/png', 841, 785, 1, NULL, 1);

-- --------------------------------------------------------

--
-- Структура таблицы `share_uploads_tags`
--

CREATE TABLE IF NOT EXISTS `share_uploads_tags` (
  `upl_id` int(10) unsigned NOT NULL,
  `tag_id` int(10) unsigned NOT NULL,
  PRIMARY KEY (`upl_id`,`tag_id`),
  KEY `tag_id` (`tag_id`)
) ENGINE=InnoDB DEFAULT CHARSET=utf8;

--
-- Дамп данных таблицы `share_uploads_tags`
--


-- --------------------------------------------------------

--
-- Структура таблицы `share_widgets`
--

CREATE TABLE IF NOT EXISTS `share_widgets` (
  `widget_id` int(10) unsigned NOT NULL AUTO_INCREMENT,
  `widget_name` varchar(250) NOT NULL,
  `widget_xml` text NOT NULL,
  `widget_icon_img` varchar(250) DEFAULT NULL,
  PRIMARY KEY (`widget_id`)
) ENGINE=InnoDB  DEFAULT CHARSET=utf8 AUTO_INCREMENT=3 ;

--
-- Дамп данных таблицы `share_widgets`
--

INSERT INTO `share_widgets` (`widget_id`, `widget_name`, `widget_xml`, `widget_icon_img`) VALUES
(1, 'Текстовый блок', '<container name="customTextBlockContainer" block="beta" widget="widget">\n    <component name="customTextBlock" module="share" class="TextBlock">\n        <params>\n            <param name="title">TXT_NEW_TEXTBLOCK</param>\n            <param name="num">customTextBlock</param>\n        </params>\n    </component>\n</container>', NULL),
(2, 'Видео', '<container name="videoContainer" block="beta" widget="widget">\n<component name="shortEpisode" module="trku" class="TRKUEpisodeFeed">\n                <params>\n                    <param name="title" type="string">TXT_SHORT_EPISODES</param>\n                    <param name="limit" type="hidden">5</param>\n                    <param name="showAll">1</param>\n                    <param name="active" type="hidden">0</param>\n                    <param name="template">video</param>\n                    <param name="config" type="hidden">core/modules/trku/config/TRKUEpisodeBlock.component.xml</param>\n                </params>\n            </component>\n</container>', NULL);

-- --------------------------------------------------------

--
-- Структура таблицы `user_ban_ips`
--

CREATE TABLE IF NOT EXISTS `user_ban_ips` (
  `ban_ip_id` int(10) unsigned NOT NULL AUTO_INCREMENT,
  `ban_ip` int(4) unsigned NOT NULL,
  `ban_ip_end_date` date NOT NULL,
  PRIMARY KEY (`ban_ip_id`),
  UNIQUE KEY `i_ban_ip_uniq` (`ban_ip`),
  KEY `i_ban_ip_end_date` (`ban_ip_end_date`)
) ENGINE=InnoDB DEFAULT CHARSET=utf8 AUTO_INCREMENT=1 ;

--
-- Дамп данных таблицы `user_ban_ips`
--


-- --------------------------------------------------------

--
-- Структура таблицы `user_fb_storage`
--

CREATE TABLE IF NOT EXISTS `user_fb_storage` (
  `var_name` char(50) NOT NULL,
  `var_value` varchar(255) NOT NULL,
  PRIMARY KEY (`var_name`)
) ENGINE=MyISAM DEFAULT CHARSET=utf8;

--
-- Дамп данных таблицы `user_fb_storage`
--

INSERT INTO `user_fb_storage` (`var_name`, `var_value`) VALUES
('fb_304985586198378_user_id', '100001781608285'),
('fb_304985586198378_code', 'AQBHAoKm7WalycqmfTc023ez-tQWJAnuoHuvS-OaG1PQlTtfHfHXlX4IEI37Lp0uqHp5qCSZHCh6FYDhhsglOS9h_24C2O14GmDURrJeNQg4Z16Ol6vr9w5yFjXM5Db-_9TQneBVLpnfp6RL0H3eG_2oDGHB-sUqeYvqW9zdjVYkp8aJh6eul_50DyNttwG54rCdwFr5GbkuXvA6bSHTjszW'),
('fb_304985586198378_access_token', 'AAAEVYf2G52oBAF3T80d3oLhZA4eAKaR1qZA2aZCDfqlSkZBC2JoOXQYyKTS3IBq4au8KULfzG6JIZBEvyZC4iKlZB2Gwj8QkgKv3LFZA20ZA8QwPmZAPnpTaHg');

-- --------------------------------------------------------

--
-- Структура таблицы `user_groups`
--

CREATE TABLE IF NOT EXISTS `user_groups` (
  `group_id` int(10) unsigned NOT NULL AUTO_INCREMENT,
  `group_name` char(50) NOT NULL DEFAULT '',
  `group_default` tinyint(1) NOT NULL DEFAULT '0',
  `group_user_default` tinyint(1) NOT NULL DEFAULT '0',
  PRIMARY KEY (`group_id`),
  KEY `group_default` (`group_default`)
) ENGINE=InnoDB  DEFAULT CHARSET=utf8 AUTO_INCREMENT=5 ;

--
-- Дамп данных таблицы `user_groups`
--

INSERT INTO `user_groups` (`group_id`, `group_name`, `group_default`, `group_user_default`) VALUES
(1, 'Администратор', 0, 0),
(3, 'Гость', 1, 0),
(4, 'Пользователь', 0, 1);

-- --------------------------------------------------------

--
-- Структура таблицы `user_group_rights`
--

CREATE TABLE IF NOT EXISTS `user_group_rights` (
  `right_id` int(10) unsigned NOT NULL AUTO_INCREMENT,
  `right_name` char(20) NOT NULL DEFAULT '',
  `right_const` char(20) NOT NULL DEFAULT '',
  PRIMARY KEY (`right_id`)
) ENGINE=InnoDB  DEFAULT CHARSET=utf8 AUTO_INCREMENT=4 ;

--
-- Дамп данных таблицы `user_group_rights`
--

INSERT INTO `user_group_rights` (`right_id`, `right_name`, `right_const`) VALUES
(1, 'Read only', 'ACCESS_READ'),
(2, 'Edit', 'ACCESS_EDIT'),
(3, 'Full control', 'ACCESS_FULL');

-- --------------------------------------------------------

--
-- Структура таблицы `user_users`
--

CREATE TABLE IF NOT EXISTS `user_users` (
  `u_id` int(10) unsigned NOT NULL AUTO_INCREMENT,
  `u_fbid` char(25) DEFAULT NULL,
  `u_vkid` char(25) DEFAULT NULL,
  `u_name` varchar(50) NOT NULL DEFAULT '',
  `u_phone` varchar(100) DEFAULT NULL,
  `u_password` varchar(40) NOT NULL DEFAULT '',
  `u_is_active` tinyint(1) NOT NULL DEFAULT '1',
  `u_fullname` varchar(250) NOT NULL,
  `u_nick` varchar(250) DEFAULT NULL,
  `u_avatar_img` varchar(255) DEFAULT NULL,
  PRIMARY KEY (`u_id`),
  UNIQUE KEY `u_login` (`u_name`),
  UNIQUE KEY `u_fbid` (`u_fbid`)
) ENGINE=InnoDB  DEFAULT CHARSET=utf8 AUTO_INCREMENT=3 ;

--
-- Дамп данных таблицы `user_users`
--

INSERT INTO `user_users` (`u_id`, `u_fbid`, `u_vkid`, `u_name`, `u_phone`, `u_password`, `u_is_active`, `u_fullname`, `u_nick`, `u_avatar_img`) VALUES
(1, NULL, NULL, 'demo@energine.org', NULL, '89e495e7941cf9e40e6980d14a16bf023ccd4c91', 1, 'Admin', 'Admins', NULL),
(2, NULL, NULL, 'supme@ngs.ru', NULL, 'a3bada5502da302186442744fbe9a3dfca79c1a8', 1, 'Алексей', NULL, NULL);

-- --------------------------------------------------------

--
-- Структура таблицы `user_users_ban`
--

CREATE TABLE IF NOT EXISTS `user_users_ban` (
  `u_id` int(10) unsigned NOT NULL,
  `ban_date` date NOT NULL,
  KEY `u_id` (`u_id`),
  KEY `ban_date` (`ban_date`)
) ENGINE=InnoDB DEFAULT CHARSET=utf8;

--
-- Дамп данных таблицы `user_users_ban`
--


-- --------------------------------------------------------

--
-- Структура таблицы `user_user_groups`
--

CREATE TABLE IF NOT EXISTS `user_user_groups` (
  `u_id` int(10) unsigned NOT NULL DEFAULT '0',
  `group_id` int(10) unsigned NOT NULL DEFAULT '0',
  PRIMARY KEY (`u_id`,`group_id`),
  KEY `group_id` (`group_id`)
) ENGINE=InnoDB DEFAULT CHARSET=utf8;

--
-- Дамп данных таблицы `user_user_groups`
--

INSERT INTO `user_user_groups` (`u_id`, `group_id`) VALUES
(1, 1),
(2, 1);

--
-- Ограничения внешнего ключа сохраненных таблиц
--

--
-- Ограничения внешнего ключа таблицы `apps_feed`
--
ALTER TABLE `apps_feed`
  ADD CONSTRAINT `apps_feed_ibfk_1` FOREIGN KEY (`smap_id`) REFERENCES `share_sitemap` (`smap_id`) ON DELETE CASCADE ON UPDATE CASCADE;
